nl,fr
Hartfalen,Insuffisance_cardiaque_chez_l%27humain
Pulmonale_hypertensie,Hypertension_art%C3%A9rielle_pulmonaire
Frank-Starlingmechanisme,Loi_de_Starling
Botziekte_van_Paget,Maladie_osseuse_de_Paget
Medische_diagnose,Diagnostic_(m%C3%A9decine)
Antipsychotica,Neuroleptique
Food_and_Drug_Administration,Food_and_Drug_Administration
Lichaamsgewicht,Masse_corporelle_(anthropom%C3%A9trie)
Cor_pulmonale,C%C5%93ur_pulmonaire
Hartglycosiden,Digitalique
Furosemide,Furos%C3%A9mide
Myocarditis,Myocardite
Harttransplantatie,Transplantation_cardiaque
Multipel_myeloom,My%C3%A9lome
Mitralisstenose,R%C3%A9tr%C3%A9cissement_mitral
Cyanose,Cyanose
Aderlaten,Saign%C3%A9e_(m%C3%A9decine)
Sensitiviteit_en_specificiteit,Sensibilit%C3%A9_et_sp%C3%A9cificit%C3%A9
Johns_Hopkins-universiteit,Universit%C3%A9_Johns-Hopkins
Leverinsuffici%C3%ABntie,Insuffisance_h%C3%A9pato-cellulaire
Auscultatie,Auscultation
Klinisch_teken,Signe_clinique
Hartminuutvolume,D%C3%A9bit_cardiaque
Orgaanfalen,Insuffisance_d%27organe
Thoraxfoto,Radiographie_du_thorax
Syndroom_van_Adams-Stokes,Syndrome_d%27Adams-Stokes
Coca%C3%AFne,Coca%C3%AFne
National_Health_Service,National_Health_Service
Digoxine,Digoxine
Lithiumtherapie,Sel_de_lithium
Gossypol,Gossypol
Medicinale_bloedzuiger,Hirudo_medicinalis
Hart_en_vaatstelsel,Syst%C3%A8me_circulatoire
Tamsulosine,Tamsulosine
Hartritmestoornis,Trouble_du_rythme_cardiaque
Stimulantia,Stimulant
B%C3%A8tablokkers,B%C3%AAta-bloquant
Medisch_hulpmiddel,Dispositif_m%C3%A9dical
Syndroom_(ziektebeeld),Syndrome
Endocard,Endocarde
Ziekte_van_Chagas,Maladie_de_Chagas
Paracelsus,Paracelse
Polsloze_elektrische_activiteit,Dissociation_%C3%A9lectrom%C3%A9canique
Risicofactor,Facteur_de_risque
Tachypnoe,Tachypn%C3%A9e
Brain_natriuretic_peptide,Peptide_c%C3%A9r%C3%A9bral_natriur%C3%A9tique
Geruis_(hart),Souffle_cardiaque
Kleine_bloedsomloop,Circulation_pulmonaire
Rechterventrikelhypertrofie,Hypertrophie_ventriculaire_droite
Kalium,Potassium
Bloedarmoede,An%C3%A9mie
Beademing,Ventilation_m%C3%A9canique_en_m%C3%A9decine
Oedeem,%C5%92d%C3%A8me
Elektrocardiogram,%C3%89lectrocardiographie
Actine,Actine
Ischemische_hartklachten,Maladie_coronarienne
Angiografie,Angiographie
Alcoholische_drank,Boisson_alcoolis%C3%A9e
Fatigue,Fatigue_(physiologie)
Torsade_de_Pointes,Torsades_de_pointe
Boezemfibrilleren,Fibrillation_atriale
Hart-_en_vaatziekten,Maladie_cardiovasculaire
Hyponatri%C3%ABmie,Hyponatr%C3%A9mie
Systemische_lupus_erythematodes,Lupus_%C3%A9ryth%C3%A9mateux_diss%C3%A9min%C3%A9
Drinkwater,Eau_potable
Longoedeem,%C5%92d%C3%A8me_aigu_du_poumon
Monnikskap,Aconitum
Kransslagader,Art%C3%A8re_coronaire
Kwaliteit_van_leven,Qualit%C3%A9_de_vie
Cirrose,Cirrhose
Heiligbeen,Sacrum
Syndroom_van_Andersen-Tawil,Syndrome_d%27Andersen-Tawil
Aids,Syndrome_d%27immunod%C3%A9ficience_acquise
Hippocrates_van_Kos,Hippocrate
Diabetes_mellitus,Diab%C3%A8te_sucr%C3%A9
Mitralisinsuffici%C3%ABntie,Insuffisance_mitrale
Myosine,Myosine
Splenomegalie,Spl%C3%A9nom%C3%A9galie
Vasodilatatie,Vasodilatateur
Toediening,Voie_d%27administration
Slagvolume,Volume_d%27%C3%A9jection_systolique
Pijn_op_de_borst,Douleur_thoracique
Amylo%C3%AFdose,Amylose_(maladie)
Pulmonalisklep,Valve_pulmonaire
Antiaritmica,Antiarythmique
Echocardiografie,%C3%89chocardiographie
Minoxidil,Minoxidil
Vingerhoedskruid_(geslacht),Digitale
Hoest,Toux
Vermagering,Amaigrissement
Acute_respiratory_distress_syndrome,Syndrome_de_d%C3%A9tresse_respiratoire_aigu%C3%AB
Algoritme,Algorithme
Thyreotoxicose,Hyperthyro%C3%AFdie
Longblaasje,Alv%C3%A9ole_pulmonaire
Aorta,Aorte
Ultrageluid,Ultrason
Acuut_coronair_syndroom,Syndrome_coronarien_aigu
Differenti%C3%ABle_telling_van_bloedcellen,H%C3%A9mogramme
Pericard,P%C3%A9ricarde
Bradycardie,Bradycardie
Inotropie,Inotropisme
Diastole_(hart),Diastole
Bloeddruk,Pression_art%C3%A9rielle
Pacemaker,Stimulateur_cardiaque
Hersenoedeem,%C5%92d%C3%A8me_c%C3%A9r%C3%A9bral
Chemotherapie#Klassieke_cytostatica,Agent_chimioth%C3%A9rapeutique
Obesitas,Ob%C3%A9sit%C3%A9
Wilhelm_R%C3%B6ntgen,Wilhelm_R%C3%B6ntgen
Kaliumsparend_diureticum,Diur%C3%A9tique_%C3%A9pargneur_de_potassium
Dieet,Pratique_alimentaire
Cardiologie,Cardiologie
Gedragstherapie,B%C3%A9haviorisme
Angiotensine_II-receptorantagonisten,Antagoniste_des_r%C3%A9cepteurs_de_l%27angiotensine_II
MET-waarde,%C3%89quivalent_m%C3%A9tabolique
Natriumchloride,Chlorure_de_sodium
European_Society_of_Cardiology,Soci%C3%A9t%C3%A9_europ%C3%A9enne_de_cardiologie
Lichamelijk_onderzoek,Examen_clinique
Percutane_coronaire_interventie,Angioplastie_coronaire
Diltiazem,Diltiazem
Anamnese_(medisch),Anamn%C3%A8se_(m%C3%A9decine)
Bundeltakblok,Bloc_de_branche
Opiaten,Opiac%C3%A9
Syfilis,Syphilis
Volmacht_(juridisch),Contrat_de_mandat
Christiaan_Barnard,Christiaan_Barnard
Duizeligheid,%C3%89tourdissement
Ventrikel_(hart),Ventricule_cardiaque
Avicenna,Avicenne
Harttamponnade,Tamponnade_cardiaque
Hartinfarct,Infarctus_du_myocarde
Actiepotentiaal,Potentiel_d%27action
L-type-calciumkanaal,Courant_calcique_de_type_L
ACE-remmers,Inhibiteur_de_l%27enzyme_de_conversion
Stollingsstoornis,Coagulopathie
Papyrus_Ebers,Papyrus_Ebers
MedlinePlus,MedlinePlus
NSAID%27s,Anti-inflammatoire_non_st%C3%A9ro%C3%AFdien
Pleuravocht,%C3%89panchement_pleural
Natrium,Sodium
Implanteerbare_cardioverter-defibrillator,D%C3%A9fibrillateur_automatique_implantable
Bloeddrukregulatie,Syst%C3%A8me_r%C3%A9nine-angiotensine-aldost%C3%A9rone
Hartklep,Valve_cardiaque
Ivabradine,Ivabradine
Klinisch_onderzoek,Essai_clinique
Prostaglandinen,Prostaglandine
Lisdiuretica,Diur%C3%A9tique_de_l%27anse
Aortastenose,St%C3%A9nose_aortique
Palliatieve_zorg,Soins_palliatifs
VO2max,Consommation_maximale_d%27oxyg%C3%A8ne
Encefalopathie,Enc%C3%A9phalopathie
ABCDE-methode,Proc%C3%A9dure_ABCDEF_de_traitement_des_urgences_extrahospitali%C3%A8res
Ayurveda,Ayurveda
Ziekenhuis,H%C3%B4pital
Hypertrofische_obstructieve_cardiomyopathie,Cardiomyopathie_hypertrophique
Alternatieve_geneeswijze,M%C3%A9decine_non_conventionnelle
Pregabaline,Pr%C3%A9gabaline
Lelietje-van-dalen,Muguet_de_mai
Aorta-insuffici%C3%ABntie,Insuffisance_aortique
Medisch_specialisme,Sp%C3%A9cialit%C3%A9_m%C3%A9dicale
Tricyclische_antidepressiva,Antid%C3%A9presseur_tricyclique
International_Statistical_Classification_of_Diseases_and_Related_Health_Problems,Classification_internationale_des_maladies
Hypertensie,Hypertension_art%C3%A9rielle
Kanker,Cancer
Bloedvat,Vaisseau_sanguin
Linkerventrikelhypertrofie,Hypertrophie_ventriculaire_gauche
Systole_(hart),Systole
Tricuspidalisklep,Valve_tricuspide
Fibrose,Fibrose
Longontsteking,Pneumonie_aigu%C3%AB
Endocarditis,Endocardite
Hydralazine,Hydralazine
Diureticum,Diur%C3%A9tique
Traditionele_Chinese_geneeskunde,M%C3%A9decine_traditionnelle_chinoise
Histopathologie,Histopathologie
Medical_Subject_Headings,Medical_Subject_Headings
Hartstilstand,Arr%C3%AAt_cardiorespiratoire
William_Harvey,William_Harvey
Calciumantagonisten,Inhibiteur_calcique
Autopsie,Autopsie
Staalpillen,Fer_(m%C3%A9dicament)
Aortaklep,Valve_aortique
Nierfalen,Insuffisance_r%C3%A9nale
Antihypertensiva,Antihypertenseur
Lood_(element),Plomb
Mitralisklep,Valve_mitrale
Long_(orgaan),Poumon
Ascites_(medisch),Ascite
Canule_(medisch_instrument),Canule
Hepatomegalie,H%C3%A9patom%C3%A9galie
Cyclofosfamide,Cyclophosphamide
Hart,C%C5%93ur
William_Withering,William_Withering
Differenti%C3%ABle_diagnose,Diagnostic_diff%C3%A9rentiel
Luchtpijpvertakking,Bronche
Nycturie,Nycturie
Nefrotisch_syndroom,Syndrome_n%C3%A9phrotique
Methylfenidaat,M%C3%A9thylph%C3%A9nidate
Zoethout,R%C3%A9glisse
Benauwdheid,Dyspn%C3%A9e
Kobalt,Cobalt
Angina_pectoris,Angine_de_poitrine
Infectie,Infection
TNF-alfa-remmers,Inhibiteur_du_TNF
Therapie,Traitement_(m%C3%A9decine)
Humores,Th%C3%A9orie_des_humeurs
Methamfetamine,M%C3%A9thamph%C3%A9tamine
Yohimbine,Yohimbine
Lichaamsbeweging,Fitness
Itraconazol,Itraconazole
American_Heart_Association,American_Heart_Association
Overbruggingsoperatie,Pontage_coronarien
Spiercontractie,Contraction_musculaire
Thiamine,Vitamine_B1
Arterioveneuze_malformatie,Malformation_art%C3%A9rioveineuse
C-reactief_prote%C3%AFne,Prot%C3%A9ine_C_r%C3%A9active
Gouden_standaard_(geneeskunde),Gold_standard_(test)
Ventrikelfibrilleren,Fibrillation_ventriculaire
Spontane_dissectie_van_de_kransslagader,Dissection_de_l%27art%C3%A8re_coronaire
Stoppen_met_roken,Sevrage_tabagique
COPD,Bronchopneumopathie_chronique_obstructive
Bloedonderzoek,Bilan_sanguin
Hersenbloeding,H%C3%A9morragie_c%C3%A9r%C3%A9brale
Lange-QT-syndroom,Syndrome_du_QT_long
Respiratoire_insuffici%C3%ABntie,Insuffisance_respiratoire
Salbutamol,Salbutamol
Orthopneu,Orthopn%C3%A9e
Willem_Einthoven,Willem_Einthoven
Pericarditis_constrictiva,P%C3%A9ricardite_constrictive
Pericarditis,P%C3%A9ricardite
Hospice,Hospice
Verapamil,V%C3%A9rapamil
Alcoholisme,Alcoolisme
Ischemie,Isch%C3%A9mie
Anagrelide,Anagr%C3%A9lide
Stamceltherapie,Cellule_souche_(m%C3%A9decine)
Geneesmiddel,M%C3%A9dicament
R%C3%B6ntgenstraling,Rayon_X
Tachycardie,Tachycardie
Preventieve_gezondheidszorg,M%C3%A9decine_pr%C3%A9ventive
Katheter,Cath%C3%A9ter
Ren%C3%A9_Laennec,Ren%C3%A9_Laennec
Levensverwachting,Esp%C3%A9rance_de_vie_humaine
Tricuspidalisinsuffici%C3%ABntie,Insuffisance_tricuspide
Antidiuretisch_hormoon,Vasopressine
Menopauze,M%C3%A9nopause
Elektrolyt,%C3%89lectrolyte
Cardiomyopathie,Cardiomyopathie
Spironolacton,Spironolactone
Acuut_reuma,Rhumatisme_articulaire_aigu
Ketamine,K%C3%A9tamine
Syndroom_van_Wolff-Parkinson-White,Syndrome_de_Wolff-Parkinson-White
Rifampicine,Rifampicine
Bronchitis,Bronchite
Elektromagnetisme,%C3%89lectromagn%C3%A9tisme
Hypofyse,Hypophyse
Parasitisme,Parasitisme
Immunoglobuline_A,Immunoglobuline_A
Ernst_Chladni,Ernst_Chladni
Ongewervelden,Invert%C3%A9br%C3%A9
Tadzjikistan,Tadjikistan
Lood(IV)acetaat,Ac%C3%A9tate_de_plomb(IV)
Arno_Allan_Penzias,Arno_Allan_Penzias
Polychondritis_recidivans,Polychondrite_atrophiante
Idiopathische_pulmonale_fibrose,Fibrose_pulmonaire_idiopathique
Subliminale_boodschap,Message_subliminal
Polyvinylchloride,Polychlorure_de_vinyle
Natalizumab,Natalizumab
George_Wells_Beadle,George_Wells_Beadle
Di%C3%ABtist,Di%C3%A9t%C3%A9ticien
Pus,Pus
Waan,D%C3%A9lire
Praxiteles,Praxit%C3%A8le
Orthopedie,Orthop%C3%A9die
Sociale_ongelijkheid,In%C3%A9galit%C3%A9_sociale
Staphylococcus_epidermidis,Staphylococcus_epidermidis
Meercellig_organisme,Organisme_multicellulaire
Semarang_(stad),Semarang
Zeestroom,Courant_marin
Begrijpen,Compr%C3%A9hension
Afro-Amerikanen,Afro-Am%C3%A9ricains
Johannes_Oecolampadius,Jean_%C5%92colampade
Grog,Grog
Pens,Panse
Riboflavine,Riboflavine
United_States_Department_of_Agriculture,D%C3%A9partement_de_l%27Agriculture_des_%C3%89tats-Unis
Arteria_sacralis_mediana,Art%C3%A8re_sacrale_m%C3%A9diane
Lansoprazol,Lansoprazole
Abu_Dawud,Abou_Dawoud
Schimmels,Fungi
Voorjaarsadonis,Adonis_de_printemps
Mystiek,Mystique
Lijst_van_Griekse_goden,Liste_des_divinit%C3%A9s_de_la_mythologie_grecque
Spiercel,Myocyte
Antacida,Antiacide
Carnegie_Mellon_University,Universit%C3%A9_Carnegie-Mellon
Antimycoticum,Antimycosique
Parti%C3%ABle_functie,Fonction_partielle
Medisch_toerisme,Tourisme_m%C3%A9dical
Vivisectie,Vivisection
Zuclopentixol,Zuclopenthixol
Computertomografie,Tomodensitom%C3%A9trie
Immigratie,Immigration
Lood(II)bromide,Bromure_de_plomb(II)
Universiteit_van_Oxford,Universit%C3%A9_d%27Oxford
Salzburg_(stad),Salzbourg
Infrarood,Infrarouge
Shandy,Panach%C3%A9
Babyloni%C3%AB,Babylone_(civilisation)
Parenchym_(zo%C3%B6logie),Parenchyme
Schildklier,Glande_thyro%C3%AFde
Mantelzorg,Aidant_naturel
Dyschezie,D%C3%A9f%C3%A9cation_obstru%C3%A9e
Nefron,N%C3%A9phron
Daniel_Coit_Gilman,Daniel_Coit_Gilman
Koken_(verdamping),%C3%89bullition
Eukaryoten,Eukaryota
Universiteit_van_Virginia,Universit%C3%A9_de_Virginie
Farmacodynamiek,Pharmacodynamique
Alfachloralose,Chloralose
TNT-equivalent,%C3%89quivalent_en_TNT
Hirsutisme,Hirsutisme
Medische_fout,Accident_m%C3%A9dical
Hersenvliezen,M%C3%A9ninges
Neurohypofyse,Neurohypophyse
Endotracheale_tube,Sonde_d%27intubation_endotrach%C3%A9ale
Relatief_risico,Risque_relatif
Fibrinolyse,Fibrinolyse
Bot_(anatomie),Os
Wervel_(anatomie),Vert%C3%A8bre
Radiotherapie,Radioth%C3%A9rapie
Corpus_geniculatum_laterale,Corps_g%C3%A9nicul%C3%A9_lat%C3%A9ral
R%C3%B6ntgenfoto,Radiographie
Lymfoedeem,Lymph%C5%93d%C3%A8me
Ruimte_(astronomie),Espace_(cosmologie)
Papier,Papier
Choline,Choline
Delische_Bond,Ligue_de_D%C3%A9los
Virus_(biologie),Virus
Teseo_Tesei,Teseo_Tesei
Hipocras,Hypocras
Blaaskatheterisatie,Sondage_v%C3%A9sical
Condoom,Pr%C3%A9servatif
Cyclo-oxygenase,Cyclooxyg%C3%A9nase
Binnenmilieu,Qualit%C3%A9_de_l%27air_int%C3%A9rieur
Harold_Warris_Thompson,Harold_Warris_Thompson
Cholesterol,Cholest%C3%A9rol
Pedro_Duque,Pedro_Duque
Natriumkanaal,Canal_sodium
Prote%C3%AFnesubeenheid,Sous-unit%C3%A9_prot%C3%A9ique
Erytropo%C3%ABtine,%C3%89rythropo%C3%AF%C3%A9tine
Centers_for_Disease_Control_and_Prevention,Centres_pour_le_contr%C3%B4le_et_la_pr%C3%A9vention_des_maladies
Klierkoorts,Mononucl%C3%A9ose_infectieuse
Straalmotor,Moteur_%C3%A0_r%C3%A9action
Doxycycline,Doxycycline
Loganiaceae,Loganiaceae
Allotropie,Allotropie
Kelvin_(eenheid),Kelvin
Howell-Jolly-lichaampje,Corps_de_Howell-Jolly
IJzer(III)chloride,Chlorure_de_fer(III)
Amblygoniet,Amblygonite
Virusziekte,Maladie_virale
Ex_vivo,Ex_vivo
Blad,Feuille
Allergie,Allergie
Hersenzenuw,Nerf_cr%C3%A2nien
Elastiekje,%C3%89lastique
Urologie,Urologie
Psoriasis,Psoriasis
Perzikkruiduil,Melanchra_persicariae
Romeinse_Republiek,R%C3%A9publique_romaine
Otto_Heinrich_Warburg,Otto_Heinrich_Warburg
Nucleaire_geneeskunde,M%C3%A9decine_nucl%C3%A9aire
Liter,Litre
Nutrien,Nutrien
Suda,Souda
Italiaans,Italien
Biofilm,Biofilm
Ziekte,Maladie
Citrus_(geslacht),Citrus
Ivacaftor,Ivacaftor
Dicaearchus_van_Messana,Dic%C3%A9arque
Alkali,Alcali
Boor_(gereedschap),Foret
Sting_(artiest),Sting
Atheromatose,Ath%C3%A9roscl%C3%A9rose
Lymfangioleiomyomatose,Lymphangiol%C3%A9iomyomatose
Optische_rotatie,Pouvoir_rotatoire
Hertogdom_Zwaben,Duch%C3%A9_de_Souabe
Transcriptiefactor,Facteur_de_transcription
Iberisch_Schiereiland,P%C3%A9ninsule_Ib%C3%A9rique
Ziekte_van_Scheuermann,Maladie_de_Scheuermann
Ademlucht,Gaz_respiratoire
Vitamine_C,Vitamine_C
Octopus_(duiksport),D%C3%A9tendeur_de_plong%C3%A9e
Nitrox,Nitrox
Erasistratos,%C3%89rasistrate
Henri_Louis_Duhamel_du_Monceau,Henri_Louis_Duhamel_du_Monceau
Filicudi,Filicudi
Vingerkootje,Phalange_(os)
Indicatie_(geneeskunde),Indication_en_m%C3%A9decine
Expectorans,Expectorant
Skeletspier,Muscle_squelettique
Shock,%C3%89tat_de_choc_circulatoire
Opiaatreceptor,R%C3%A9cepteur_opiac%C3%A9
Sprint_(atletiek),Sprint_(athl%C3%A9tisme)
Bijwerking,%C3%89v%C3%A9nement_ind%C3%A9sirable_m%C3%A9dicamenteux
Infuus,Perfusion_intraveineuse
Nisa_(Turkmenistan),Nisa_(Turkm%C3%A9nistan)
Zwangerschap,Grossesse
Gerandomiseerd_onderzoek_met_controlegroep,Essai_randomis%C3%A9_contr%C3%B4l%C3%A9
George_Washington,George_Washington
Transmissie_(straling),Transmittance
Neptunium,Neptunium
Anemie_van_Fanconi,An%C3%A9mie_de_Fanconi
Trend_(statistiek),Ajustement_affine
Agonist_(biochemie),Agoniste_(biochimie)
Duikerklok,Cloche_de_plong%C3%A9e
Alchemie,Alchimie
Recursie,R%C3%A9cursivit%C3%A9
Normaalwaarde,Valeurs_de_r%C3%A9f%C3%A9rence_pour_les_principaux_tests_biologiques
Superph%C3%A9nix,Superph%C3%A9nix
Elektrische_schok,%C3%89lectrisation_(sant%C3%A9)
Bloedtransfusie,Transfusion_sanguine
Ziekte_van_Von_Recklinghausen,Neurofibromatose_de_type_I
Hoogte,Altitude
Hartchirurgie,Chirurgie_cardiaque
Diastereomeer,Diast%C3%A9r%C3%A9oisom%C3%A9rie
Ademhalingscentrum,Centre_respiratoire
Oviparie,Oviparit%C3%A9
Dimethyltryptamine,Dim%C3%A9thyltryptamine
Buikgriep,Gastro-ent%C3%A9rite
Oppervlakteafvoer,Ruissellement
Fixed_drug_eruption,%C3%89ryth%C3%A8me_pigment%C3%A9_fixe
Kinderchirurgie,Chirurgie_p%C3%A9diatrique
Leon_Cooper,Leon_Neil_Cooper
Scherpe_boterbloem,Renoncule_%C3%A2cre
Angiotensine,Angiotensine
Paracriene_uitscheiding,Paracrine
Gynaecologie,Gyn%C3%A9cologie
Circadiaan_ritme,Rythme_circadien
Concentratie_(oplossing),Concentration_(op%C3%A9ration_chimique)
Spinnenwebvlies,Arachno%C3%AFde
Risedroninezuur,Acide_ris%C3%A9dronique
Chersonesos_(Krim),Cherson%C3%A8se_(ville)
Hereditaire_spastische_paraparese,Parapl%C3%A9gie_spastique_familiale
San_Francisco-Oakland_Bay_Bridge,Bay_Bridge
Behaviorisme,B%C3%A9haviorisme
Diepveneuze_trombose,Thrombose_veineuse_profonde
Jupiter_(mythologie),Jupiter_(mythologie)
Whisky,Whisky
Wolfraamcarbide,Carbure_de_tungst%C3%A8ne
Zuidelijk_Min,Minnan
Natriumjodide,Iodure_de_sodium
Onderhuids_weefsel,Hypoderme_(peau)
Sumer,Sumer
Antioxidant,Antioxydant
Amandelboom,Amandier
Fibronectine,Fibronectine
Medisch_dossier,Dossier_m%C3%A9dical
Loodgekoelde_reactor,R%C3%A9acteur_nucl%C3%A9aire_rapide_%C3%A0_caloporteur_plomb
Weekdieren,Mollusca
Memantine,M%C3%A9mantine
Persoonlijkheidsstoornis,Trouble_de_la_personnalit%C3%A9
Adrenogenitaal_syndroom,Hyperplasie_cong%C3%A9nitale_des_surr%C3%A9nales
Normocytaire_anemie,Normocytaire
British_Library,British_Library
Longtransplantatie,Transplantation_pulmonaire
Vaticaanstad,Vatican
Reflex_(biologie),R%C3%A9flexe
Ellepijpslagader,Art%C3%A8re_ulnaire
Klaproos,Pavot
Glucosurie,Glycosurie
Routledge_(uitgeverij),Routledge
Evidence-based_medicine,M%C3%A9decine_fond%C3%A9e_sur_les_faits
Ada_Lovelace,Ada_Lovelace
Holocaustontkenning,N%C3%A9gation_de_la_Shoah
Defibrillatie,D%C3%A9fibrillation
Scriptie,Th%C3%A8se
Datura,Datura
Medische_microbiologie,Microbiologie_m%C3%A9dicale
Haptoglobine,Haptoglobine
Pekel,Saumure
Meetkundig_gemiddelde,Moyenne_g%C3%A9om%C3%A9trique
Operatiekamer,Salle_d%27op%C3%A9ration
Spreidingsdiagram,Nuage_de_points_(statistique)
Thinner_(oplosmiddel),Diluant_%C3%A0_peinture
Cab_Calloway,Cab_Calloway
Za%27atar,Zaatar
Geneeskunde,M%C3%A9decine
Intraossale_infusie,Injection_intraosseuse
Optische_coherentietomografie,Tomographie_en_coh%C3%A9rence_optique
Michael_Pupin,Michael_Idvorsky_Pupin
Hoornlaag,Stratum_corneum
Conotoxine,Conotoxine
Spoelworm,Ascaris_(parasite)
Atrofische_vaginitis,Vulvo-vaginite_atrophique
Epitheel,%C3%89pith%C3%A9lium
Polymeer,Polym%C3%A8re
Prevalentie,Pr%C3%A9valence
Actuaris,Actuaire
Syndroom_van_Ehlers-Danlos,Syndrome_d%27Ehlers-Danlos
Haecceitas,Ecc%C3%A9it%C3%A9
Oricum,Oricum
Neurologische_aandoening,Trouble_neurologique
Opportunistische_infectie,Maladie_opportuniste
Verstikking,Asphyxie
Arrested_Development_(televisieserie),Arrested_Development_(s%C3%A9rie_t%C3%A9l%C3%A9vis%C3%A9e)
Firmicutes,Firmicutes
Fosforylering,Phosphorylation
Lithiumoxide,Oxyde_de_lithium
Atlas_(wervel),Atlas_(os)
Al-Farabi,Al-F%C3%A2r%C3%A2b%C3%AE
Reptielen,Reptile
Franse_poedel,Caniche
Menstruatiecup,Coupe_menstruelle
Remstraling,Rayonnement_continu_de_freinage
"Experiment_van_Avery,_MacLeod_en_McCarty","Exp%C3%A9rience_de_Avery,_MacLeod_et_McCarty"
Holle_ader,Veine_cave
Arabische_persoonsnamen,Noms_de_personnes_en_arabe
Dikke_darm,Gros_intestin
Mifepriston,Mif%C3%A9pristone
Vitamine_D,Vitamine_D
Lepidoliet,L%C3%A9pidolite
Yorkshire,Yorkshire
Cochrane_(netwerk),Cochrane_(organisation)
Gentherapie,Th%C3%A9rapie_g%C3%A9nique
Purpura_(aandoening),Purpura
Hydroxyproline,Hydroxyproline
ATC-code_N02,Classe_ATC_N02
Waterfilter,Filtre_%C3%A0_eau
Leptospirose,Leptospirose
Kaliumarsenaat,Ars%C3%A9niate_de_potassium
Chloorpromazine,Chlorpromazine
Rama,R%C4%81ma
Longslagader,Art%C3%A8re_pulmonaire
Luchtpijp,Trach%C3%A9e
Universiteit_van_Aberdeen,Universit%C3%A9_d%27Aberdeen
Zoet_(smaak),Go%C3%BBt_sucr%C3%A9
Dupont_Circle,Rond-point_Dupont
Slaapapneu,Syndrome_d%27apn%C3%A9es_du_sommeil
T-helpercel,Lymphocyte_T_auxiliaire
Ethyleendiaminetetra-azijnzuur,EDTA
Onderzeeboot,Sous-marin
N-acetylaspartaat,Acide_N-ac%C3%A9tylaspartique
Waterpokken,Varicelle
Acetylering,Ac%C3%A9tylation
Bekrachtiging,Renforcement
Truncus_coeliacus,Tronc_c%C5%93liaque
Coeloom,C%C5%93lome
Natrium-ion-accu,Accumulateur_sodium-ion
Rozenkruisers,Rose-Croix
Likelihood_ratio_(epidemiologie),Rapport_de_vraisemblance
Elektronvolt,%C3%89lectronvolt
Raw-foodisme,Crudivorisme
Voorspellende_waarde,Valeur_pr%C3%A9dictive
Transcriptie_(biologie),Transcription_(biologie)
Ultimate_Fighting_Championship,Ultimate_Fighting_Championship
Element_(oudheid),Quatre_%C3%A9l%C3%A9ments
Baruch_Samuel_Blumberg,Baruch_Samuel_Blumberg
Dronkenschap,Ivresse
Bewegingsfysiologie,Physiologie_sportive
Afte,Stomatite_aphteuse
Atrium_(hart),Atrium_(anatomie)
Malaria,Paludisme
Middenrif,Diaphragme_(organe)
Pees_(anatomie),Tendon
MDMA,MDMA
Charit%C3%A9_(Berlijn),H%C3%B4pital_universitaire_de_la_Charit%C3%A9_de_Berlin
D%C3%BCsseldorf,D%C3%BCsseldorf
Zweten,Sueur
Tyramine,Tyramine
Slagader,Art%C3%A8re
Royal_Society,Royal_Society
Gregory_Chaitin,Gregory_Chaitin
Thujon,Thuyone
Fosfaat,Phosphate
Ptolemais_(Cyrenaica),Ptol%C3%A9ma%C3%AFs_(Cyr%C3%A9na%C3%AFque)
Brownse_beweging_(natuurkunde),Mouvement_brownien
Aspergillus_fumigatus,Aspergillus_fumigatus
Binomiale_nomenclatuur,Nom_binominal
Arteria_subclavia,Art%C3%A8re_subclavi%C3%A8re
Pedanius_Dioscorides,Dioscoride
Zenuwgroeifactor,Facteur_de_croissance_nerveuse
Infarct,Infarctus
Gedistilleerde_drank,Boisson_spiritueuse
Hermetica,Hermetica
Paramedicus,M%C3%A9tiers_du_param%C3%A9dical
Bilateria,Bilateria
Pons_(hersenen),Pont_(syst%C3%A8me_nerveux)
Acupunctuur,Acupuncture
Digital_object_identifier,Digital_Object_Identifier
Filosofie_van_de_fysica,Philosophie_de_la_physique
Seksuele_handeling,Comportement_sexuel_humain
Gezichtstransplantatie,Greffe_de_visage
Sjahnama,Livre_des_Rois_(Ferdowsi)
Glycoside,H%C3%A9t%C3%A9roside
Algoritme_van_Euclides,Algorithme_d%27Euclide
Tritium,Tritium
Naproxen,Naprox%C3%A8ne
Soennisme,Sunnisme
Atretochoana_eiselti,Atretochoana_eiselti
Stero%C3%AFde,St%C3%A9ro%C3%AFde
Hebei,Hebei
Acutefase-eiwit,Prot%C3%A9ine_de_phase_aigu%C3%AB
Scalpel,Bistouri
Chorasmi%C3%AB,Khwarezm
Paracetamol,Parac%C3%A9tamol
Apothekersassistent,Pr%C3%A9parateur_en_pharmacie
Carcinoom,Carcinome
Beenmergonderzoek,Ponction_de_moelle_osseuse
Neustussenschot,Septum_nasal
Oogkleur,Couleur_des_yeux
Spasmolyticum,Antispasmodique
Trimethylamine,Trim%C3%A9thylamine
Imhotep,Imhotep
Ringwormen,Annelida
Pneumectomie,Pneumonectomie
Centrosoom,Centrosome
Poppers,Poppers
Stretching,%C3%89tirement
Zeeklimaat,Climat_oc%C3%A9anique
Nitril,Nitrile
Primair_centraal_zenuwstelsellymfoom,Lymphome_primaire_du_syst%C3%A8me_nerveux_central
Buis_van_Crookes,Tube_de_Crookes
Deductie,Raisonnement_d%C3%A9ductif
United_States_Department_of_Veterans_Affairs,D%C3%A9partement_des_Anciens_combattants_des_%C3%89tats-Unis
Dramafilm,Drame_(cin%C3%A9ma)
Fysiologie,Physiologie
Moraxella_catarrhalis,Moraxella_catarrhalis
Geslachtsorgaan,Organe_sexuel
Melkzuur,Acide_lactique
Doctor_of_Philosophy,Philosophi%C3%A6_doctor
Hartklopping,Palpitation
Albert_Ellis,Albert_Ellis
Waterpijp,Narguil%C3%A9
Vier_Elementen_(boeddhisme),Bhuta
Lopen,Marche_%C3%A0_pied
Oksel,Aisselle
Atrioventriculaire_knoop,N%C5%93ud_atrioventriculaire
Mijnbouw,Exploitation_mini%C3%A8re
Hans_Christian_Gram,Hans_Christian_Gram
Lagedichtheidlipoprote%C3%AFne,Lipoprot%C3%A9ine_de_basse_densit%C3%A9
Interventieradiologie,Radiologie_interventionnelle
Nucleotide,Nucl%C3%A9otide
Primaten,Primates
Statine,Statine
Aggregatietoestand,%C3%89tat_de_la_mati%C3%A8re
Immuunsuppressiva,Immunosuppresseur
Mamba%27s,Dendroaspis
Lichen_planus,Lichen_plan
Standard_operating_procedure,Proc%C3%A9dure_op%C3%A9rationnelle_permanente
Vetfetisjisme,Feeding
Nervus_phrenicus,Nerf_phr%C3%A9nique
Verdrag_inzake_psychotrope_stoffen,Convention_sur_les_substances_psychotropes_de_1971
Ontwikkelingsland,Pays_en_d%C3%A9veloppement
Geschiedenis_van_Zuid-Azi%C3%AB,Histoire_de_l%27Inde
Niet-alcoholische_steatohepatitis,St%C3%A9atoh%C3%A9patite_non_alcoolique
Hyperpigmentatie,Hyperpigmentation
Cannabino%C3%AFde,Cannabino%C3%AFde
Kopergordel,Copperbelt
Stoa,Sto%C3%AFcisme
Atoombommen_op_Hiroshima_en_Nagasaki,Bombardements_atomiques_d%27Hiroshima_et_de_Nagasaki
Sita_(godin),S%C4%ABt%C4%81
Fijnstof,Particules_en_suspension
Boviene_spongiforme_encefalopathie,Enc%C3%A9phalopathie_spongiforme_bovine
B%C3%A8tastraling,Particule_%CE%B2
Kobalt(II)sulfaat,Sulfate_de_cobalt(II)
Slijm,Mucus
Erfelijke_aandoening,Maladie_g%C3%A9n%C3%A9tique
Linuron,Linuron
Baudotcode,Code_Baudot
Osteochondrose,Ost%C3%A9ochondrite
Klebsiella_pneumoniae,Klebsiella_pneumoniae
Universiteit_van_Californi%C3%AB_-_Irvine,Universit%C3%A9_de_Californie_%C3%A0_Irvine
Belasting_(fiscaal),Imp%C3%B4t
Celmembraan,Membrane_plasmique
Shaivisme,Shiva%C3%AFsme
Neuropathie,Neuropathie_p%C3%A9riph%C3%A9rique
Nikolaj_Basov,Nikola%C3%AF_Bassov
Histon_(eiwit),Histone
Hemocyanine,H%C3%A9mocyanine
Vernietigingskamp,Centres_d%27extermination_nazis
Lipoprote%C3%AFnelipase,Lipoprot%C3%A9ine_lipase
Engels,Anglais
Pentaerythritoltetranitraat,T%C3%A9tranitrate_de_penta%C3%A9rythritol
Plasmide,Plasmide
Europees_Milieuagentschap,Agence_europ%C3%A9enne_pour_l%27environnement
Alicudi,Alicudi
Sunao_Tawara,Sunao_Tawara
Alcohol_(stofklasse),Alcool_(chimie)
Endosulfan,Endosulfan
Co%C3%B6rdinatieverbinding,Complexe_de_coordination
Rekenmachine,Calculatrice
Natriumsulfiet,Sulfite_de_sodium
Granulomatose_met_polyangiitis,Granulomatose_avec_polyang%C3%A9ite
Rockefeller-universiteit,Universit%C3%A9_Rockefeller
Determinisme_(filosofie),D%C3%A9terminisme
Strotklepje,%C3%89piglotte
Publicatiebias,Biais_de_publication
Infestatie,Infestation_(maladie)
Dichloordifenyltrichloorethaan,Dichlorodiph%C3%A9nyltrichloro%C3%A9thane
David_Hume,David_Hume
Laboratorium,Laboratoire_de_recherche
Scheurbuik,Scorbut
Ecologische_voetafdruk,Empreinte_%C3%A9cologique
Bloedstolling,Coagulation_sanguine
Philippus_II_van_Macedoni%C3%AB,Philippe_II_(roi_de_Mac%C3%A9doine)
Milt,Rate
World_Press_Photo,World_Press_Photo
Bureaucratie,Bureaucratie
Erytrocytbezinkingssnelheid,Vitesse_de_s%C3%A9dimentation
Pandemie,Pand%C3%A9mie
Arteria_communicans_posterior,Art%C3%A8re_communicante_post%C3%A9rieure
Knaagdieren,Rodentia
Arseen(III)oxide,Anhydride_ars%C3%A9nieux
Zwemsport,Natation_sportive
Retrovirussen,Retroviridae
Tweeling_(biologie),Jumeau
Gametogenese,Gam%C3%A9togen%C3%A8se
Emtricitabine,Emtricitabine
Obesitas-hypoventilatiesyndroom,Syndrome_de_Pickwick
Thioaceetamide,Thioac%C3%A9tamide
Nauwkeurigheid,Exactitude_et_pr%C3%A9cision
Hafiz_(Koran),Hafiz_(islam)
Coagulase,Coagulase
Dermatologie,Dermatologie
Lithiumbis(trimethylsilyl)amide,Bis(trim%C3%A9thylsilyl)amidure_de_lithium
Inspanningsastma,Bronchoconstriction_induite_par_l%E2%80%99effort
Pleura,Pl%C3%A8vre
Coniotomie,Cricothyro%C3%AFdotomie
Vinzwemmen,Nage_avec_palmes
Toxine,Toxine
"1,10-fenantroline","1,10-Ph%C3%A9nanthroline"
Johannes_Diderik_van_der_Waals,Johannes_Diderik_van_der_Waals
Maryland,Maryland
Inheemse_bevolking,Peuple_autochtone
Control_flow,Structure_de_contr%C3%B4le
Middeleeuwen,Moyen_%C3%82ge
Anatomische_vaktermen_van_positie,Syst%C3%A8me_de_r%C3%A9f%C3%A9rence_en_anatomie
Erfelijkheid,H%C3%A9r%C3%A9dit%C3%A9
Drank,Boisson
Fase_(stof),Phase_(thermodynamique)
Theory_of_mind,Th%C3%A9orie_de_l%27esprit
Francium,Francium
Ustekinumab,Ust%C3%A9kinumab
Generatiewisseling,Alternance_de_g%C3%A9n%C3%A9rations
Albertus_Magnus,Albert_le_Grand
Prokaryoten,Prokaryota
Echte_valeriaan,Val%C3%A9riane_officinale
Hypercholesterolemie,Hypercholest%C3%A9rol%C3%A9mie
Zoogdieren,Mammif%C3%A8re
Ongelijkheid_(wiskunde),In%C3%A9galit%C3%A9_(math%C3%A9matiques)
Bloeding,H%C3%A9morragie
Telluurtetrachloride,T%C3%A9trachlorure_de_tellure
Genexpressie,Expression_g%C3%A9n%C3%A9tique
Sportschool,Salle_de_sport
Suikerstofwisseling,M%C3%A9tabolisme_des_glucides
Hemolytisch-uremisch_syndroom,Syndrome_h%C3%A9molytique_et_ur%C3%A9mique
Medicare,Medicare
Verarmd_uranium,Uranium_appauvri
Wolfskers,Belladone
Natriumchromaat,Chromate_de_sodium
Universiteit,Universit%C3%A9
Homeostase_(fysiologie),Hom%C3%A9ostasie
Vrije-elektronenlaser,Laser_%C3%A0_%C3%A9lectrons_libres
Pneumothorax,Pneumothorax
Enzym,Enzyme
Moritz_Kaposi,Moritz_Kaposi
Oplossing_(scheikunde),Solution_(chimie)
Erytromycine,%C3%89rythromycine
Alhazen,Alhazen
Mitragyna_speciosa,Mitragyna_speciosa
Andreas_Vesalius,Andr%C3%A9_V%C3%A9sale
Haarvat,Capillaire_(anatomie)
Akrai,Akrai
Vastestofbatterij,Batterie_solide
Naoeka_(uitgeverij),Nauka_(%C3%A9diteur)
Parasympathisch_zenuwstelsel,Syst%C3%A8me_nerveux_parasympathique
Fluorescentie,Fluorescence
Asthenie,Asth%C3%A9nie
Hendrik_VIII_van_Engeland,Henri_VIII
Psychoactief_middel,Psychotrope
United_States_Air_Force,United_States_Air_Force
Lipide,Lipide
Wiskundige_optimalisatie,Optimisation_(math%C3%A9matiques)
Ziekte_van_Gaucher,Maladie_de_Gaucher
Lood(II)chromaat,Chromate_de_plomb(II)
Lebers_opticusatrofie,Neuropathie_optique_de_Leber
Luchtkwaliteit,Indice_de_qualit%C3%A9_de_l%27air
Wetenschappelijk_onderzoek,Recherche_scientifique
Jan_Swammerdam,Jan_Swammerdam
Granuloom,Granulome
Brazili%C3%AB,Br%C3%A9sil
Streptokokken,Streptocoque
Niersteen,Lithiase_urinaire
Heart,Heart_(homonymie)
Arabische_filosofie,Philosophie_islamique
Hartslag,Fr%C3%A9quence_cardiaque
Massafractie,Fraction_massique
Maagdenpalmfamilie,Apocynaceae
Druppel,Goutte_(physique)
Huidkanker,Cancer_de_la_peau
Eetstoornis,Trouble_des_conduites_alimentaires
Eerste_hulp_bij_ongevallen,Premiers_secours_(m%C3%A9decine)
Teken_van_Lhermitte,Signe_de_Lhermitte
Voedingssupplement,Compl%C3%A9ment_alimentaire
Balanitis,Balanite
Bravaistralie,R%C3%A9seau_de_Bravais
Calorie,Calorie
Marsilio_Ficino,Marsile_Ficin
Ammoniak,Ammoniac
Sonoluminescentie,Sonoluminescence
HbA1c,H%C3%A9moglobine_glyqu%C3%A9e
Blastocyste,Blastocyste
Haloperidol,Halop%C3%A9ridol
Versterkte_wijn,Vin_mut%C3%A9
Schildklierhormonen,Hormone_thyro%C3%AFdienne
Vergif,Poison
Kleine_hersenen,Cervelet
Claudius_Galenus,Claude_Galien
Val_(eenheid),%C3%89quivalent_(chimie)
Botbreuk,Fracture
Periode-5-element,P%C3%A9riode_5_du_tableau_p%C3%A9riodique
Freddie_Mercury,Freddie_Mercury
Sedativum,S%C3%A9datif
Nierziekte,N%C3%A9phropathie
Aquifer,Aquif%C3%A8re
Vena_cava_inferior,Veine_cave_inf%C3%A9rieure
Intentie,Intention
Actief_centrum_(biochemie),Site_actif
Screwdriver,Screwdriver
President_van_de_Verenigde_Staten,Pr%C3%A9sident_des_%C3%89tats-Unis
Frederick_Reines,Frederick_Reines
Witte_klaver,Tr%C3%A8fle_blanc
Falanx,Phalange_(Antiquit%C3%A9)
Vanderbilt_University,Universit%C3%A9_Vanderbilt
Geur,Odeur
Syndroom_van_Korsakov,Syndrome_de_Korsakoff
Organische_verbinding,Compos%C3%A9_organique
Glycolnitril,Glycolonitrile
Hugo_Theorell,Hugo_Theorell
Mycofenolzuur,Acide_mycoph%C3%A9nolique
Fotocontactallergie,Photosensibilisation
Apen_van_de_Oude_Wereld,Cercopithecidae
Halswervel,Vert%C3%A8bre_cervicale
Vitamine_B12,Vitamine_B12
Lokale_anesthetica,Anesth%C3%A9sique_local
Fomiet,Fomite
Kleincellig_carcinoom,Cancer_bronchique_%C3%A0_petites_cellules
Eiwitsynthese,Biosynth%C3%A8se_des_prot%C3%A9ines
Gonadotropin-releasing_hormone,Hormone_de_lib%C3%A9ration_des_gonadotrophines_hypophysaires
Lets,Letton
Huilbaby,Colique_du_nourrisson
Monocyt,Monocyte
G-prote%C3%AFnegekoppelde_receptor,R%C3%A9cepteur_coupl%C3%A9_aux_prot%C3%A9ines_G
Verwonding,Traumatisme_(m%C3%A9decine)
Geslacht_(biologie),Genre_(biologie)
Anabole_stero%C3%AFden,St%C3%A9ro%C3%AFde_anabolisant
Kennistheorie,%C3%89pist%C3%A9mologie
Sarcomeer,Sarcom%C3%A8re
Simon_van_der_Meer,Simon_van_der_Meer
Traditionalistische_school_(perennialisme),P%C3%A9rennialisme_(spiritualit%C3%A9)
Transferase,Transf%C3%A9rase
Zuur_(scheikunde),Acide
Natuurlijke_taal,Langage_naturel
Kaliumwaterstoffosfaat,Hydrog%C3%A9nophosphate_de_potassium
Kwantumverstrengeling,Intrication_quantique
Mondwater,Bain_de_bouche
Primaltherapie,Th%C3%A9rapie_primale
Ethinylestradiol,%C3%89thinylestradiol
Albrecht_D%C3%BCrer,Albrecht_D%C3%BCrer
Typegoedkeuring,Certificat_de_conformit%C3%A9_(v%C3%A9hicule)
Ultraviolet,Ultraviolet
Elea,%C3%89l%C3%A9e
Robert_Browning,Robert_Browning
Chloordioxide,Dioxyde_de_chlore
Kans_(kansrekening),Probabilit%C3%A9
Hydrostatica,Hydrostatique
Henry_Moseley,Henry_Moseley
Wond,Plaie
Bodemgebruik,Utilisation_du_sol
Baby,Nourrisson
Zuidpool,P%C3%B4le_Sud
Fragmoplast,Phragmoplaste
James_Peebles,James_Peebles
Maagzweer,Ulc%C3%A8re_gastroduod%C3%A9nal
Paronychia,Panaris
Jennifer_Coolidge,Jennifer_Coolidge
Tijdslogica,Logique_temporelle
Olympische_goden,Divinit%C3%A9s_olympiennes
Fase-transfer-katalysator,Catalyseur_de_transfert_de_phase
Gavin_Newsom,Gavin_Newsom
Gevoelige_soort,Esp%C3%A8ce_quasi_menac%C3%A9e
Sune_Karl_Bergstr%C3%B6m,Sune_Bergstr%C3%B6m
Hyperbare_zuurstoftherapie,M%C3%A9decine_hyperbare
Gewervelden,Vert%C3%A9br%C3%A9s
Hepatische_encefalopathie,Enc%C3%A9phalopathie_h%C3%A9patique
Schizofrenie,Schizophr%C3%A9nie
Musculus_piriformis,Muscle_piriforme
Ramakrishna,R%C3%A2makrishna
Clomifeen,Clomif%C3%A8ne
Haemophilus_ducreyi,Haemophilus_ducreyi
Triacylglycerol,Triglyc%C3%A9ride
Vereenvoudigde_Chinese_karakters,Sinogramme_simplifi%C3%A9
Hoechst,Hoechst
Catecholamine,Cat%C3%A9cholamine
Stoornis_in_de_impulsbeheersing,Trouble_du_contr%C3%B4le_des_impulsions
Openbare_dronkenschap,Ivresse_publique_et_manifeste_en_France
Intensievezorgafdeling,Unit%C3%A9_de_soins_intensifs
Morfologie_(biologie),Morphologie_(biologie)
Elektroforese,%C3%89lectrophor%C3%A8se
Fugger_(geslacht),Fugger
Kemi,Kemi
Maag-darmstelsel,Appareil_digestif
Vitruvius_(architect),Vitruve
Sterftetafel,Table_de_mortalit%C3%A9
Koinon,Koinon
Purana%27s,Purana
Oogheelkunde,Ophtalmologie
Intramusculair,Injection_intramusculaire
Giftigheid,Toxicit%C3%A9
Monogamie,Monogamie
Serologie,S%C3%A9rologie
Mens,Homo_sapiens_sapiens
Abces,Abc%C3%A8s
Tuskegee-syfilisonderzoek,%C3%89tude_de_Tuskegee_sur_la_syphilis
Martelaar,Martyr
Hereditaire_motorische_en_sensorische_neuropathie%C3%ABn,Maladie_de_Charcot-Marie-Tooth
Schaamhaar,Pilosit%C3%A9_pubienne
Schisis,Fente_labio-palatine
Osteoporose,Ost%C3%A9oporose
Triclosan,Triclosan
Janssen_Pharmaceutica,Janssen_(entreprise)
Optometrie,Optom%C3%A9trie
Transvet,Acide_gras_trans
Therapeutische_breedte,Index_th%C3%A9rapeutique
Leververvetting,St%C3%A9atose_h%C3%A9patique
Ader_(anatomie),Veine
Acute_cholangitis,Angiocholite
Blanke_Zuid-Afrikanen,Blancs_sud-africains
Ibn_Abi_Oesaibia,Ibn_Abi_Usaybi%27a
Ebola,Maladie_%C3%A0_virus_Ebola
Parathormoon,Parathormone
J%C3%B6ns_Jacob_Berzelius,J%C3%B6ns_Jacob_Berzelius
Viviparie,Viviparit%C3%A9
Miose,Myosis
Baarmoeder,Ut%C3%A9rus
Albert_Fert,Albert_Fert
Valentie_(scheikunde),Valence_(chimie)
Logisch_programmeren,Programmation_logique
Pramana,Pramana
E-sigaret,Cigarette_%C3%A9lectronique
Wijnbouw_in_Belgi%C3%AB,Viticulture_en_Belgique
Verkoopautomaat,Distribution_automatique
Musculus_triceps_brachii,Muscle_triceps_brachial
Utrecht_(stad),Utrecht
Laesie,L%C3%A9sion_(m%C3%A9decine)
Wiskundige_economie,%C3%89conomie_math%C3%A9matique
Demografie,D%C3%A9mographie
Tensor,Tenseur
Receptor_(biochemie),R%C3%A9cepteur_(biochimie)
VN-Zeerechtverdrag,Convention_des_Nations_unies_sur_le_droit_de_la_mer
Comorbiditeit,Comorbidit%C3%A9
Verf,Peinture_(mati%C3%A8re)
Tafelsuiker,Sucre
Pathogeen,Agent_infectieux
Amygdaline,Amygdaline
Tetanus,T%C3%A9tanos
Neoplasie,N%C3%A9oplasie
Teflon,Polyt%C3%A9trafluoro%C3%A9thyl%C3%A8ne
Manta_(geslacht),Manta_(genre)
Thyreo%C3%AFdstimulerend_hormoon,Thyr%C3%A9ostimuline
Desmosoom,Desmosome
Endocrien_systeem,Syst%C3%A8me_endocrinien
Arteria_testicularis,Art%C3%A8re_testiculaire
Smart_grid,R%C3%A9seau_%C3%A9lectrique_intelligent
Passief_roken,Tabagisme_passif
Koolstoffusie,Fusion_du_carbone
Haaruitval,Alop%C3%A9cie
Minst_ontwikkelde_landen,Pays_les_moins_avanc%C3%A9s
Hormoonverstorende_stof,Perturbateur_endocrinien
Medtronic,Medtronic
Works_Progress_Administration,Work_Projects_Administration
Groep_(periodiek_systeem),Groupe_du_tableau_p%C3%A9riodique
Paprikapoeder,Paprika
Afrodisiacum,Aphrodisiaque
Sclerose,Scl%C3%A9rose
Triatoma_infestans,Vinchuca
Yakitori,Yakitori
Keelontsteking,Pharyngite
Picrotoxine,Picrotoxine
Farmaceutische_industrie,Industrie_pharmaceutique
Transient_global_amnesia,Ictus_amn%C3%A9sique
Gamma-aminoboterzuur,Acide_%CE%B3-aminobutyrique
Oor,Oreille
Lymeziekte,Maladie_de_Lyme
Positieve_eindexpiratoire_druk,Pression_expiratoire_positive
Pleuraal_empyeem,Pleur%C3%A9sie_purulente
Pigment,Pigment
Trichlooretheen,Trichlor%C3%A9thyl%C3%A8ne
Hypokali%C3%ABmie,Hypokali%C3%A9mie
Natriumcyanaat,Cyanate_de_sodium
Bijen,Abeille
Flumazenil,Flumaz%C3%A9nil
Interpreter,Interpr%C3%A8te_(informatique)
Taylor_%26_Francis,Taylor_%26_Francis
Lood(IV)oxide,Dioxyde_de_plomb
Pleegzorg,Enfants_plac%C3%A9s
De_klassieken,Humanit%C3%A9s_classiques
Natrium-kaliumpomp,Pompe_sodium-potassium
Waterintoxicatie,Intoxication_par_l%27eau
Stegosaurus,Stegosaurus
Hoofdpijn,C%C3%A9phal%C3%A9e
Natuurbrand,Feu_de_for%C3%AAt
Hepatotoxiciteit,H%C3%A9patotoxicit%C3%A9
Betrouwbaarheidsinterval,Intervalle_de_confiance
Voedselveiligheid,Hygi%C3%A8ne_des_aliments
Vaishnavisme,Vishnouisme
Peper,Poivrier_noir
Methylglyoxaal,M%C3%A9thylglyoxal
Bijnierschorsinsuffici%C3%ABntie,Insuffisance_surr%C3%A9nalienne
Schizosaccharomyces_pombe,Schizosaccharomyces_pombe
Plexus_brachialis,Plexus_brachial
Cytokine,Cytokine
Hettitische_militaire_eed,Serment_militaire_hittite
Chemische_formule,Formule_chimique
Ramon_Llull,Raymond_Lulle
Lachen_(gedrag),Rire
Forel_(vis),Truite
Christendom,Christianisme
Kaliumjodide,Iodure_de_potassium
Korotkoff-toon,Bruits_de_Korotkoff
Bewustzijn,Conscience
Sint-janskruid,Millepertuis_perfor%C3%A9
Isotopen_van_natrium,Isotopes_du_sodium
Oxidator,Oxydant
High-density-lipoprote%C3%AFne,Lipoprot%C3%A9ine_de_haute_densit%C3%A9
James_Joyce,James_Joyce
Griep,Grippe
Probioticum,Probiotique
Cryonisme,Cryonie
Test_(geneeskunde),Examen_m%C3%A9dical
Gedrag,Comportement
Koude_rilling,Frissonnement
Ioniserende_straling,Rayonnement_ionisant
Gewichtsklasse_(boksen),Liste_des_cat%C3%A9gories_en_boxe
Latijns-Amerika,Am%C3%A9rique_latine
Angiotensine-converterend_enzym_2,Enzyme_de_conversion_de_l%27angiotensine_2
Oud-Griekse_architectuur,Architecture_de_la_Gr%C3%A8ce_antique
Cryoglobulinemie,Cryoglobulin%C3%A9mie
Exantheem,Exanth%C3%A8me
Proteolyse,Prot%C3%A9olyse
Fenomeen_van_Raynaud,Syndrome_de_Raynaud
Aleksandr_Oparin,Alexandre_Oparine
Aligarh_(stad),Aligarh
Epaminondas,%C3%89paminondas
Natriumaluminiumhydride,Aluminohydrure_de_sodium
Intermediair_filament,Filament_interm%C3%A9diaire
Dyspepsie,Dyspepsie
Menarche,M%C3%A9narche
Bronchoscopie,Bronchoscopie
Y-chromosoom,Chromosome_Y
Clusterhoofdpijn,Algie_vasculaire_de_la_face
Syndroom_van_Sj%C3%B6gren,Syndrome_de_Gougerot-Sj%C3%B6gren
Sterkteleer,R%C3%A9sistance_des_mat%C3%A9riaux
Terugslagventiel,Clapet_anti-retour
Kathodestraalbuis,Tube_cathodique
Thomas_Lewis,Thomas_Lewis_(cardiologue)
Rachel_Carson,Rachel_Carson
Xanthine,Xanthine
Annalen_der_Physik,Annalen_der_Physik
Gastric_bypass,By-pass_gastrique
Cytotoxine,Cytotoxicit%C3%A9
Proca%C3%AFne,Proca%C3%AFne
Spierhypotonie,Hypotonie_musculaire
Socrates_(filosoof),Socrate
Hydroxylradicaal,Radical_hydroxyle
Wade-Giles,Romanisation_Wade-Giles
Goi%C3%A2nia-incident,Accident_nucl%C3%A9aire_de_Goi%C3%A2nia
Blok_van_het_periodiek_systeem,Bloc_du_tableau_p%C3%A9riodique
Purdue-universiteit,Universit%C3%A9_Purdue
Lo%C3%AFc_Leferme,Lo%C3%AFc_Leferme
Kobalt-60,Cobalt_60
Chiraal_centrum,Centre_st%C3%A9r%C3%A9og%C3%A8ne
Jacquardgetouw,M%C3%A9tier_Jacquard
Robert_Coleman_Richardson,Robert_Coleman_Richardson
Rickettsia,Rickettsia
Meetkunde,G%C3%A9om%C3%A9trie
Elf_(mythisch_wezen),Elfe
Acromegalie,Acrom%C3%A9galie
Stenose,St%C3%A9nose
Cyclisch_guanosinemonofosfaat,Guanosine_monophosphate_cyclique
New_age_(beweging),New_Age
Europees_konijn,Oryctolagus_cuniculus
Autobiografie,Autobiographie
Rigveda,Rig-V%C3%A9da
George_Emil_Palade,George_Emil_Palade
National_Institute_of_Standards_and_Technology,National_Institute_of_Standards_and_Technology
Globally_Harmonised_System_of_Classification_and_Labelling_of_Chemicals,Syst%C3%A8me_g%C3%A9n%C3%A9ral_harmonis%C3%A9_de_classification_et_d%27%C3%A9tiquetage_des_produits_chimiques
Qiyan,Qiyan
Kees_de_Jager,Kees_de_Jager
Purkinjevezel,Fibre_de_Purkinje
Fauna_Europaea,Fauna_Europaea
Leverpoortader,Veine_porte
Blefarospasme,Bl%C3%A9pharospasme
Spirometrie,Spirom%C3%A9trie
Cyste,Kyste_(m%C3%A9decine)
Guinee-Bissau,Guin%C3%A9e-Bissau
Capecitabine,Cap%C3%A9citabine
Antimicrobi%C3%ABle_middelen,Antimicrobien
Brahma_(hindoe%C3%AFsme),Brahm%C4%81
Hindoe%C3%AFstische_tempel,Mandir
Wijnbouw_in_Nederland,Viticulture_aux_Pays-Bas
Epicondylitis_lateralis,%C3%89picondylite
Intercellulaire_communicatie,Signalisation_cellulaire
Meesterwerk,Chef-d%27%C5%93uvre
Zichtbaar_spectrum,Spectre_visible
Flebitis,Maladie_thromboembolique
Interstiti%C3%ABle_verbinding,Compos%C3%A9_interstitiel
Wetenschap_in_de_middeleeuwse_islamitische_wereld,Sciences_arabes
Charles_Sanders_Peirce,Charles_Sanders_Peirce
Leucine,Leucine
Tamarinde,Tamarinier
Tempel_van_Artemis_in_Efeze,Temple_d%27Art%C3%A9mis_%C3%A0_%C3%89ph%C3%A8se
Geheugen_(psychologie),M%C3%A9moire_(psychologie)
Irrigatie,Irrigation
Universiteit_van_Boston,Universit%C3%A9_de_Boston
Sinusknoop,N%C5%93ud_sinusal
Australian_football,Football_australien
Salicylzuur,Acide_salicylique
Natriumdiuranaat,Diuranate_de_sodium
Lintwormen,Cestoda
Jabir_ibn_Hayyan,Jabir_ibn_Hayyan
Coronacrisis_in_het_Verenigd_Koninkrijk,Pand%C3%A9mie_de_Covid-19_au_Royaume-Uni
Pati%C3%ABnt,Patient
Polsslag,Pouls
Voedingsstof,Nutriment
Neptuniet,Neptunite
Boeoti%C3%AB,B%C3%A9otie
Hoornvliestransplantatie,Greffe_corn%C3%A9enne
Gebed,Pri%C3%A8re
Orgaan,Organe
Myasthenia_gravis,Myasth%C3%A9nie
Garrett_Reisman,Garrett_Reisman
Robert_Hooke,Robert_Hooke
Corticotropin-releasing_hormone,Corticolib%C3%A9rine
Salina_(eiland),%C3%8Ele_de_Salina
Rodehond,Rub%C3%A9ole
Parmenides,Parm%C3%A9nide
Queteletindex,Indice_de_masse_corporelle
Hospitaalschip,Navire-h%C3%B4pital
Koolhydraat,Glucide
Stazione_Zoologica_Anton_Dohrn,Stazione_zoologica_Anton_Dohrn
Epidurale_bloeding,H%C3%A9matome_extradural
Valpro%C3%AFnezuur,Acide_valpro%C3%AFque
Palonosetron,Palonos%C3%A9tron
Skutterudiet,Skutt%C3%A9rudite
Franse_paradox,Paradoxe_fran%C3%A7ais
Martin_Ryle,Martin_Ryle
Kerberos_(mythisch_wezen),Cerb%C3%A8re
Anonieme_Alcoholisten,Alcooliques_anonymes
Gezinsplanning,Planification_familiale
Severe_Acute_Respiratory_Syndrome,Syndrome_respiratoire_aigu_s%C3%A9v%C3%A8re
Refractaire_periode,P%C3%A9riode_r%C3%A9fractaire_(physiologie)
Roehampton,Roehampton
Ganesh_Chaturthi,Ganesh_Chaturthi
Zonula_occludens,Jonction_serr%C3%A9e
Aristotelisme,Aristot%C3%A9lisme
Fysiotherapie,Physioth%C3%A9rapie
Cryotherapie,Cryoth%C3%A9rapie
Groepstherapie,Th%C3%A9rapie_de_groupe
Bombay,Bombay
Anisocytose,Anisocytose
Robert_Behnken,Robert_Behnken
Ziekte_van_Beh%C3%A7et,Maladie_de_Beh%C3%A7et
Engeland,Angleterre
Microcirculatie,Microcirculation
Simin_Danesjwar,Simin_Daneshvar
Zinkpyrithion,Pyrithione_de_zinc
Constantinopel,Constantinople
Good_manufacturing_practice,Bonnes_pratiques_de_fabrication
Bank_(financi%C3%ABle_instelling),Banque
Giordano_Bruno,Giordano_Bruno
Chandra_X-ray_Observatory,Chandra_(t%C3%A9lescope_spatial)
Rasis,Rhaz%C3%A8s
Grappa_(drank),Grappa
PubChem,PubChem
Dextraan,Dextrane
Sporter,Sportif
Piperidine,Pip%C3%A9ridine
Kogelvissen,Poisson-globe
Information_retrieval,Recherche_d%27information
PrEP,Prophylaxie_pr%C3%A9-exposition
Generatie_(sociologie),G%C3%A9n%C3%A9ration_(sciences_sociales)
Ontsteking_(geneeskunde),Inflammation
Voorhuid,Pr%C3%A9puce
Macon_County_(Alabama),Comt%C3%A9_de_Macon_(Alabama)
Perikaryon,P%C3%A9ricaryon
Massa_(natuurkunde),Masse
Perzische_Oorlogen,Guerres_m%C3%A9diques
Stresstest,Test_de_r%C3%A9sistance
Mediastinoscopie,M%C3%A9diastinoscopie
Aspartaat-aminotransferase,Aspartate_aminotransf%C3%A9rase
Lucianus_van_Samosata,Lucien_de_Samosate
Middenplatonisme,Moyen-platonisme
Herbert_Spencer,Herbert_Spencer
Mediastinum,M%C3%A9diastin
Onderzoeksjournalistiek,Journalisme_d%27enqu%C3%AAte
Ergine,Ergine
Strottenhoofdkanker,Cancer_du_larynx
Cel_(biologie),Cellule_(biologie)
Cognitieve_gedragstherapie,Th%C3%A9rapie_cognitivo-comportementale
Executieve_functie,Fonctions_ex%C3%A9cutives
Literatuuronderzoek,Revue_syst%C3%A9matique
Walvisachtigen,Cetacea
Isoleucine,Isoleucine
Disability-adjusted_life_years,Esp%C3%A9rance_de_vie_corrig%C3%A9e_de_l%27incapacit%C3%A9
Transsudaat,Transsudat
Windhond,L%C3%A9vrier
RNA-wereld,Hypoth%C3%A8se_du_monde_%C3%A0_ARN
Houtsnede,Xylographie
Trombocytenaggregatieremmers,Antiagr%C3%A9gant
Taormina,Taormine
Spoedeisende_hulp,Accueil_et_traitement_des_urgences
DNA-onderzoek,Analyse_g%C3%A9n%C3%A9tique
Grote_hersenen,T%C3%A9lenc%C3%A9phale
Kruidnagel,Giroflier
Jerome_Friedman,Jerome_Isaac_Friedman
Lycurgus_(wetgever),Lycurgue_(l%C3%A9gislateur)
Polysomnografie,Polysomnographie
DPP-4-remmers,Gliptine
Prednison,Prednisone
Exponenti%C3%ABle_familie,Famille_exponentielle
Cholecystokinine,Chol%C3%A9cystokinine
BN-800-reactor,BN-800
Universiteit_van_Straatsburg,Universit%C3%A9_de_Strasbourg
Klaus_Hasselmann,Klaus_Hasselmann
Piroxicam,Piroxicam
Cardioversie,Cardioversion
Purpura_van_Henoch-Sch%C3%B6nlein,Purpura_rhumato%C3%AFde
Tinctuur_(oplossing),Alcoolature
Deviant_gedrag,D%C3%A9viance
Detonatie,D%C3%A9tonation
Atypisch_antipsychoticum,Antipsychotique_atypique
Plantkunde,Botanique
Thomas_van_Aquino,Thomas_d%27Aquin
Thermoplast,Thermoplastique
Onderwaterarcheologie,Arch%C3%A9ologie_sous-marine
Polsdruk,Pression_puls%C3%A9e
Neurotransmitters,Neurotransmetteur
Syndroom_van_Cotard,Syndrome_de_Cotard
Arteria_cerebri_anterior,Art%C3%A8re_c%C3%A9r%C3%A9brale_ant%C3%A9rieure
Isidor_Isaac_Rabi,Isidor_Isaac_Rabi
Stellarator,Stellarator
CANDU-reactor,R%C3%A9acteur_CANDU
Perpetuum_mobile,Mouvement_perp%C3%A9tuel
Madrassa,M%C3%A9dersa
Insult,Crise_d%27%C3%A9pilepsie
Longembolie,Embolie_pulmonaire
Abbott_Laboratories,Abbott_(entreprise)
Dakloosheid,Sans-abri
Primaire_immuundefici%C3%ABntie,D%C3%A9ficit_immunitaire_primitif
Vierkante_meter,M%C3%A8tre_carr%C3%A9
Kaapprovincie,Province_du_Cap
Asklepieion,Ascl%C3%A9pi%C3%A9ion
Zuidwest-Azi%C3%AB,Asie_de_l%27Ouest
Biomarker,Biomarqueur
Vladimir_Demichov,Vladimir_Demikhov
Qazvin,Qazvin
Aardrijkskunde,G%C3%A9ographie
Hiv-antistoffen,Test_VIH
Verstedelijking,Urbanisation
Pavel_Tsjerenkov,Pavel_Tcherenkov
Docetaxel,Doc%C3%A9taxel
Wijnbouw_in_Itali%C3%AB,Viticulture_en_Italie
Turingvolledigheid,Turing-complet
Kalam_(islam),Kal%C3%A2m
Opening_van_Panizza,Foramen_de_Panizza
Sulfapreparaat,Sulfanilamide
R%C3%A9pertoire_International_des_Sources_Musicales,R%C3%A9pertoire_international_des_sources_musicales
Pediatrie,P%C3%A9diatrie
Bagdad,Bagdad
Geslachtsgemeenschap,Rapport_sexuel
Petaliet,P%C3%A9talite
Jennifer_Doudna,Jennifer_Doudna
Koolstofdisulfide,Disulfure_de_carbone
AP1000-reactor,R%C3%A9acteur_AP1000
New_Jersey,New_Jersey
Marine_Biological_Laboratory,Laboratoire_de_biologie_marine_(Woods_Hole)
Mitose,Mitose
Penopauze,D%C3%A9ficit_androg%C3%A9nique_li%C3%A9_%C3%A0_l%27%C3%A2ge
Herakles_(mythologie),H%C3%A9racl%C3%A8s
Serena_Au%C3%B1%C3%B3n,Serena_M._Au%C3%B1%C3%B3n-Chancellor
Methylhydrazine,M%C3%A9thylhydrazine
Efeze,%C3%89ph%C3%A8se
Eierstok,Ovaire
Grafeen,Graph%C3%A8ne
Oliver_Smithies,Oliver_Smithies
Smart_drug,Nootrope
Postzegel,Timbre_postal
Lassen,Soudage
Hypocalci%C3%ABmie,Hypocalc%C3%A9mie
Lageren,Vieillissement_du_vin
Stridor,Stridor
Lithiumcarbonaat,Carbonate_de_lithium
Cypermetrine,Cyperm%C3%A9thrine
Zolpidem,Zolpidem
Plankenkoorts,Trac
Antony_Hewish,Antony_Hewish
Smaakzin,Go%C3%BBt
2012-fenomeen,Pr%C3%A9dictions_pour_d%C3%A9cembre_2012
Blauw_(kleur),Bleu
Johannes_Buridanus,Jean_Buridan
Ramlila,Ramlila
Troponine,Troponine
Kaliumbifluoride,Bifluorure_de_potassium
Siliciumdioxide,Dioxyde_de_silicium
Clonidine,Clonidine
Chemische_technologie,G%C3%A9nie_chimique
Edward_Mills_Purcell,Edward_Mills_Purcell
Oud-Grieks_recht,Droit_grec_ancien
Lecce_(stad),Lecce
Sparta_(Griekenland),Sparte
Nierader,Veine_r%C3%A9nale
Huisartsgeneeskunde,M%C3%A9decine_g%C3%A9n%C3%A9rale
Chemical_Communications,Chemical_Communications
UNGG-reactor,Uranium_naturel_graphite_gaz
Kristalstructuur,Structure_cristalline
Brahmana_(geschrift),Brahmana
Zoological_Society_of_London,Soci%C3%A9t%C3%A9_zoologique_de_Londres
Kwantitatieve_vererving,Locus_de_caract%C3%A8res_quantitatifs
5-alfa-reductase,5-alpha_r%C3%A9ductase
Theorie_van_gepland_gedrag,Th%C3%A9orie_du_comportement_planifi%C3%A9
Recombinant_DNA,Acide_d%C3%A9soxyribonucl%C3%A9ique_recombinant
Enrico_Fermi,Enrico_Fermi
Myeloproliferatieve_aandoening,Syndrome_my%C3%A9loprolif%C3%A9ratif
Plastische_chirurgie,Chirurgie_plastique
DDD-classificatie,Classification_ATC
Lijst_van_wodkamerken,Liste_de_marques_de_vodka
Verslaving,Addiction
Kikkers,Anoures
Chromosoom_21,Chromosome_21_humain
"1,1,1-trichloorethaan","1,1,1-Trichloro%C3%A9thane"
Antropologie,Anthropologie
Geschiedenis,Histoire
Zuurstofgroep,Chalcog%C3%A8ne
Aripiprazol,Aripiprazole
Dam_(waterkering),Barrage
Slaapstoornis,Trouble_du_sommeil
Ondersoort,Sous-esp%C3%A8ce
Tequila_Sunrise,Tequila_sunrise
Antivirale_middelen,Antiviral
Verband_(geneeskunde),M%C3%A8che_(pansement)
John_Snow,John_Snow
Posttraumatische_stressstoornis,Trouble_de_stress_post-traumatique
Bilirubine,Bilirubine
Longpest,Peste_pneumonique
Diabetische_retinopathie,R%C3%A9tinopathie_diab%C3%A9tique
Non-hodgkinlymfoom,Lymphome_non_hodgkinien
Endotheel,Endoth%C3%A9lium
Basocellulair_carcinoom,Carcinome_basocellulaire
Genotype,G%C3%A9notype
Ieren,Irlandais_(peuple)
Interne_geneeskunde,M%C3%A9decine_interne
Elektronegativiteit,%C3%89lectron%C3%A9gativit%C3%A9
Coca-Cola,Coca-Cola
Diplopie,Diplopie
Semenanalyse,Spermogramme
Nagel_(anatomie),Ongle
Kaliumperjodaat,Periodate_de_potassium
Advocaat_(drank),Advocaat
Snaarinstrument,Instrument_%C3%A0_cordes
Menselijk_lichaam,Corps_humain
Empyeem,Empy%C3%A8me
Monoklonale_antistof,Anticorps_monoclonal
Arteria_cerebri_media,Art%C3%A8re_c%C3%A9r%C3%A9brale_moyenne
Chronische_ziekte,Maladie_chronique
Togo,Togo
Bronstijd,%C3%82ge_du_bronze
Cuba_libre_(cocktail),Cuba_libre
Toxische_epidermale_necrolyse,Syndrome_de_Lyell
Sterftecijfer,Taux_de_mortalit%C3%A9
New_Scientist,New_Scientist
Zeewater,Eau_de_mer
Schorpioenen_(dieren),Scorpiones
Bruto_binnenlands_product,Produit_int%C3%A9rieur_brut
Farynx,Pharynx
Acetyl-CoA,Ac%C3%A9tyl-coenzyme_A
Koeltechniek,R%C3%A9frig%C3%A9ration
Risus_sardonicus,Rire_sardonique
Voetgangersgebied,Zone_pi%C3%A9tonne
Mirtazapine,Mirtazapine
Syndroom_van_Wiskott-Aldrich,Syndrome_de_Wiskott-Aldrich
Trombose,Thrombose
Nicotine,Nicotine
Graaf_(wiskunde),Graphe_(math%C3%A9matiques_discr%C3%A8tes)
Dendritische_cel,Cellule_dendritique
Aymara_(volk),Aymaras
Ataxie,Ataxie
Massage,Massage
Isaac_Newton,Isaac_Newton
Paul_Dirac,Paul_Dirac
Gunshot_residue,R%C3%A9sidus_de_tir
Peer_(plant),Pyrus
Creatinine,Cr%C3%A9atinine
Testen_(software),Test_(informatique)
Protonentherapie,Protonth%C3%A9rapie
Tupuxuara,Tupuxuara
Hemodialyse,H%C3%A9modialyse
Ubiquitine,Ubiquitine
Titine,Titine_(prot%C3%A9ine)
Game_of_Thrones,Game_of_Thrones
Sublinguale_toediening,Voie_sublinguale
Beton,B%C3%A9ton_de_ciment
Sherlock_Holmes,Sherlock_Holmes
Abu_al-Qasim_al-Zahravi,Abu_Al-Qasim
Ouaba%C3%AFne,Ouaba%C3%AFne
Luchtwegen,Voies_respiratoires
Mediaan_(statistiek),M%C3%A9diane_(statistiques)
Ali_ar-Rida,Ali_ar-Rida
Aromatase,Aromatase
Wikiversity,Wikiversit%C3%A9
Hans_Reichenbach,Hans_Reichenbach
Kaliumdichromaat,Dichromate_de_potassium
Glycosaminoglycaan,Glycosaminoglycane
C-peptide,Peptide_C
Syndroom_van_Williams,Syndrome_de_Williams
Oplosbaarheid,Solubilit%C3%A9
Dominant_(genetica),Dominance_(g%C3%A9n%C3%A9tique)
Batterij_(elektrisch),Pile_%C3%A9lectrique
Orbitaal,Orbitale_atomique
Astma,Asthme
Mesenchymatische_stamcel,Cellule_m%C3%A9senchymateuse
Orthomyxoviridae,Orthomyxoviridae
Bevolkingspiramide,Pyramide_des_%C3%A2ges
Abram_Joffe,Abram_Ioff%C3%A9
Phron%C3%A8sis,Phronesis
Eenkristal,Monocristal
Sovjet-Unie,Union_des_r%C3%A9publiques_socialistes_sovi%C3%A9tiques
Biopsychosociaal_model,Mod%C3%A8le_biopsychosocial
Martin_Heinrich_Klaproth,Martin_Heinrich_Klaproth
Pancoasttumor,Tumeur_de_Pancoast-Tobias
Supersonische_snelheid,Supersonique
Springer_Science%2BBusiness_Media,Springer_Science%2BBusiness_Media
Al-Nasa%27i,An-Nasa%27i
Hirudine,Hirudine
Hermann_G%C3%B6ring,Hermann_G%C3%B6ring
Ontwenningsverschijnselen,Sevrage_(toxicologie)
Acetanilide,Ac%C3%A9tanilide
Marsepein,Massepain
Wet_van_Lambert-Beer,Loi_de_Beer-Lambert
Oppervlaktespanning,Tension_superficielle
Aceton,Ac%C3%A9tone
Wervelkolom,Colonne_vert%C3%A9brale
Warmtestraling,Rayonnement_thermique
Cesium,C%C3%A9sium
Niels_Kaj_Jerne,Niels_Kaj_Jerne
Spierspoeltjes,Fuseau_neuromusculaire
Aquanaut_(diepzeeonderzoeker),Aquanaute
Mimesis,Mim%C3%A8sis
Ritonavir,Ritonavir
Michael_Polanyi,Michael_Polanyi
Veroudering_(mens),Vieillissement
Sensitisatie,Potentialisation
Antibioticum,Antibiotique
Perzen,Persans
Gustav_Ludwig_Hertz,Gustav_Hertz
Kassieten,Kassites
Spanje,Espagne
Thanatofobie,Thanatophobie
Anthelminthica,Anthelminthique
Rensport,Sport_hippique
Anosmie,Anosmie
Ligand,Ligand_(chimie)
Gastroscopie,Endoscopie_digestive_haute
Trombolyse,Thrombolyse
Radioactiviteit,Radioactivit%C3%A9
Intraveneus,Injection_intraveineuse
Sumak_(geslacht),Rhus
Verdubbelingstijd,Temps_de_doublement
WHO-modellijst_van_essenti%C3%ABle_geneesmiddelen,Liste_mod%C3%A8le_de_l%27OMS_des_m%C3%A9dicaments_essentiels
Carbapenem,Carbap%C3%A9n%C3%A8me
Beenmerg,Moelle_osseuse
Rekspanning,Tension_m%C3%A9canique
Slijmbekercel,Cellule_caliciforme
Oudgrieks,Grec_ancien
Corticostero%C3%AFden,Cortico%C3%AFde
Renato_Dulbecco,Renato_Dulbecco
Slokdarm,%C5%92sophage
Vaste_plant,Plante_vivace
Cocktail,Cocktail
Hiv-remmers,Antir%C3%A9troviral
Wereldbevolking,Population_mondiale
Common_pool_resources,Bien_collectif
Spinachtigen,Arachnida
Borstvoeding,Allaitement_maternel
Hasjiesj,Haschich
Radionuclide,Radioisotope
Carbamazepine,Carbamaz%C3%A9pine
Zwart_gat,Trou_noir
Discrete_wiskunde,Math%C3%A9matiques_discr%C3%A8tes
Interkwartielafstand,%C3%89cart_interquartile
Ouder,Parent_(famille)
Antiserum,S%C3%A9roth%C3%A9rapie
Wild,Gibier
Piercing,Piercing
Otto_Rank,Otto_Rank
Ideomotorisch_effect,Effet_id%C3%A9omoteur
Isotopen_van_bismut,Isotopes_du_bismuth
Niezen,%C3%89ternuement
Transmutatie_(kernfysica),Transmutation
Hertogdom_Brunswijk,Duch%C3%A9_de_Brunswick
Jungiaanse_psychoanalyse,Psychologie_analytique
Vegetatieve_stoornis,Dystonie_neurov%C3%A9g%C3%A9tative
Ellis_Peters,Edith_Pargeter
Pervasieve_ontwikkelingsstoornis,Trouble_envahissant_du_d%C3%A9veloppement
Noscapine,Noscapine
Ammoniumoxalaat,Oxalate_d%27ammonium
Benzofenon,Benzoph%C3%A9none
Natriumpermanganaat,Permanganate_de_sodium
Vonkinductor,Bobine_de_Ruhmkorff
Heuristiek,Heuristique
Sportduiken,Plong%C3%A9e_sous-marine
Algemene_gaswet,Loi_des_gaz_parfaits
Foetus,F%C5%93tus_humain
Tracheotomie,Trach%C3%A9otomie
Syndroom_van_Down,Trisomie_21
Cauterisatie,Caut%C3%A9risation
Kilogram,Kilogramme
Insulinoom,N%C3%A9sidioblastome
Academic_Press,Academic_Press
Jalal_ad-Din_Rumi,Djal%C3%A2l_ad-D%C3%AEn_R%C3%BBm%C3%AE
Spirometer,Spirom%C3%A8tre
Complementsysteem,Syst%C3%A8me_du_compl%C3%A9ment
Globulair_eiwit,Prot%C3%A9ine_globulaire
Barotrauma,Barotraumatisme
Armagnac_(drank),Armagnac_(eau-de-vie)
Fylogenetische_stamboom,Arbre_phylog%C3%A9n%C3%A9tique
Chelatie,Ch%C3%A9lation
Klysma,Lavage_de_l%27intestin
Bass_Rock,Bass_Rock_(%C3%89cosse)
Smeltpunt,Point_de_fusion
Goldschmidt-classificatie,Classification_g%C3%A9ochimique_des_%C3%A9l%C3%A9ments
Chlorose_(mens),Chlorose_(m%C3%A9decine)
Enkel-nucleotide-polymorfie,Polymorphisme_nucl%C3%A9otidique
Stamceltransplantatie,Transplantation_de_moelle_osseuse
Daratumumab,Daratumumab
Messenger-RNA,Acide_ribonucl%C3%A9ique_messager
Hyperglykemie,Hyperglyc%C3%A9mie
Zwangerschapsmisselijkheid,Naus%C3%A9e_matinale
Pietro_Pomponazzi,Pomponazzi
Kornbrand,Korn_(liqueur)
Mycose,Mycose
Saskatchewan,Saskatchewan
Ziektekostenverzekering,Assurance_maladie
Hemochromatose,H%C3%A9mochromatose_de_type_1
Drug,Narcotique
Iditarod,Iditarod_Trail_Sled_Dog_Race
Thiamfenicol,Thiamph%C3%A9nicol
Universiteit_van_Chicago,Universit%C3%A9_de_Chicago
Dysenterie,Dysenterie
Fahrenheit,Degr%C3%A9_Fahrenheit
Constante_kosten,Co%C3%BBt_fixe
Lymfangitis,Lymphangite
Debiet,D%C3%A9bit_(physique)
Indian_Health_Service,Indian_Health_Service
Salpeterzuur,Acide_nitrique
Vetweefsel,Tissu_adipeux
Analytische_machine,Machine_analytique
Monoklien_kristalstelsel,Syst%C3%A8me_cristallin_monoclinique
Shirdi_Sai_Baba,Shirdi_Sai_Baba
Myelofibrose,Spl%C3%A9nom%C3%A9galie_my%C3%A9lo%C3%AFde
Ammonium,Ammonium
Donsvlinder,Euproctis_similis
Homocyste%C3%AFne,Homocyst%C3%A9ine
Buskruit,Poudre_noire
Krimoorlog,Guerre_de_Crim%C3%A9e
Cumberland_(graafschap),Cumberland_(comt%C3%A9)
Mesopotami%C3%AB,M%C3%A9sopotamie
Hyaluronan,Acide_hyaluronique
Algologie_(geneeskunde),Traitement_de_la_douleur
Hyperammoni%C3%ABmie,Hyperammoni%C3%A9mie
GC-gehalte,Taux_de_GC
Dosha,Dosha
Algoritme_van_Prim,Algorithme_de_Prim
Karl_Popper,Karl_Popper
Frans_Hogenberg,Frans_Hogenberg
Translatie_(biologie),Traduction_g%C3%A9n%C3%A9tique
Otorinolaryngologie,Otorhinolaryngologie
Cari%C3%ABs,Carie_dentaire
Temperament,Temp%C3%A9rament_(psychologie)
Bejaarde,Vieillesse
Olanzapine,Olanzapine
Steekproeffunctie,Statistique_(indicateur)
Genetische_technologie,G%C3%A9nie_g%C3%A9n%C3%A9tique
Xerostomie,X%C3%A9rostomie
Ontziltingsinstallatie,Dessalement
Buste_(kunst),Buste_(sculpture)
Poliovirus,Poliovirus
Schedel,Cr%C3%A2ne
Ontwikkeld_land,Pays_d%C3%A9velopp%C3%A9
Mendelian_Inheritance_in_Man,H%C3%A9ritage_mend%C3%A9lien_chez_l%27humain
Anticonceptiepil,Pilule_combin%C3%A9e
Sagunto,Sagonte
Sat%C3%A9,Sate
Tentakel,Tentacule
Cocktailshaker,Shaker
B-geheugencel,Lymphocyte_B_%C3%A0_m%C3%A9moire
Apollonia_(Illyri%C3%AB),Apollonia_d%27Illyrie
Wildstroperij,Braconnage
Cyprus,Chypre_(pays)
Hemodynamiek,H%C3%A9modynamique
Grootmoederhypothese,Hypoth%C3%A8se_de_la_grand-m%C3%A8re
Timolol,Timolol
Alo%C3%AB_vera,Aloe_vera
Beademingsapparaat,Respirateur_artificiel
Neurologie,Neurologie
Liesbreuk,Hernie_inguinale
Bisschopswijn,Vin_chaud
Hemoglobine,H%C3%A9moglobine
Neushoorns,Rhinoc%C3%A9ros
Halogeen,Halog%C3%A8ne
Dierenrijk,Animal
Aneurysma,An%C3%A9vrisme
Lanthanide,Lanthanide
Diacetyleen,Butadiyne
Campylobacter_jejuni,Campylobacter_jejuni
Lichtgevoelige_cel,Photor%C3%A9cepteur_(biologie)
Combinatoriek,Combinatoire
Moleculaire_dynamica,Dynamique_mol%C3%A9culaire
Zwangerschapscategorie,M%C3%A9dicaments_et_grossesse
Acrylonitril,Acrylonitrile
Rutherfordium,Rutherfordium
Fenylalanine,Ph%C3%A9nylalanine
Johann_Heinrich_Lambert,Jean-Henri_Lambert
Palpatie,Palpation_(m%C3%A9decine)
Coronavirussen,Coronavirus
Wetenschappelijk_bewijs,Preuve_scientifique
Miconazol,Miconazole
Bloed-hersenbarri%C3%A8re,Barri%C3%A8re_h%C3%A9mato-enc%C3%A9phalique
IUPAP,Union_internationale_de_physique_pure_et_appliqu%C3%A9e
Inktvissen,C%C3%A9phalopode
Tandenborstel,Brosse_%C3%A0_dents
Stromingsweerstand,Tra%C3%AEn%C3%A9e
Amfetamine,Amph%C3%A9tamine
Padintegraal,Int%C3%A9grale_de_chemin
Selectieve_serotonine-heropnameremmers,Inhibiteur_s%C3%A9lectif_de_la_recapture_de_la_s%C3%A9rotonine
Magna_Graecia,Grande-Gr%C3%A8ce
Lithiumhexafluorfosfaat,Hexafluorophosphate_de_lithium
Ouderenmishandeling,Maltraitance_des_personnes_%C3%A2g%C3%A9es
FtsZ,FtsZ
Mylan,Mylan
Openbare_ruimte,Espace_public
Oplosmiddel,Solvant
EG-nummer,Num%C3%A9ro_CE
Massaspectrometrie,Spectrom%C3%A9trie_de_masse
Acetylgroep,Ac%C3%A9tyle
Wiskunde,Math%C3%A9matiques
Ziekenhuisinformatiesysteem,Syst%C3%A8me_d%27information_hospitalier
Bayer,Bayer_(entreprise)
Lipofiel,Lipophilie
Dampvormige_anesthetica,Agent_anesth%C3%A9sique_volatil
Attisch_(dialect),Attique_(dialecte)
Ouderdomswrat,K%C3%A9ratose_s%C3%A9borrh%C3%A9ique
Edward_Lawrie_Tatum,Edward_Lawrie_Tatum
Nikkel-cadmium-accu,Accumulateur_nickel-cadmium
Compressiemodulus,Module_d%27%C3%A9lasticit%C3%A9_isostatique
Apple_Watch,Apple_Watch
Crisis_van_de_jaren_1930,Grande_D%C3%A9pression
Alkalinebatterij,Pile_alcaline
Ontstekingsremmers,Anti-inflammatoire
Civitas,Civitas
Eurobarometer,Eurobarom%C3%A8tre
Sydney,Sydney
Levensmiddel,Nourriture
Elektrochemische_gradi%C3%ABnt,Gradient_%C3%A9lectrochimique
Spearmans_rangcorrelatieco%C3%ABffici%C3%ABnt,Corr%C3%A9lation_de_Spearman
Spinale_zenuw,Nerf_spinal
Hand,Main
Passieve_immuniteit,Immunit%C3%A9_passive
Syndroom_van_Loeys-Dietz,Syndrome_de_Loeys-Dietz
Affix,Affixe
Syndroom_van_Tietze,Syndrome_de_Tietze
Leonidas_I_van_Sparta,L%C3%A9onidas_Ier_de_Sparte
Harmonisch_gemiddelde,Moyenne_harmonique
Psychofarmacon,M%C3%A9dicament_psychotrope
Kwikbatterij,Pile_au_mercure
Locus_caeruleus,Locus_c%C5%93ruleus
Gebedsgenezing,Gu%C3%A9rison_par_la_foi
United_States_Pharmacopeia,United_States_Pharmacopeia
Interhalogeen,Interhalog%C3%A8ne
Lyse,Lyse_(biologie)
Satoshi_Omura,Satoshi_%C5%8Cmura
Argumentum_ad_ignorantiam,Appel_%C3%A0_l%27ignorance
Zelfactualisering,Accomplissement_personnel
Borstbeen,Sternum
Hypnotherapie,Hypnoth%C3%A9rapie
Vermout,Vermouth
Interstiti%C3%ABle_longziekten,Pneumopathie_interstitielle
Vasoconstrictie,Vasoconstriction
Beloningssysteem,Syst%C3%A8me_de_r%C3%A9compense
Asparaginezuur,Acide_aspartique
Kloosterorde,Ordre_religieux
Co-evolutie,Co%C3%A9volution
Toes,Tous_(Iran)
Wetenschapsgeschiedenis,Histoire_des_sciences
Sugiliet,Sugilite
Zuidwesten_van_de_Verenigde_Staten,Sud-Ouest_des_%C3%89tats-Unis
Terugkoppeling,R%C3%A9troaction
Uithoudingsvermogen,Endurance
Bombus_consobrinus,Bombus_consobrinus
Theanine,Th%C3%A9anine
Hondenfluitje,Sifflet_%C3%A0_chien
Aldolreactie,Aldolisation
Curatele_(Nederland),Tutelle
Voortijdige_zaadlozing,%C3%89jaculation_pr%C3%A9coce
Megalopolis_(Griekenland),M%C3%A9galopolis
Universiteit_van_Makerere,Universit%C3%A9_Makerere
Athetose,Ath%C3%A9tose
Anticoagulantia,Anticoagulant
"Queen_Anne%27s_Revenge_(schip,_1710)",Queen_Anne%27s_Revenge
Syndroom_van_Wolfram,Syndrome_de_Wolfram
Ionotrope_receptor,R%C3%A9cepteur_ionotrope
Antinucleaire_antistof,Anticorps_antinucl%C3%A9aire
Fraude,Fraude
Vleesboom,L%C3%A9iomyome_ut%C3%A9rin
Psychopathologie,Psychopathologie
Myceens,Myc%C3%A9nien
Bacteri%C3%ABn,Bact%C3%A9rie
Wijnbouw_in_Rusland,Viticulture_en_Russie
Salvador_Luria,Salvador_Luria
Wet_van_Archimedes,Pouss%C3%A9e_d%27Archim%C3%A8de
Syncope_(medisch),Syncope_(m%C3%A9decine)
Hyssop,Hysope
Pasteuriseren,Pasteurisation
Serum,S%C3%A9rum
Supernova,Supernova
Brinellhardheid,Duret%C3%A9_Brinell
Complottheorie,Th%C3%A9orie_du_complot
Trimvest,Gilet_de_stabilisation
Hydratatie,Hydratation
Carcinogeen,Canc%C3%A9rog%C3%A8ne
Britse_Oost-Indische_Compagnie,Compagnie_britannique_des_Indes_orientales
NFPA_704,NFPA_704
Amgen,Amgen
Artemis_(mythologie),Art%C3%A9mis
Medicatiebewaking,Pharmacovigilance
Halal,Halal
Amyotrofe_laterale_sclerose,Scl%C3%A9rose_lat%C3%A9rale_amyotrophique
Legionella,Legionella
Kirsch,Kirsch
Arteria_carotis_communis,Art%C3%A8re_carotide_commune
Knie_(anatomie),Genou
Dissectie_(medisch),Dissection_art%C3%A9rielle
Lood(II)hydroxide,Hydroxyde_de_plomb(II)
Syndroom_van_Guillain-Barr%C3%A9,Syndrome_de_Guillain-Barr%C3%A9
Thalamus,Thalamus
Trilhaar,Cil_cellulaire
Kinase,Kinase
Levitatie_(bovennatuurlijk),L%C3%A9vitation_(paranormal)
Zwavelzuur,Acide_sulfurique
Zuur-base-evenwicht_(bloed),%C3%89quilibre_acido-basique
American_Physical_Society,Soci%C3%A9t%C3%A9_am%C3%A9ricaine_de_physique
CHOP,CHOP_(m%C3%A9decine)
Polyethyleentereftalaat,Polyt%C3%A9r%C3%A9phtalate_d%27%C3%A9thyl%C3%A8ne
Cortison,Cortisone
Moksha,Moksha
Justus_von_Liebig,Justus_von_Liebig
Stoornis_van_de_lichaamsbeleving,Dysmorphophobie
Karolinska-instituut,Institut_Karolinska
Tulsidas,Tuls%C3%AEd%C3%A2s
Cytochroom,Cytochrome
Oogspier,Muscles_oculomoteurs
Acad%C3%A9mie_des_sciences,Acad%C3%A9mie_des_sciences_(France)
Anders_Celsius,Anders_Celsius
Trigonaal_bipiramidale_moleculaire_geometrie,G%C3%A9om%C3%A9trie_mol%C3%A9culaire_bipyramidale_trigonale
Parelvisser,P%C3%AAche_%C3%A0_la_perle
Amfotericine_B,Amphot%C3%A9ricine_B
Thiocyaanzuur,Acide_thiocyanique
Celkern,Noyau_(biologie)
Percentiel,Centile
Borderline-persoonlijkheidsstoornis,Trouble_de_la_personnalit%C3%A9_borderline
Earth_Overshoot_Day,Jour_du_d%C3%A9passement
Darmstadtium,Darmstadtium
Maag,Estomac
Saturnus_(god),Saturne_(mythologie)
Pol_Swings,Pol_Swings
Metalloprotease,M%C3%A9talloprot%C3%A9inase
Myofibril,Myofibrille
Ziekte_van_Marie-Bamberger,Ost%C3%A9oarthropathie_hypertrophiante_pneumique
Lever,Foie
Kraagdragers,Hemichordata
National_Academy_of_Engineering,Acad%C3%A9mie_nationale_d%27ing%C3%A9nierie_des_%C3%89tats-Unis
Vertraagde-slaapfasesyndroom,Syndrome_de_retard_de_phase_du_sommeil
Bradykinine,Bradykinine
Ademhalingsstelsel,Appareil_respiratoire
Remscheid,Remscheid
Tannine,Tanin
%C3%89douard_Manet,%C3%89douard_Manet
Calvados_(drank),Calvados_(eau-de-vie)
Rationalisme,Rationalisme
Symptoomloze_drager,Porteur_sain
Braken_(lichaamsfunctie),Vomissement
Kalibreren,%C3%89talonnage_(m%C3%A9trologie)
Wrat,Verrue
William_Gull,William_Gull
Etilefrine,%C3%89til%C3%A9frine
Progesteron,Progest%C3%A9rone
Holi-Phagwa,Holi
Quetiapine,Qu%C3%A9tiapine
Super-low_frequency,Super_basse_fr%C3%A9quence
Lor%C3%A1nd_E%C3%B6tv%C3%B6s,Lor%C3%A1nd_E%C3%B6tv%C3%B6s
Dexter_(televisieserie),Dexter_(s%C3%A9rie_t%C3%A9l%C3%A9vis%C3%A9e)
Pityriasis_versicolor,Pityriasis_versicolor
Janmashtami,Janmashtami
Lymfadenopathie,Ad%C3%A9nopathie
Transcendente_meditatie,M%C3%A9ditation_transcendantale
Hereditair_angio-oedeem,Angi%C5%93d%C3%A8me_bradykinique
Adenovirussen,Adenoviridae
Hepatitis_A,H%C3%A9patite_A
Myxoma_cordis,Myxome_cardiaque
Kobalt(II)fluoride,Fluorure_de_cobalt(II)
Koffiezuur,Acide_caf%C3%A9ique
Gevalsstudie,%C3%89tude_de_cas
Lager_(bier),Lager
Eenjarige_plant,Plante_annuelle
Interpol,Interpol
Carina_(luchtwegen),Car%C3%A8ne_trach%C3%A9ale
PLOS_ONE,PLOS_One
Angiotensine-converterend_enzym,Enzyme_de_conversion_de_l%27angiotensine
Chinoline,Quinol%C3%A9ine
Alendroninezuur,Acide_alendronique
Neurodegeneratie,Maladie_neurod%C3%A9g%C3%A9n%C3%A9rative
Nocardia,Nocardia
Chemotherapie,Chimioth%C3%A9rapie
Citroenmelisse,M%C3%A9lisse_officinale
Frans_Jozef_I_van_Oostenrijk,Fran%C3%A7ois-Joseph_Ier
Erythrasma,%C3%89rythrasma
Intensieve_zorg,M%C3%A9decine_de_soins_critiques
Indometacine,Indom%C3%A9tacine
Benedict_Cumberbatch,Benedict_Cumberbatch
Obsessieve-compulsieve_stoornis,Trouble_obsessionnel_compulsif
Thaise_massage,Massage_tha%C3%AF
Uitademing,Expiration_pulmonaire
Abu_Sa%27id_Abul-Khayr,Ab%C3%BB_Sa%C3%AFd_ibn_Ab%C3%BB_al-Kha%C3%AFr
Barry_Marshall,Barry_J._Marshall
Mondhygi%C3%ABne,Hygi%C3%A8ne_bucco-dentaire
Klinische_chemie,Biochimie_clinique
Subduraal_hematoom,H%C3%A9matome_sous-dural
Triatlon,Triathlon
Levocetirizine,L%C3%A9voc%C3%A9tirizine
Janeway-laesies,Placard_%C3%A9ryth%C3%A9mateux_de_Janeway
Nervus_abducens,Nerf_abducens
Griekse_kolonisatie,Colonisation_grecque
Rimonabant,Rimonabant
Reactieve_zuurstofcomponent,D%C3%A9riv%C3%A9_r%C3%A9actif_de_l%27oxyg%C3%A8ne
Rhodamine,Rhodamine
Aldehyde,Ald%C3%A9hyde
Patrick_Blackett,Patrick_Blackett
Duikfles,Bouteille_de_plong%C3%A9e
Waterstof_(element),Hydrog%C3%A8ne
Adaptieve_optiek,Optique_adaptative
Philippa_Foot,Philippa_Foot
Gesmoltenzoutreactor,R%C3%A9acteur_nucl%C3%A9aire_%C3%A0_sels_fondus
Etniciteit,Ethnie
Azteken,Azt%C3%A8ques
Purushartha,Purushartha
Oligomenorroe,Oligom%C3%A9norrh%C3%A9e
Nitinol,Nitinol
Pittsburgh,Pittsburgh
Proctologie,Proctologie
United_States_Department_of_Health_and_Human_Services,D%C3%A9partement_de_la_Sant%C3%A9_et_des_Services_sociaux_des_%C3%89tats-Unis
Universit%C3%A9_Claude-Bernard-Lyon-I,Universit%C3%A9_Claude-Bernard-Lyon-I
Jackson_(Mississippi),Jackson_(Mississippi)
Internationale_Maritieme_Organisatie,Organisation_maritime_internationale
Sharia,Charia
Natriumnitriet,Nitrite_de_sodium
Scandiumgroep,Groupe_3_du_tableau_p%C3%A9riodique
Diatomee%C3%ABn,Bacillariophyta
Kerstroos_(Helleborus),Helleborus_niger
Veneuze_insuffici%C3%ABntie,Insuffisance_veineuse
Hypovolemie,Hypovol%C3%A9mie
