6 min walk test	test de marche de six minutes
6-min walk test	test de marche de six minutes
6-minute hall walk	test de marche de six minutes
6-minute walk distance	test de marche de six minutes
6-minute walk test	test de marche de six minutes
6-minute walked distance	test de marche de six minutes
6-minute walking distance	test de marche de six minutes
6-mwt	test de marche de six minutes
6mwt	test de marche de six minutes
abdominal	abdominale, abdominales
ablation	ablation
acc	acc, american college of cardiology
acute coronary syndrome	syndrome coronaire aigu, syndrome coronarien aigu, syndromes coronaires aigus, syndromes coronariens aigus
acute coronary syndromes	syndrome coronaire aigu, syndrome coronarien aigu, syndromes coronaires aigus, syndromes coronariens aigus
acute dyspnea	dyspnée aiguë
acute heart failure	insuffisance cardiaque aiguë
acute hf	insuffisance cardiaque aiguë
acute kidney injury	insuffisance rénale aiguë, ira
acute myocardial infarction	infarctus du myocarde, infarctus du myocarde à la phase aiguë, infarctus myocardique, im
acute	aigu, aiguë, aiguës, aigus
adenosine	adénosine
adenoviral	adénoviraux
adenovirus	adénovirus
adipose tissue	tissu adipeux
admission	admission, admissions, hospitalisation, hospitalisations
admissions	admission, admissions, hospitalisation, hospitalisations
adrenomedullin	adrénoméduline
aetiologies	étiologie, étiologies
af	fibrillation atriale, fibrillation auriculaire, fibrilation auriculaire, arythmie par fibrillation auriculaire, fa, ac/fa
afterload	post-charge, postcharge
aha	aha, american heart association
ahf	insuffisance cardiaque aiguë
ai	insuffisance aortique
aldosterone antagonist	antagonistes de l'aldostérone, antagonistes des récepteurs de l'aldostérone, diurétiques anti-aldostérone
aldosterone receptor antagonists	antagonistes de l'aldostérone, antagonistes des récepteurs de l'aldostérone, diurétiques anti-aldostérone
aldosterone receptor	récepteurs de l'aldostérone
aldosterone	aldostérone
ambulatory	ambulatoire, ambulatoires
american college of cardiology	american college of cardiology, acc
american heart association	aha, american heart association
ami	infarctus du myocarde, infarctus du myocarde à la phase aiguë, infarctus myocardique, im
amino-terminal pro-b-type natriuretic peptide	n-terminal propeptide natriurétique de type b, nt-probnp
anemia	anémie
ang ii	angiotensine 2, angiotensine ii, at2
angii	angiotensine 2, angiotensine ii, at2
angina	angine, angor
angiogenesis	néo-angiogenèse
angiography	angiographie
angioplasty	angioplastie
angiotensin converting enzyme inhibitor	inhibiteur de l'enzyme de conversion, inhibiteur de l'enzyme de conversion de l'angiotensine, inhibiteurs d'enzyme de conversion de l'angiotensine, inhibiteurs de l'enzyme de conversion, inhibiteurs de l'enzyme de conversion de l'angiotensine, inhibiteurs de l'enzyme de conversion de l'angiotensine ii, iec, ieca
angiotensin converting enzyme inhibitors	inhibiteur de l'enzyme de conversion, inhibiteur de l'enzyme de conversion de l'angiotensine, inhibiteurs d'enzyme de conversion de l'angiotensine, inhibiteurs de l'enzyme de conversion, inhibiteurs de l'enzyme de conversion de l'angiotensine, inhibiteurs de l'enzyme de conversion de l'angiotensine ii, iec, ieca
angiotensin converting enzyme	enzyme de conversion de l'angiotensine, enzyme de conversion de l'angiotensine ii
angiotensin ii receptor blocker	ara2, ara, antagonistes des récepteurs at1 de l'angiotensine ii, antagonistes des récepteurs de l'angiotensine ii, inhibiteur des récepteurs de l'angiotensine, inhibiteurs de l'angiotensine ii, sartans
angiotensin ii	angiotensine 2, angiotensine ii, at2
angiotensin receptor antagonist	ara2, ara, antagonistes des récepteurs at1 de l'angiotensine ii, antagonistes des récepteurs de l'angiotensine ii, inhibiteur des récepteurs de l'angiotensine, inhibiteurs de l'angiotensine ii, sartans
angiotensin receptor blockers	ara2, ara, antagonistes des récepteurs at1 de l'angiotensine ii, antagonistes des récepteurs de l'angiotensine ii, inhibiteur des récepteurs de l'angiotensine, inhibiteurs de l'angiotensine ii, sartans
angiotensin receptors blockers	ara2, ara, antagonistes des récepteurs at1 de l'angiotensine ii, antagonistes des récepteurs de l'angiotensine ii, inhibiteur des récepteurs de l'angiotensine, inhibiteurs de l'angiotensine ii, sartans
angiotensin	angiotensine
angiotensin-converting enzyme inhibitor	inhibiteur de l'enzyme de conversion, inhibiteur de l'enzyme de conversion de l'angiotensine, inhibiteurs d'enzyme de conversion de l'angiotensine, inhibiteurs de l'enzyme de conversion, inhibiteurs de l'enzyme de conversion de l'angiotensine, inhibiteurs de l'enzyme de conversion de l'angiotensine ii, iec, ieca
angiotensin-converting enzyme inhibitors	inhibiteur de l'enzyme de conversion, inhibiteur de l'enzyme de conversion de l'angiotensine, inhibiteurs d'enzyme de conversion de l'angiotensine, inhibiteurs de l'enzyme de conversion, inhibiteurs de l'enzyme de conversion de l'angiotensine, inhibiteurs de l'enzyme de conversion de l'angiotensine ii, iec, ieca
angiotensin-converting enzyme	enzyme de conversion de l'angiotensine, enzyme de conversion de l'angiotensine ii
angiotensin-receptor blocker	ara2, ara, antagonistes des récepteurs at1 de l'angiotensine ii, antagonistes des récepteurs de l'angiotensine ii, inhibiteur des récepteurs de l'angiotensine, inhibiteurs de l'angiotensine ii, sartans
angiotensin-receptor blockers	ara2, ara, antagonistes des récepteurs at1 de l'angiotensine ii, antagonistes des récepteurs de l'angiotensine ii, inhibiteur des récepteurs de l'angiotensine, inhibiteurs de l'angiotensine ii, sartans
antagonist	antagoniste, antagonistes
antagonists	antagoniste, antagonistes
anthracycline	anthracyclines
anthracyclines	anthracyclines
antiarrhythmic drugs	antiarythmique, antiarythmiques
antiarrhythmic	antiarythmique, antiarythmiques
antibodies	immunoglobuline, anticorps
anticoagulants	anticoagulant, anticoagulants
anticoagulation	anticoagulation
antihypertensive medication	antihypertenseur, antihypertenseurs
antiplatelet agents	antiplaquettaire, antiplaquettaires, agents antiplaquettaires
antiplatelet drugs	antiplaquettaire, antiplaquettaires, agents antiplaquettaires
antiplatelet medication	antiplaquettaire, antiplaquettaires, agents antiplaquettaires
antitumor	antitumoraux
aortic insufficiency	insuffisance aortique
aortic valve insufficiency	insuffisance aortique
aortic valve	valve aortique
aortic	aortique, aortiques
aortocaval fistula	fistule aorto-cave distale
apex	apex
apoptosis	apoptose
area under the curve	aire sous la courbe roc, auc
area under the receiver operating characteristic curve	aire sous la courbe roc, auc
arginine vasopressin	hormone antidiurétique, vasopressine
arrhythmia	arythmie, arythmies, arythmies cardiaques, troubles du rythme
arrhythmias	arythmie, arythmies, arythmies cardiaques, troubles du rythme
arterial pressure	pression artérielle
arterial	artériel, artérielle, artériels, artérielles, artériellle
arteries	artère, artères
artery	artère, artères
arthritis	arthrite, arthrites
asymptomatic	asymptomatique, asymptomatiques
at1 receptors	récepteurs at1 de l'angiotensine ii
at1	at1
atherosclerosis	athérosclérose
atp	atp
atrial fibrillation	fibrillation atriale, fibrillation auriculaire, fibrilation auriculaire, arythmie par fibrillation auriculaire, fa, ac/fa
atrial natriuretic peptide	peptides natriurétiques a, peptides natriurétiques auriculaires, anp
atrial tachyarrhythmias	troubles du rythme auriculaires, arythmie auriculaire
atrial	atriale, auriculaire, auriculaires
atrioventricular delay	délai auriculo-ventriculaire, délai av, délais auriculo-ventriculaires
atrioventricular	atrioventriculaire, atrioventriculaires, av, auriculo-ventriculaire, auriculo-ventriculaires, auriculoventriculaire, auriculoventriculaires
atrium	oreillette, oreillettes
auc	aire sous la courbe roc, auc
aucs	aire sous la courbe roc, auc
auscultation	auscultation
autonomic nervous system	système nerveux autonome
avp	hormone antidiurétique, vasopressine
b natriuretic peptides	peptide b natriurétique, peptide natriurétique cérébral, peptide natriurétique de type b, peptide natriurétique de type-b, b-type natriuretic peptide, bnp, brain natriuretic peptide
b-type natriuretic peptide	peptide b natriurétique, peptide natriurétique cérébral, peptide natriurétique de type b, peptide natriurétique de type-b, b-type natriuretic peptide, bnp, brain natriuretic peptide
b-type np	peptide b natriurétique, peptide natriurétique cérébral, peptide natriurétique de type b, peptide natriurétique de type-b, b-type natriuretic peptide, bnp, brain natriuretic peptide
baroreflex	baroréflexe
bb	β-bloquant, β-bloquants, bêta bloquants, bêta-bloquant, bêta-bloquants, bêtabloquant, bétabloquants, bêtabloquants, bêtabloqueur, ß-bloquants
bcl-2	protéine bcl-2
bcl2	protéine bcl-2
benign tumors	tumeur bénigne, tumeurs bénignes
beta blockers	β-bloquant, β-bloquants, bêta bloquants, bêta-bloquant, bêta-bloquants, bêtabloquant, bétabloquants, bêtabloquants, bêtabloqueur, ß-bloquants
beta receptor blockers	β-bloquant, β-bloquants, bêta bloquants, bêta-bloquant, bêta-bloquants, bêtabloquant, bétabloquants, bêtabloquants, bêtabloqueur, ß-bloquants
beta-adrenergic receptor	récepteurs bêta du myocarde
beta-blocker	β-bloquant, β-bloquants, bêta bloquants, bêta-bloquant, bêta-bloquants, bêtabloquant, bétabloquants, bêtabloquants, bêtabloqueur, ß-bloquants
beta-blockers	β-bloquant, β-bloquants, bêta bloquants, bêta-bloquant, bêta-bloquants, bêtabloquant, bétabloquants, bêtabloquants, bêtabloqueur, ß-bloquants
biomarker	biomarqueur, biomarqueurs, marqueurs biologiques
biomarkers	biomarqueur, biomarqueurs, marqueurs biologiques
biopsies	biopsie, biopsies
bisoprolol	bisoprolol
biventricular support	stimulation atriobiventriculaire, stimulation biventriculaire, stimulation cardiaque biventriculaire
biventricular	biventriculaire, biventriculaires
bleeding	hémorragie, hémorragies
blood flow	hémodynamique, hémodynamiques, flux sanguin
blood pressure	pression artérielle
blood transfusions	transfusion
blood	sang
blood-flow	hémodynamique, hémodynamiques, flux sanguin
bmi	index de masse corporelle
bnp	peptide b natriurétique, peptide natriurétique cérébral, peptide natriurétique de type b, peptide natriurétique de type-b, b-type natriuretic peptide, bnp, brain natriuretic peptide
body mass index	index de masse corporelle
bolus	bolus
bp	pression artérielle
bradyarrhythmias	bradycardie
bradycardia	bradycardie
brain natriuretic peptide	peptide b natriurétique, peptide natriurétique cérébral, peptide natriurétique de type b, peptide natriurétique de type-b, b-type natriuretic peptide, bnp, brain natriuretic peptide
brain	cerveau
breast cancer	breast cancer, cancers du sein
breathlessness	détresse respiratoire, dyspnée
bypass	pontage aortocoronarien, pac
c statistic	aire sous la courbe roc, auc
c statistics	aire sous la courbe roc, auc
c-index	aire sous la courbe roc, auc
c-statistics	aire sous la courbe roc, auc
cabg	pontage aortocoronarien, pac
cachexia	cachexie
cad	coronaropathie, coronaropathies, ischémie myocardique, insuffisance coronaire, insuffisance coronarienne, maladie coronaire, ischémie coronarienne, cardiopathie ischémique, cardiopathies ischémiques
calcineurin	calcineurine
canada	canada
capillary	capillaire
cardiac amyloidosis	amyloïdose cardiaque, amylose cardiaque, amyloses cardiaques
cardiac arrest	arrêt cardiaque, mort cardiaque
cardiac catheterization	cathétérisme cardiaque
cardiac death	arrêt cardiaque, mort cardiaque
cardiac deaths	arrêt cardiaque, mort cardiaque
cardiac defibrillator	défibrillateur, défibrillateurs
cardiac disease	atteinte cardiaque, atteintes cardiaques, cardiopathie, cardiopathies, maladie cardiaque, maladie du coeur, maladies cardiaques
cardiac dysfunction	défaillance cardiaque, défaillance cardiogénique, dysfonction cardiaque, dysfonctionnement cardiaque, insuffisance cardique, insuffisances cardiaques, icc, insuffisance cardiaque, ic, chf, décompensation cardiaque, décompensation cardiaque congestive, insuffisance cardiaque congestive
cardiac failure	défaillance cardiaque, défaillance cardiogénique, dysfonction cardiaque, dysfonctionnement cardiaque, insuffisance cardique, insuffisances cardiaques, icc, insuffisance cardiaque, ic, chf, décompensation cardiaque, décompensation cardiaque congestive, insuffisance cardiaque congestive
cardiac fibrosis	fibrose cardiaque
cardiac filling pressures	pressions de remplissage
cardiac function	fonction cardiaque
cardiac functions	fonction cardiaque
cardiac hypertrophy	hypertrophie cardiaque
cardiac index	index cardiaque
cardiac murmurs	souffle cardiaque
cardiac output	débit cardiaque
cardiac remodeling	remodelage cardiaque, remodelage ventriculaire
cardiac remodelling	remodelage cardiaque, remodelage ventriculaire
cardiac resynchronization therapy	crt, resynchronisation, resynchronisation cardiaque, resynchronisation ventriculaire, rétablissement de la fréquence cardiaque, stimulation cardiaque multisite, rfc
cardiac transplant	transplantation cardiaque, greffe cardiaque, greffons cardiaques
cardiac transplantation	transplantation cardiaque, greffe cardiaque, greffons cardiaques
cardiac transplants	transplantation cardiaque, greffe cardiaque, greffons cardiaques
cardiac volume overload	surcharge de volume
cardiac	cardiaque, cardiaques, cardique
cardiac-resynchronization therapy	crt, resynchronisation, resynchronisation cardiaque, resynchronisation ventriculaire, rétablissement de la fréquence cardiaque, stimulation cardiaque multisite, rfc
cardiogenic shock	choc cardiogénique, choc cardiogène
cardiogenic	cardiogène, cardiogénique
cardiologists	cardiologue, cardiologues
cardiology	cardiologie
cardiomyiopathy	cardiomyopathie, cardiomyopathies, myocardiopathie, myocardiopathies
cardiomyocyte	cardiomyocyte, cardiomyocytes, myocytes cardiaques
cardiomyocytes	cardiomyocyte, cardiomyocytes, myocytes cardiaques
cardiomyopathies	cardiomyopathie, cardiomyopathies, myocardiopathie, myocardiopathies
cardiomyopathy	cardiomyopathie, cardiomyopathies, myocardiopathie, myocardiopathies
cardiopulmonary bypass	pontage aortocoronarien, pac
cardiopulmonary	cardiopulmonaire, cardiopulmonaires
cardiotoxicity	cardiotoxicité, cardiotoxicity, toxicité cardiaque
cardiovascular death	mortalité cardiovasculaire
cardiovascular disease	pathologies cardio-vasculaires, maladies cardiovasculaires, maladies cardiovascule, affection cardiovasculaire
cardiovascular diseases	pathologies cardio-vasculaires, maladies cardiovasculaires, maladies cardiovascule, affection cardiovasculaire
cardiovascular event	atteintes cardiovasculaires, évènement cardiovasculaire, évènements cardiovasculaires
cardiovascular events	atteintes cardiovasculaires, évènement cardiovasculaire, évènements cardiovasculaires
cardiovascular mortality	mortalité cardiovasculaire
cardiovascular	cardiovasculaire, cardiovasculaires, cardiovascule, cardio-vasculaire, cardio-vasculaires
cardioverter-defibrillator device	défibrillateur automatique implantable, défibrillateur cardiaque automatique implantable, défibrillateur cardiaque implantable, défibrillateur implantable automatique, défibrillateurs automatiques implantés, défibrillateurs cardiaques implantables, défibrillateurs implantables, défibrillateur automatique implantable ventriculaire, dai
cell therapy	thérapie cellulaire
centrifugal flow pump	pompes centrifuges
cerebral	cérébral, cérébrale, cérébrales, cérébraux
cerebrovascular	cerebrovasculaire
chamber	cavités cardiaques, chambre
charm	charm
chemotherapy	chimiothérapie, chimiothérapies
chest	thorax
chf	ic chronique, insuffisance cardiaque chronique, icc, défaillance cardiaque, défaillance cardiogénique, dysfonction cardiaque, dysfonctionnement cardiaque, insuffisance cardique, insuffisances cardiaques, icc, insuffisance cardiaque, ic, chf, décompensation cardiaque, décompensation cardiaque congestive, insuffisance cardiaque congestive
chf-nyha-ii	insuffisance cardiaque de classe ii
chf-nyha-iii	insuffisance cardiaque stade iii
chronic decompensated heart failure	cardiopathies chroniques décompensées
chronic heart failure	ic chronique, insuffisance cardiaque chronique, icc
chronic hf	ic chronique, insuffisance cardiaque chronique, icc
chronic kidney disease	insuffisance rénale chronique
chronic obstructive pulmonary disease	bpco, broncho-pneumopathie chronique obstructive, bronchopneumopathie obstructive chronique
chronic renal failure	insuffisance rénale chronique
chronic systolic heart failure	insuffisance cardiaque chronique avec fonction systolique diminuée
chronic	chronique, chroniques
ci	ic, intervalle de confiance
circulation	circulation
circulatory support	assistance circulatoire, assistances circulatoires
circulatory	circulatoires, circulatoire
cis	ic, intervalle de confiance
ckd	insuffisance rénale chronique
clinic	centre hospitalier, hôpital, clinique, cliniques
clinical	clinique, cliniques
clinically	cliniquement
clinician	clinicien, cliniciens
clinicians	clinicien, cliniciens
co	débit cardiaque
co-morbidities	co-morbidité, co-morbidités, comorbidité, comorbidités
co-morbidity	co-morbidité, co-morbidités, comorbidité, comorbidités
collagen	collagène
comorbidities	co-morbidité, co-morbidités, comorbidité, comorbidités
comorbidity	co-morbidité, co-morbidités, comorbidité, comorbidités
compensated lv hypertrophy	hypertrophie cardiaque gauche compensée
compliance	compliance
complication	complication, complications
complications	complication, complications
condition	affection, affections, maladie, maladies, condition, conditions
conditions	affection, affections, maladie, maladies, condition, conditions
confidence interval	ic, intervalle de confiance
confidence intervals	ic, intervalle de confiance
congenital	congénitales, congénitaux, congénitale, congénital
congestive heart failure	défaillance cardiaque, défaillance cardiogénique, dysfonction cardiaque, dysfonctionnement cardiaque, insuffisance cardique, insuffisances cardiaques, icc, insuffisance cardiaque, ic, chf, décompensation cardiaque, décompensation cardiaque congestive, insuffisance cardiaque congestive
congestive hf	défaillance cardiaque, défaillance cardiogénique, dysfonction cardiaque, dysfonctionnement cardiaque, insuffisance cardique, insuffisances cardiaques, icc, insuffisance cardiaque, ic, chf, décompensation cardiaque, décompensation cardiaque congestive, insuffisance cardiaque congestive
consultation	consultation, consultations
consultations	consultation, consultations
contractile	contractile, contractiles
contractility	contractilité
copd	bpco, broncho-pneumopathie chronique obstructive, bronchopneumopathie obstructive chronique
coronary angiography	coronarographie
coronary arteries	artère coronaire, coronaire, coronaires
coronary artery bypass grafting	pontage aortocoronarien, pac
coronary artery bypass surgery	pontage aortocoronarien, pac
coronary artery bypass	pontage aortocoronarien, pac
coronary artery disease	coronaropathie, coronaropathies, ischémie myocardique, insuffisance coronaire, insuffisance coronarienne, maladie coronaire, ischémie coronarienne, cardiopathie ischémique, cardiopathies ischémiques
coronary artery	artère coronaire, coronaire, coronaires
coronary disease	coronaropathie, coronaropathies, ischémie myocardique, insuffisance coronaire, insuffisance coronarienne, maladie coronaire, ischémie coronarienne, cardiopathie ischémique, cardiopathies ischémiques
coronary heart disease	coronaropathie, coronaropathies, ischémie myocardique, insuffisance coronaire, insuffisance coronarienne, maladie coronaire, ischémie coronarienne, cardiopathie ischémique, cardiopathies ischémiques
coronary revascularization	revascularisation coronaire
coronary	artère coronaire, coronaire, coronaires, coronarien, coronarienne, coronariens
correlate	corrélée
correlated	corrélée
correlates	corrélée
correlation coefficient	coefficient de corrélation
correlation	corrélation
correlations	corrélation
cox model	modèle de cox
cox models	modèle de cox
cox proportional hazard analyses	modèle de cox
cox proportional hazard models	modèle de cox
cox proportional hazards analyses	modèle de cox
cox proportional hazards models	modèle de cox
cox proportional hazards regression modeling	modèle de cox
cox regression analysis	modèle de cox
cox regression models	modèle de cox
cox regression	modèle de cox
cox-proportional hazard models	modèle de cox
creatinine	créatinine
cri	corrélation
cronbach's α	alpha de cronbach
crt	crt, resynchronisation, resynchronisation cardiaque, resynchronisation ventriculaire, rétablissement de la fréquence cardiaque, stimulation cardiaque multisite, rfc
curative	curatifs
cv	cardiovasculaire, cardiovasculaires, cardiovascule, cardio-vasculaire, cardio-vasculaires
cvd	pathologies cardio-vasculaires, maladies cardiovasculaires, maladies cardiovascule, affection cardiovasculaire
cystatin c	cystatine c
cytotoxic	cytotoxiques
dcm	cardiomyopathie dilaté, cardiomyopathie dilatée, cardiomyopathies dilatées, myocardiopathie dilatée, mcd, cmd
dd	dysfonction cardiaque diastolique, dysfonction diastolique, dysfonctionnements diastoliques, ic diastolique, icd, icfep, insuffisance cardiaque à fonction systolique conservée, insuffisance cardiaque à fonction systolique d'éjection conservée, insuffisance cardiaque à fonction systolique préservée, insuffisance cardiaque à fraction d'éjection préservée, insuffisance cardiaque congestive à fonction systolique conservée, insuffisance cardiaque diastolique, ic à fonction systolique préservée
death	mort, mortalité
deaths	mort, mortalité
decompensation	décompensation
defibrillator	défibrillateur, défibrillateurs
defibrillators	défibrillateur, défibrillateurs
diabetes mellitus	diabete, diabète
diabetes	diabete, diabète
diabetic	diabétique, diabètique, diabétiques
diagnosed	diagnostiquée, diagnostiquées, diagnostiquer, diagnostiqués
diagnoses	diagnostic, diagnostics
diagnosis	diagnostic, diagnostics
diagnostic	diagnostique, diagnostiques
dialysis	dialyse
diastole	diastole
diastolic blood pressure	pression diastolique
diastolic dysfunction	dysfonction cardiaque diastolique, dysfonction diastolique, dysfonctionnements diastoliques, ic diastolique, icd, icfep, insuffisance cardiaque à fonction systolique conservée, insuffisance cardiaque à fonction systolique d'éjection conservée, insuffisance cardiaque à fonction systolique préservée, insuffisance cardiaque à fraction d'éjection préservée, insuffisance cardiaque congestive à fonction systolique conservée, insuffisance cardiaque diastolique, ic à fonction systolique préservée
diastolic failure	dysfonction cardiaque diastolique, dysfonction diastolique, dysfonctionnements diastoliques, ic diastolique, icd, icfep, insuffisance cardiaque à fonction systolique conservée, insuffisance cardiaque à fonction systolique d'éjection conservée, insuffisance cardiaque à fonction systolique préservée, insuffisance cardiaque à fraction d'éjection préservée, insuffisance cardiaque congestive à fonction systolique conservée, insuffisance cardiaque diastolique, ic à fonction systolique préservée
diastolic filling formalism	remplissage diastolique
diastolic filling time	durée du remplissage diastolique
diastolic function	fonction diastolique
diastolic	diastolique, diastoliques
dilatation	dilatation
dilated cardiomyopathy	cardiomyopathie dilaté, cardiomyopathie dilatée, cardiomyopathies dilatées, myocardiopathie dilatée, mcd, cmd
dilated	dilaté, dilatée, dilatées
dilation	dilatation
disease	affection, affections, maladie, maladies, condition, conditions
diseases	affection, affections, maladie, maladies, condition, conditions
diuretic	diurétique, diurétiques
diuretics	diurétique, diurétiques
dobutamine	dobutamine
doctors	médecin, médecins
doppler echocardiography	doppler cardiaque, écho-doppler cardiaque, échocardiographie doppler, échocardiographie-doppler
doppler	doppler
double-blind	double aveugle, double insu
drug treatment	traitement médicamenteux, traitement pharmacologique, traitements pharmacologiques
drug	médicament, médicaments, médication
drugs	médicament, médicaments, médication
dysfunction	dysfonction, dysfonctionnement, dysfonctions
dyspnea	détresse respiratoire, dyspnée
ec	cellules endothéliales
ecg	ecg, électrocardiogramme, électrocardiographie
ecgs	ecg, électrocardiogramme, électrocardiographie
echo-doppler cardiography	doppler cardiaque, écho-doppler cardiaque, échocardiographie doppler, échocardiographie-doppler
echo-doppler	échographie-doppler, écho-doppler
echocardiograms	échocardiogramme, echocardiographie, échocardiographie, échocardiographies, échographie cardiaque
echocardiographic	échocardiagraphique, échocardiographique, échocardiographiques
echocardiography	échocardiogramme, echocardiographie, échocardiographie, échocardiographies, échographie cardiaque
ecmo	ecmo, extra-corporeal membrane oxygenation
ecs	cellules endothéliales
ed	urgences
edema	rétention hydrique, rétention hydrosodée, œdème, oedemes, oedèmes, œdèmes
eds	urgences
ef	fe, fevg, févg, fonction systolique d'éjection du ventricule gauche, fraction d'ejection, fraction d'éjection, fraction d'éjection du ventricule gauche, fraction d'éjection ventriculaire gauche, fraction d'éjection vg, fraction de raccourcissement du ventricule gauche, fractions d'éjection, f. e.
egfr	débit global de filtration glomérulaire, taux de filtration glomérulaire
ejection fraction	fe, fevg, févg, fonction systolique d'éjection du ventricule gauche, fraction d'ejection, fraction d'éjection, fraction d'éjection du ventricule gauche, fraction d'éjection ventriculaire gauche, fraction d'éjection vg, fraction de raccourcissement du ventricule gauche, fractions d'éjection, f. e.
ejection fractions	fe, fevg, févg, fonction systolique d'éjection du ventricule gauche, fraction d'ejection, fraction d'éjection, fraction d'éjection du ventricule gauche, fraction d'éjection ventriculaire gauche, fraction d'éjection vg, fraction de raccourcissement du ventricule gauche, fractions d'éjection, f. e.
electrocardiogram	ecg, électrocardiogramme, électrocardiographie
electrocardiographic	électrocardiographique, électrocardiographiques
electrolytes	électrolytes
emergency department	urgences
emergency room	urgences
end-diastolic volume	volumes télédiastoliques
end-systolic	télésystoliques
endopeptidase	endopeptidase
endothelial cell	cellules endothéliales
endothelial dysfunction	dysfonction endothéliale
endothelial function	fonction endothéliale
endothelial	endothélial, endothéliale, endothéliales
endothelin	endothéline
enzyme	enzyme, enzymes
enzymes	enzyme, enzymes
epidemic	épidémie
epidemiology	epidémiologie, épidémiologie
estimated glomerular filtration rate	débit global de filtration glomérulaire, taux de filtration glomérulaire
etiologic	étiologique, étiologiques
etiologies	étiologie, étiologies
etiology	étiologie, étiologies
europe	europe
exercise capacity	tolérance à l'effort
exercise tolerance	tolérance à l'effort
explanted	explanter
expression	expression
expressions	expression
extra corporeal membrane oxygenation	ecmo, extra-corporeal membrane oxygenation
extracellular	extracellulaire
extracorporeal life support	ecmo, extra-corporeal membrane oxygenation
extracorporeal membrane oxygenation	ecmo, extra-corporeal membrane oxygenation
extracorporeal support	ecmo, extra-corporeal membrane oxygenation
fibrillation	fibrilation, fibrillation
fibrosis	fibrose
filling pressure	pressions de remplissage
filling pressures	pressions de remplissage
fluid retention	rétention hydrique, rétention hydrosodée, œdème, oedemes, oedèmes, œdèmes
follow up	suivi
follow-up duration	période de suivi
follow-up	suivi
framingham	framingham
functional capacity	capacité fonctionnelle
functional class	classe de la new york heart association, classe fonctionnelle nyha, classe nyha, classes fonctionnelles
furosemide	furosémide
gene	gêne, gènes
general anaesthesia	anesthésie générale
genes	gêne, gènes
genetic	génétique, génétiques, génique
genomic	génomique
glomerular filtration rate	débit global de filtration glomérulaire, taux de filtration glomérulaire
glucose	glucose
haematopoietic	hématopoïétiques
haemodynamic	hémodynamique, hémodynamiques, flux sanguin
health	santé
healthy	saines, sains
heart beat	fréquence cardiaque, fc
heart block	troubles de conduction
heart disease	atteinte cardiaque, atteintes cardiaques, cardiopathie, cardiopathies, maladie cardiaque, maladie du coeur, maladies cardiaques
heart failure with preserved ejection fraction	dysfonction cardiaque diastolique, dysfonction diastolique, dysfonctionnements diastoliques, ic diastolique, icd, icfep, insuffisance cardiaque à fonction systolique conservée, insuffisance cardiaque à fonction systolique d'éjection conservée, insuffisance cardiaque à fonction systolique préservée, insuffisance cardiaque à fraction d'éjection préservée, insuffisance cardiaque congestive à fonction systolique conservée, insuffisance cardiaque diastolique, ic à fonction systolique préservée
heart failure with preserved left ventricular ejection fraction	dysfonction cardiaque diastolique, dysfonction diastolique, dysfonctionnements diastoliques, ic diastolique, icd, icfep, insuffisance cardiaque à fonction systolique conservée, insuffisance cardiaque à fonction systolique d'éjection conservée, insuffisance cardiaque à fonction systolique préservée, insuffisance cardiaque à fraction d'éjection préservée, insuffisance cardiaque congestive à fonction systolique conservée, insuffisance cardiaque diastolique, ic à fonction systolique préservée
heart failure with reduced ejection fraction	dysfonction systolique, dysfonction systolique ventriculaire, ic à fevg réduite, insuffisance cardiaque à fraction d'éjection réduite, insuffisance cardiaque systolique, insuffisance systolique
heart failure	défaillance cardiaque, défaillance cardiogénique, dysfonction cardiaque, dysfonctionnement cardiaque, insuffisance cardique, insuffisances cardiaques, icc, insuffisance cardiaque, ic, chf, décompensation cardiaque, décompensation cardiaque congestive, insuffisance cardiaque congestive
heart function clinic	heart function clinic
heart muscle	muscle cardiaque, myocarde
heart rate	fréquence cardiaque, fc
heart transplant	transplantation cardiaque, greffe cardiaque, greffons cardiaques
heart transplantation	transplantation cardiaque, greffe cardiaque, greffons cardiaques
heart transplantations	transplantation cardiaque, greffe cardiaque, greffons cardiaques
heart	coeur, cœur
heartmate	heartmate
hearts	coeur, cœur
hemodynamic	hémodynamique, hémodynamiques, flux sanguin
hemodynamics	hémodynamique, hémodynamiques, flux sanguin
hemoglobin	hémoglobine
hereditary	héréditaire
hf with preserved ef	dysfonction cardiaque diastolique, dysfonction diastolique, dysfonctionnements diastoliques, ic diastolique, icd, icfep, insuffisance cardiaque à fonction systolique conservée, insuffisance cardiaque à fonction systolique d'éjection conservée, insuffisance cardiaque à fonction systolique préservée, insuffisance cardiaque à fraction d'éjection préservée, insuffisance cardiaque congestive à fonction systolique conservée, insuffisance cardiaque diastolique, ic à fonction systolique préservée
hf with preserved ejection fraction	dysfonction cardiaque diastolique, dysfonction diastolique, dysfonctionnements diastoliques, ic diastolique, icd, icfep, insuffisance cardiaque à fonction systolique conservée, insuffisance cardiaque à fonction systolique d'éjection conservée, insuffisance cardiaque à fonction systolique préservée, insuffisance cardiaque à fraction d'éjection préservée, insuffisance cardiaque congestive à fonction systolique conservée, insuffisance cardiaque diastolique, ic à fonction systolique préservée
hf with reduced ef	dysfonction systolique, dysfonction systolique ventriculaire, ic à fevg réduite, insuffisance cardiaque à fraction d'éjection réduite, insuffisance cardiaque systolique, insuffisance systolique
hf with reduced ejection fraction	dysfonction systolique, dysfonction systolique ventriculaire, ic à fevg réduite, insuffisance cardiaque à fraction d'éjection réduite, insuffisance cardiaque systolique, insuffisance systolique
hf	défaillance cardiaque, défaillance cardiogénique, dysfonction cardiaque, dysfonctionnement cardiaque, insuffisance cardique, insuffisances cardiaques, icc, insuffisance cardiaque, ic, chf, décompensation cardiaque, décompensation cardiaque congestive, insuffisance cardiaque congestive
hf-action	hf-action
hf-ref	dysfonction systolique, dysfonction systolique ventriculaire, ic à fevg réduite, insuffisance cardiaque à fraction d'éjection réduite, insuffisance cardiaque systolique, insuffisance systolique
hfpef	dysfonction cardiaque diastolique, dysfonction diastolique, dysfonctionnements diastoliques, ic diastolique, icd, icfep, insuffisance cardiaque à fonction systolique conservée, insuffisance cardiaque à fonction systolique d'éjection conservée, insuffisance cardiaque à fonction systolique préservée, insuffisance cardiaque à fraction d'éjection préservée, insuffisance cardiaque congestive à fonction systolique conservée, insuffisance cardiaque diastolique, ic à fonction systolique préservée
hfref	dysfonction systolique, dysfonction systolique ventriculaire, ic à fevg réduite, insuffisance cardiaque à fraction d'éjection réduite, insuffisance cardiaque systolique, insuffisance systolique
hgb	hémoglobine
hhd	cardiopathies hypertensives
histological	histologique, histologiques
histologically	histologique, histologiques
hospital	centre hospitalier, hôpital, clinique, cliniques
hospitalisation	admission, admissions, hospitalisation, hospitalisations
hospitalisations	admission, admissions, hospitalisation, hospitalisations
hospitalization	admission, admissions, hospitalisation, hospitalisations
hospitalizations	admission, admissions, hospitalisation, hospitalisations
hospitalized	hospitalisé, hospitalisée, hospitalisées, hospitalisés
hospitals	centre hospitalier, hôpital, clinique, cliniques
hr	fréquence cardiaque, fc
hypertension	hypertension, hypertensions, hta, hypertension artérielle, hypertensions artérielles, hypertension artériellle
hypertensive heart disease	cardiopathies hypertensives
hypertensive	hypertendu, hypertendus, hypertensive, hypertensives, hypertensif
hypertrophic	hypertrophique
hypertrophied	hypertrophier
hypertrophy	hypertrophie, hypertrophie cellulaire
hypoalbuminemia	hypo-albuminémie
hyponatremia	hyponatrémie, hyponatrémies
hypotension	hypotension
hypoxia	hypoxie, hypoxies
ic	cardiomyopathie ischémique
icc	coefficient de corrélation intraclasse
icd	défibrillateur automatique implantable, défibrillateur cardiaque automatique implantable, défibrillateur cardiaque implantable, défibrillateur implantable automatique, défibrillateurs automatiques implantés, défibrillateurs cardiaques implantables, défibrillateurs implantables, défibrillateur automatique implantable ventriculaire, dai
icds	défibrillateur automatique implantable, défibrillateur cardiaque automatique implantable, défibrillateur cardiaque implantable, défibrillateur implantable automatique, défibrillateurs automatiques implantés, défibrillateurs cardiaques implantables, défibrillateurs implantables, défibrillateur automatique implantable ventriculaire, dai
icu	unité des soins intensifs, usi
idiopathic dilated cardiomyopathy	mcdi, myocardiopathie dilatée idiopathique
idiopathic	idiopathique, idiopathiques
idiopathic-dilated cardiomyopathy	mcdi, myocardiopathie dilatée idiopathique
immunohistochemistry	immunohistochimiques
implant	implantation, implanter
implantable cardiac arrhythmia devices	défibrillateur automatique implantable, défibrillateur cardiaque automatique implantable, défibrillateur cardiaque implantable, défibrillateur implantable automatique, défibrillateurs automatiques implantés, défibrillateurs cardiaques implantables, défibrillateurs implantables, défibrillateur automatique implantable ventriculaire, dai
implantable cardiac defibrillator	défibrillateur automatique implantable, défibrillateur cardiaque automatique implantable, défibrillateur cardiaque implantable, défibrillateur implantable automatique, défibrillateurs automatiques implantés, défibrillateurs cardiaques implantables, défibrillateurs implantables, défibrillateur automatique implantable ventriculaire, dai
implantable cardioverter defibrillator	défibrillateur automatique implantable, défibrillateur cardiaque automatique implantable, défibrillateur cardiaque implantable, défibrillateur implantable automatique, défibrillateurs automatiques implantés, défibrillateurs cardiaques implantables, défibrillateurs implantables, défibrillateur automatique implantable ventriculaire, dai
implantable cardioverter defibrillators	défibrillateur automatique implantable, défibrillateur cardiaque automatique implantable, défibrillateur cardiaque implantable, défibrillateur implantable automatique, défibrillateurs automatiques implantés, défibrillateurs cardiaques implantables, défibrillateurs implantables, défibrillateur automatique implantable ventriculaire, dai
implantable cardioverter-defibrillator	défibrillateur automatique implantable, défibrillateur cardiaque automatique implantable, défibrillateur cardiaque implantable, défibrillateur implantable automatique, défibrillateurs automatiques implantés, défibrillateurs cardiaques implantables, défibrillateurs implantables, défibrillateur automatique implantable ventriculaire, dai
implantable cardioverter-defibrillators	défibrillateur automatique implantable, défibrillateur cardiaque automatique implantable, défibrillateur cardiaque implantable, défibrillateur implantable automatique, défibrillateurs automatiques implantés, défibrillateurs cardiaques implantables, défibrillateurs implantables, défibrillateur automatique implantable ventriculaire, dai
implantable defibrillators	défibrillateur automatique implantable, défibrillateur cardiaque automatique implantable, défibrillateur cardiaque implantable, défibrillateur implantable automatique, défibrillateurs automatiques implantés, défibrillateurs cardiaques implantables, défibrillateurs implantables, défibrillateur automatique implantable ventriculaire, dai
implantable	implantable, implantables
implantation	implantation
implantations	implantation
implanted	implanté, implantée, implantés
implants	implantation, implanter
in vitro	in vitro
in vivo	in vivo
incidence	incidence
infarct	infarctus
infarction	infarctus
infection	infection, infections
inferior vena cava	veine cave inférieure
inflammation	inflammation
inflammatory	inflammatoire
infusion	infusions
infusions	infusions
injections	injection, injections
inotropes	inotropes
inotropic	inotropes
insulin	insuline
intensive care unit	unité des soins intensifs, usi
internists	internistes
interventricular septum	septum ventriculaire
interventricular	interventriculaire
intracellular	infracellulaires
intraclass correlation coefficient	coefficient de corrélation intraclasse
intravenous	intra-veineuse, intraveineuse, intraveineuses
intravenously	intra-veineuse, intraveineuse, intraveineuses
intubation	intubation
intubations	intubation
invasive	invasif, invasive, invasives
invasively	invasif, invasive, invasives
inverse correlation	corrélation inverse
ischaemia	ischémie
ischemia	ischémie
ischemic cardiomyopathy	cardiomyopathie ischémique
ischemic cerebrovascular events	accident vasculaire ischémique, accidents ischémiques cérébraux
ischemic	ischémique, ischémiques
isoprenaline	isoprotérénol
isoproterenol	isoprotérénol
ivabradine	ivabradine
ivc	veine cave inférieure
kappa coefficient	valeurs kappa
kappa coefficients	valeurs kappa
kidney disease	dysfonctionnement rénal, insuffisance rénale
kidney failure	dysfonctionnement rénal, insuffisance rénale
kidney	rein, reins
killip class	killip
lbbb	bloc de branche gauche
lean body mass	masse non grasse
lean mass	masse non grasse
left atrium	auricule gauche
left bundle branch block	bloc de branche gauche
left bundle-branch block	bloc de branche gauche
left ventricle	ventricule gauche, vg
left ventricular diastolic function	fonction diastolique
left ventricular dysfunction	insuffisance ventriculaire gauche, dysfonction ventriculaire gauche, dysfonction vg, dysfonctionnement ventriculaire gauche
left ventricular ejection fraction	fe, fevg, févg, fonction systolique d'éjection du ventricule gauche, fraction d'ejection, fraction d'éjection, fraction d'éjection du ventricule gauche, fraction d'éjection ventriculaire gauche, fraction d'éjection vg, fraction de raccourcissement du ventricule gauche, fractions d'éjection, f. e.
left ventricular ejection fractions	fe, fevg, févg, fonction systolique d'éjection du ventricule gauche, fraction d'ejection, fraction d'éjection, fraction d'éjection du ventricule gauche, fraction d'éjection ventriculaire gauche, fraction d'éjection vg, fraction de raccourcissement du ventricule gauche, fractions d'éjection, f. e.
left ventricular filling pressure	pressions de remplissage du ventricule gauche
left ventricular filling	remplissage ventriculaire gauche
left ventricular function	fonction ventriculaire gauche
left ventricular hypertrophy	hypertrophie cardiaque gauche, hypertrophie ventriculaire gauche, hvg
left ventricular systolic dysfunction	dysfonction systolique du ventricule gauche, dysfonction systolique ventriculaire gauche, dysfonction systolique vg, dysfonction ventriculaire gauche systolique, insuffisance systolique ventriculaire gauche
left ventricular	vg, ventriculaire gauche
lesion	lésion, lésions
lesions	lésion, lésions
life expectancy	espérance de vie
liver	foie
logistic regression	régression logistique
loop diuretics	diurétique de l'anse, diurétiques de l'anse
lung	poumon
lv compliance	compliance ventriculaire gauche
lv contractility	contractilité ventriculaire gauche
lv dysfunction	insuffisance ventriculaire gauche, dysfonction ventriculaire gauche, dysfonction vg, dysfonctionnement ventriculaire gauche
lv ef	fe, fevg, févg, fonction systolique d'éjection du ventricule gauche, fraction d'ejection, fraction d'éjection, fraction d'éjection du ventricule gauche, fraction d'éjection ventriculaire gauche, fraction d'éjection vg, fraction de raccourcissement du ventricule gauche, fractions d'éjection, f. e.
lv ejection fraction	fe, fevg, févg, fonction systolique d'éjection du ventricule gauche, fraction d'ejection, fraction d'éjection, fraction d'éjection du ventricule gauche, fraction d'éjection ventriculaire gauche, fraction d'éjection vg, fraction de raccourcissement du ventricule gauche, fractions d'éjection, f. e.
lv filling pressure	pressions de remplissage du ventricule gauche
lv filling pressures	pressions de remplissage du ventricule gauche
lv function	fonction ventriculaire gauche
lv hypertrophy	hypertrophie cardiaque gauche, hypertrophie ventriculaire gauche, hvg
lv remodeling	remodelage ventriculaire gauche
lv	ventricule gauche, vg, ventriculaire gauche
lvef	fe, fevg, févg, fonction systolique d'éjection du ventricule gauche, fraction d'ejection, fraction d'éjection, fraction d'éjection du ventricule gauche, fraction d'éjection ventriculaire gauche, fraction d'éjection vg, fraction de raccourcissement du ventricule gauche, fractions d'éjection, f. e.
lvh	hypertrophie cardiaque gauche, hypertrophie ventriculaire gauche, hvg
macrophages	macrophages
maximum oxygen consumption	oxygène de pointe, pic de vo2, vo2 de pointe, vo2 max
mechanical circulatory support	assistance circulatoire mécanique
medical history	anamnèse
medical therapy	traitement médical, médicothérapie
medical treatment	traitement médical, médicothérapie
medical	médical, médicale, médicales, medicaux, médicaux
medically	médicalement
medication	médicament, médicaments, médication
medications	médicament, médicaments, médication
medicine	médecine
meta-analyses	méta-analyse, méta-analyses
meta-analysis	méta-analyse, méta-analyses
metabolic	métaboliques
metabolism	métabolisme
mi	infarctus du myocarde, infarctus du myocarde à la phase aiguë, infarctus myocardique, im
mineralocorticoid receptor antagonists	antagoniste du récepteur minéralocorticoïde
mis	infarctus du myocarde, infarctus du myocarde à la phase aiguë, infarctus myocardique, im
mitral regurgitation	insuffisance mitrale, insuffisances mitrales
mitral	mitral, mitrale, mitrales, mitraux
morbidities	morbidité, morbidités
morbidity	morbidité, morbidités
mortality	mort, mortalité
mr	insuffisance mitrale, insuffisances mitrales
mri	imagerie par résonance magnétique, résonance magnétique, irm
mrna	arm messagers, arn messager
mrnas	arm messagers, arn messager
multiorgan failure	défaillance multiviscérale, défaillances multiviscérales
multivariable analysis	analyse multivariée
multivariable logistic analysis	régression logistique multivariée
multivariate analyses	analyse multivariée
multivariate analysis	analyse multivariée
multivariate logistic regression analysis	régression logistique multivariée
muscle	muscle
muscles	muscle
muscular	musculaire, musculaires
myocardial fibrosis	fibrose cardiaque
myocardial function	fonction myocardique
myocardial infarction	infarctus du myocarde, infarctus du myocarde à la phase aiguë, infarctus myocardique, im
myocardial ischaemia	ischémie myocardique, ischémie silencieuse
myocardial ischemia	ischémie myocardique, ischémie silencieuse
myocardial	myocardique, myocardiques
myocarditis	myocardite, myocardites
myocardium	muscle cardiaque, myocarde
myoctyes	myocytes
myocyte hypertrophy	hypertrophie myocytaire
myocyte	myocytes
myocytes	myocytes
myofibrillar	myofibrillaire
myxoma	myxome, myxomes
myxomas	myxome, myxomes
n-terminal pro-b-type natriuretic peptide	n-terminal propeptide natriurétique de type b, nt-probnp
n-terminal pro-b-type natriuretic peptides	n-terminal propeptide natriurétique de type b, nt-probnp
n-terminal pro-b-type np	n-terminal propeptide natriurétique de type b, nt-probnp
n-terminal pro-brain natriuretic peptide	n-terminal propeptide natriurétique de type b, nt-probnp
n-terminal pro-brain-type natriuretic peptide	n-terminal propeptide natriurétique de type b, nt-probnp
n-terminal probnp	n-terminal propeptide natriurétique de type b, nt-probnp
natriuretic peptide	peptide natriurétique, peptides natriurétiques
natriuretic peptides	peptide natriurétique, peptides natriurétiques
natriuretic	natriurétique, natriurétiques
neoangiogenesis	néo-angiogenèse
nephropathy	dysfonctionnement rénal, insuffisance rénale
neprilysin inhibitor	inhibiteur de la néprilysine
neprilysin inhibitors	inhibiteur de la néprilysine
neprilysin	néprilysine
nesiritide	nésiritide
neuro-hormonal	neuro-hormonale, neuro-hormonales, neuro-hormonaux, neurohormonale
neurohormonal	neuro-hormonale, neuro-hormonales, neuro-hormonaux, neurohormonale
neurohormonally	neuro-hormonale, neuro-hormonales, neuro-hormonaux, neurohormonale
neurohumoral	neurohumorale
neurological	neurologique, neurologiques
new york heart association class ii	classe il de la nyha, stade ii de la nyha
new york heart association class iii	classe iii de la nyha, classe nyha iii, classification fonctionnelle iii, nyna iii
new york heart association class	classe de la new york heart association, classe fonctionnelle nyha, classe nyha, classes fonctionnelles
new york heart association classes	classe de la new york heart association, classe fonctionnelle nyha, classe nyha, classes fonctionnelles
new york heart association classification	classification de la new york heart association, classification de la nyha, classification fonctionnelle de la new york health association, classification nyha
new york heart association functional class	classe de la new york heart association, classe fonctionnelle nyha, classe nyha, classes fonctionnelles
non-invasively	non invasif, non invasive, non invasives, non-invasive
noninvasive	non invasif, non invasive, non invasives, non-invasive
nonischemic cardiomyopathies	cardiomyopathie non ischémique
norepinephrine	noradrénaline, norépinéphrine
np	peptide natriurétique, peptides natriurétiques
nps	peptide natriurétique, peptides natriurétiques
nt-pro bnp	n-terminal propeptide natriurétique de type b, nt-probnp
nt-probnp	n-terminal propeptide natriurétique de type b, nt-probnp
nurse	infirmière, infirmières
nurses	infirmière, infirmières
nyha class iii	classe iii de la nyha, classe nyha iii, classification fonctionnelle iii, nyna iii
nyha class	classe de la new york heart association, classe fonctionnelle nyha, classe nyha, classes fonctionnelles
nyha classification	classification de la new york heart association, classification de la nyha, classification fonctionnelle de la new york health association, classification nyha
nyha functional class ii	classe il de la nyha, stade ii de la nyha
nyha functional class iii	classe iii de la nyha, classe nyha iii, classification fonctionnelle iii, nyna iii
nyha functional class iv	classe iv de la nyha
nyha functional class	classe de la new york heart association, classe fonctionnelle nyha, classe nyha, classes fonctionnelles
nyha	nyha
nyha-ii	classe il de la nyha, stade ii de la nyha
nyha-iii	classe iii de la nyha, classe nyha iii, classification fonctionnelle iii, nyna iii
obese	obèse, obèses
obesity	obésité
odds ratio	or
odds ratios	or
oedema	rétention hydrique, rétention hydrosodée, œdème, oedemes, oedèmes, œdèmes
operation	chirurgie
operations	chirurgie
operative	chirurgical, chirurgicale, chirurgicales, chirurgicaux, opératoire, opératoires
or	or
oral	oral, orale
organ failure	défaillances viscérales
organ	organe, organes
organic	organique, organiques
p value	p
p values	p
p	p
p-value	p
pacemaker	pacemaker, stimulateur cardiaque, stimulateurs cardiaques
pacemakers	pacemaker, stimulateur cardiaque, stimulateurs cardiaques
pad	artériopathie
pah	htap, hypertension artérielle pulmonaire
palliative care	soins palliatifs, soins de fdv, soins de fin de vie, soins en fin de vie
palliative	palliatifs, palliative
paradigm-hf	paradigm-hf
parasympathetic tone	tonus parasympathique
parasympathetic	parasympathique
pathological	pathologiques
pathology	pathologie, pathologies
pathophysiologic	pathophysiologique, physiopathologique, physiopathologiques
pathophysiological	pathophysiologique, physiopathologique, physiopathologiques
pathophysiologically	pathophysiologique, physiopathologique, physiopathologiques
pathophysiology	pathophysiologie, physiopathologie
patient	patient, patiente, patientes, patients
patients	patient, patiente, patientes, patients
pcwp	pression capillaire pulmonaire
pde	phosphodiestérases
peak o2	oxygène de pointe, pic de vo2, vo2 de pointe, vo2 max
peak oxygen consumption	oxygène de pointe, pic de vo2, vo2 de pointe, vo2 max
peak oxygen uptake	oxygène de pointe, pic de vo2, vo2 de pointe, vo2 max
peak respiratory quotient	oxygène de pointe, pic de vo2, vo2 de pointe, vo2 max
peak vo2	oxygène de pointe, pic de vo2, vo2 de pointe, vo2 max
pef	fonction systolique conservée, fonction systolique préservée, fraction d'éjection préservée
peptide	peptides, peptide
peptides	peptides, peptide
percutaneous	percutanée, percutanées
perfusion	perfusion
perioperative	périopératoire, périopératoires, péri-opératoire, péri-opératoires, peropératoire, peropératoires
peripheral arterial disease	artériopathie
peripheral artery disease	artériopathie
peripheral edema	oedemes périphériques
peripheral oedema	oedemes périphériques
peripheral vascular disease	artériopathie
ph	htap, hypertension artérielle pulmonaire
pharmaceuticals	médicament, médicaments, médication
pharmacologic	pharmacologique, pharmacologiques
pharmacological	pharmacologique, pharmacologiques
phosphorylation	phosphorylation
physical examination	examen clinique
physical	physiques, physique
physician	médecin, médecins
physicians	médecin, médecins
physiologic	physiologiquement, physiologiques
physiological	physiologiquement, physiologiques
physiology	physiologie
pioglitazone	pioglitazone
placebo	placebo
plasma norepinephrine	noradrénaline plasmatique
plasma	plasma
polymorphism	polymorphisme
polymorphisms	polymorphisme
post-myocardial infarction	post-infarctus du myocarde
postischemic heart failure	insuffisance cardiaque post-ischémique
postoperative	postopératoire, postopératoires
postoperatively	postopératoire, postopératoires
preoperative	préopératoire, préopératoires
prescribed	prescrits
prescription	prescription, prescriptions
preserved ef	fonction systolique conservée, fonction systolique préservée, fraction d'éjection préservée
preserved ejection fraction	fonction systolique conservée, fonction systolique préservée, fraction d'éjection préservée
preserved left ventricular ejection fraction	fonction systolique conservée, fonction systolique préservée, fraction d'éjection préservée
preserved left ventricular ejection fractions	fonction systolique conservée, fonction systolique préservée, fraction d'éjection préservée
preserved lv ejection fraction	fonction systolique conservée, fonction systolique préservée, fraction d'éjection préservée
preserved lvef	fonction systolique conservée, fonction systolique préservée, fraction d'éjection préservée
pressure-overload	surcharge de pression
prevalence	prévalence, prévalences
pro bnp	probnp, propeptide natriurétique de type b
pro-b-type natriuretic peptide	probnp, propeptide natriurétique de type b
pro-b-type natriuretic peptides	probnp, propeptide natriurétique de type b
pro-b-type np	probnp, propeptide natriurétique de type b
pro-brain natriuretic peptide	probnp, propeptide natriurétique de type b
pro-brain-type natriuretic peptide	probnp, propeptide natriurétique de type b
probnp	probnp, propeptide natriurétique de type b
prognosis	pronostic, pronosgtic
prognostic	pronostique, pronostiques
prospective studies	étude prospective, études propectives, études prospectives
prospective study	étude prospective, études propectives, études prospectives
prospective	prospective, prospectives
protein	protéines, protéine
proteins	protéines, protéine
proteolysis	protéolyse
proteomic	protéomique
pubmed	pubmed
pulmonary arterial hypertension	htap, hypertension artérielle pulmonaire
pulmonary arterial pressure	pression artérielle pulmonaire, pressions pulmonaires
pulmonary capillary wedge pressure	pression capillaire pulmonaire
pulmonary embolism	embolie pulmonaire
pulmonary hypertension	htap, hypertension artérielle pulmonaire
pulmonary resistance	résistances artérielles pulmonaires
pulmonary vascular resistance	résistances artérielles pulmonaires
pulmonary	pulmonaire, pulmonaires
pulse	pouls
qol	qualité de vie
qrs complex	qrs
qrs	qrs
qt interval	intervalle qt, qt
qt intervals	intervalle qt, qt
quality of life	qualité de vie
quality-of-life	qualité de vie
québec	québec
r	r, r
raas	système rénine-angiotensine-aldostérone, ras, système rénine-angiotensine
radiological	radiologique, radiologiques
randomised	randomisé, randomisée, randomisées, randomisés
randomized	randomisé, randomisée, randomisées, randomisés
ras blockers	bloqueurs du système rénine-angiotensine, inhibiteurs du système rénine-angiotensine-aldostérone
ras	système rénine-angiotensine-aldostérone, ras, système rénine-angiotensine
ras-blocker	bloqueurs du système rénine-angiotensine, inhibiteurs du système rénine-angiotensine-aldostérone
re-hospitalization	ré-admission, réadmission, réhospitalisation, réhospitalisations
readmission	ré-admission, réadmission, réhospitalisation, réhospitalisations
readmissions	ré-admission, réadmission, réhospitalisation, réhospitalisations
receptor	récepteur, recepteurs, récepteurs
receptors	récepteur, recepteurs, récepteurs
reduced ef	fevg basse, fraction d'éjection réduite
reduced ejection fraction	fevg basse, fraction d'éjection réduite
reduced left ventricular ejection fraction	fevg basse, fraction d'éjection réduite
ref	fevg basse, fraction d'éjection réduite
refractory cardiogenic shock	choc cardiogénique réfractaire
rehabilitation	réadaptation, réentraînement
rehospitalization	ré-admission, réadmission, réhospitalisation, réhospitalisations
relative risk	risque relatif, rr
remodeling	remodelage
remodelling	remodelage
remote monitoring	télésurveillance médicale, tsm
renal disease	dysfonctionnement rénal, insuffisance rénale
renal dysfunction	dysfonctionnement rénal, insuffisance rénale
renal function	fonction rénale
renal impairment	dysfonctionnement rénal, insuffisance rénale
renal	rénal, rénale, rénales
renin	rénine
renin- angiotensin-aldosterone pathway	système rénine-angiotensine-aldostérone, ras, système rénine-angiotensine
renin-angiotensin system blocker	bloqueurs du système rénine-angiotensine, inhibiteurs du système rénine-angiotensine-aldostérone
renin-angiotensin system	système rénine-angiotensine-aldostérone, ras, système rénine-angiotensine
renin-angiotensin-aldosteron	système rénine-angiotensine-aldostérone, ras, système rénine-angiotensine
renin-angiotensin-aldosterone system inhibitors	bloqueurs du système rénine-angiotensine, inhibiteurs du système rénine-angiotensine-aldostérone
renin-angiotensin-aldosterone system	système rénine-angiotensine-aldostérone, ras, système rénine-angiotensine
repolarization	repolarisation
resistin	résistine
resynchronization therapy	crt, resynchronisation, resynchronisation cardiaque, resynchronisation ventriculaire, rétablissement de la fréquence cardiaque, stimulation cardiaque multisite, rfc
resynchronization	crt, resynchronisation, resynchronisation cardiaque, resynchronisation ventriculaire, rétablissement de la fréquence cardiaque, stimulation cardiaque multisite, rfc
retn	résistine
revascularization	revascularisation
rheumatic	rhumatismales, rhumatoïde, rhumatologique
rheumatoid	rhumatismales, rhumatoïde, rhumatologique
right atrial myxoma	myxome de l'oreillette droite
right atrium	cavité auriculaire droite, oreillette droite
right coronary artery	coronaire droite
right heart failure	insuffisance cardiaque droite
right heart	cardiaques droites, cavités cardiaques droites
right ventricle	vd, ventricule droit
right ventricular ejection fraction	fonction systolique vd
right ventricular function	fonction vd, fonction ventriculaire droite
right ventricular	ventriculaire droit, ventriculaire droite, vd
risk stratification	stratification du risque
rm	télésurveillance médicale, tsm
rr	risque relatif, rr
rv function	fonction vd, fonction ventriculaire droite
rv	vd, ventricule droit, ventriculaire droit, ventriculaire droite
s'	systole
sensitivity	sensibilité
sepsis	sepsis
septal	septal, septale
septum	septum ventriculaire
severe heart failure	insuffisance cardiaque sévère
severe hf	insuffisance cardiaque sévère
shunt	shunt, shunts
shunts	shunt, shunts
signal transduction	transduction des signaux
significant	significatif, significatifs, significative, significatives
significantly	significativement
sinus rhythm	rythme sinusal
skeletal muscle	tissu musculaire squelettique
skm	tissu musculaire squelettique
sodium	sodium
specificity	spécificité
spironolactone	spironolactone
stable heart failure	insuffisance cardiaque stable
stable hf	insuffisance cardiaque stable
stable	stable, stables
stem cell	cellules souches
stenosis	sténose, sténoses
strain	strain
stroke	accident vasculaire cérébral, accidents vasculaires cérébraux, acv, atteinte cérébrale, attaque d'apoplexie
strokes	accident vasculaire cérébral, accidents vasculaires cérébraux, acv, atteinte cérébrale, attaque d'apoplexie
student t test	testt de student
surgeons	chirurgien, chirurgiens
surgery	chirurgie
surgical	chirurgical, chirurgicale, chirurgicales, chirurgicaux, opératoire, opératoires
surgically	chirurgicalement
sympathetic activity	activation sympathique
sympathetic nervous systems	système nerveux sympathique
sympathetic tone	tonus sympathique
sympathetic	sympathique
symptom	symptôme, symptômes
symptomatic	symptomatique, symptomatiques
symptoms	symptôme, symptômes
syndrome	syndrome, syndromes
syndromes	syndrome, syndromes
systemic	systémique, systémiques
systole	systole
systolic  heart failure	dysfonction systolique, dysfonction systolique ventriculaire, ic à fevg réduite, insuffisance cardiaque à fraction d'éjection réduite, insuffisance cardiaque systolique, insuffisance systolique
systolic blood pressure	pression artérielle systolique, pression systolique
systolic dysfunction	dysfonction systolique, dysfonction systolique ventriculaire, ic à fevg réduite, insuffisance cardiaque à fraction d'éjection réduite, insuffisance cardiaque systolique, insuffisance systolique
systolic function	fonction systolique, fonction systolique vg, fonctions systoliques, fonction systolique du ventricule gauche, fonction systolique ventriculaire gauche
systolic heart failure	dysfonction systolique, dysfonction systolique ventriculaire, ic à fevg réduite, insuffisance cardiaque à fraction d'éjection réduite, insuffisance cardiaque systolique, insuffisance systolique
systolic hf	dysfonction systolique, dysfonction systolique ventriculaire, ic à fevg réduite, insuffisance cardiaque à fraction d'éjection réduite, insuffisance cardiaque systolique, insuffisance systolique
systolic pressure	pression artérielle systolique, pression systolique
systolic ventricular function	fonction systolique, fonction systolique vg, fonctions systoliques, fonction systolique du ventricule gauche, fonction systolique ventriculaire gauche
systolic	systolique, systoliques
t2d	diabète de type 2, dt2
tac	compliance artérielle
tachyarrhythmias	tachyarythmie, tachycardie, tachycardies
tachycardia	tachyarythmie, tachycardie, tachycardies
tapse	tapse, excursion systolique de l'anneau tricuspide
telemonitoring	télésurveillance médicale, tsm
terminal heart failure	ic terminale, insuffisance cardiaque terminale
terminal	terminal, terminale
testosterone	testostérone
therapeutic	thérapeutique, thérapeutiques
therapeutics	thérapeutique, thérapeutiques
therapies	thérapie, thérapies
therapy	thérapie, thérapies
thromboembolic	thrombo-emboliques, thromboembolique, thromboemboliques
thromboembolism	maladie thromboembolique
thrombosis	thrombose, thromboses
tm	télésurveillance médicale, tsm
total arterial compliance	compliance artérielle
transfusion	transfusion
transfusions	transfusion
transmitral flow	flux trans-mitral
transoesophageal echocardiography	échocardiographie transoesophagienne, eto
transplant	transplantation, greffe
transplantation	transplantation, greffe
transplantations	transplantation, greffe
transplants	transplantation, greffe
transthoracic echocardiography	échocardiographie transthoracique
trastuzumab	trastuzumab
tricuspid annular plane systolic excursion	tapse, excursion systolique de l'anneau tricuspide
tricuspid annular plane	anneau tricuspide
tricuspid	tricuspidien
troponin i	troponine i
troponin	troponine
tumor	tumeur, tumeurs
tumors	tumeur, tumeurs
tunel	transferase déoxyribonucléotide terminale, tunel
type 2 diabetes	diabète de type 2, dt2
united states	etats-unis, états-unis
univariable analysis	analyse univariée
univariate analysis	analyse univariée
us	etats-unis, états-unis
vad	assistance ventriculaire, pompe cardiaque
vads	assistance ventriculaire, pompe cardiaque
valsartan	valsartan
valvular disease	atteinte valvulaire, insuffisance valvulaire, valvulopathie, valvulopathies, pathologie valvulaire
valvular	valvulaire, valvulaires
vascular	vasculaire, vasculaires
vasodilator	médicaments vasodilatateurs, vasodilatateur, vasodilatateurs
vasodilators	médicaments vasodilatateurs, vasodilatateur, vasodilatateurs
vasodilatory	vasodilatateur, vasodilatateurs, vasodilatatrice
vasopressin	hormone antidiurétique, vasopressine
vena cava	veine cave
venoarterial dilation	vasodilatation
venous	veineuse, veineux
ventricle	ventricule, ventricules
ventricles	ventricule, ventricules
ventricular assist device	assistance ventriculaire, pompe cardiaque
ventricular assist devices	assistance ventriculaire, pompe cardiaque
ventricular cardiomyocytes	myocytes ventriculaires
ventricular diastolic function	fonction diastolique
ventricular dysfunction	dysfonction ventriculaire, dysfonctions ventriculaires, insuffisance ventriculaire
ventricular fibrillation	fibrillation ventriculaire
ventricular function	fonction ventriculaire
ventricular myocytes	myocytes ventriculaires
ventricular systolic hf	dysfonction systolique, dysfonction systolique ventriculaire, ic à fevg réduite, insuffisance cardiaque à fraction d'éjection réduite, insuffisance cardiaque systolique, insuffisance systolique
ventricular tachycardia	tachycardie ventriculaire, tachycardies ventriculaires
ventricular	ventriculaire, ventriculaires
vo	surcharge de volume
vo2 max	oxygène de pointe, pic de vo2, vo2 de pointe, vo2 max
vo2	vo2
vo2max	oxygène de pointe, pic de vo2, vo2 de pointe, vo2 max
volume overload	surcharge de volume
vt	tachycardie ventriculaire, tachycardies ventriculaires
western blot	immuomarquage western
western blots	immuomarquage western
wide qrs complex	complexes qrs larges
β-adrenergic receptor blocker	β-bloquant, β-bloquants, bêta bloquants, bêta-bloquant, bêta-bloquants, bêtabloquant, bétabloquants, bêtabloquants, bêtabloqueur, ß-bloquants
β-adrenergic receptor	récepteurs bêta du myocarde
β-ar	récepteurs bêta du myocarde
β-blocker	β-bloquant, β-bloquants, bêta bloquants, bêta-bloquant, bêta-bloquants, bêtabloquant, bétabloquants, bêtabloquants, bêtabloqueur, ß-bloquants
β-blockers	β-bloquant, β-bloquants, bêta bloquants, bêta-bloquant, bêta-bloquants, bêtabloquant, bétabloquants, bêtabloquants, bêtabloqueur, ß-bloquants
