6 min walk test	6-minutenlooptest
6-min walk test	6-minutenlooptest
6-minute hall walk	6-minutenlooptest
6-minute walk distance	6-minutenlooptest
6-minute walk test	6-minutenlooptest
6-minute walked distance	6-minutenlooptest
6-minute walking distance	6-minutenlooptest
6-mwt	6-minutenlooptest
6mwt	6-minutenlooptest
abdominal	abdominale
acc	american college of cardiology
acute coronary syndrome	acs, acuut coronair syndroom, acute coronaire syndromen
acute coronary syndromes	acs, acuut coronair syndroom, acute coronaire syndromen
acute dyspnea	acute dyspneu, acute dyspnoe
acute heart failure	acute hartfalen, acuut hartfalen
acute hf	acute hartfalen, acuut hartfalen
acute kidney injury	acute nierinsufficiëntie
acute myocardial infarction	acute myocardinfarcten, acuut myocardinfarct, hartaanval, hartinfact, hartinfarct, myocardinfarct, myocardinfarcten, mi
acute	acute, acuut
adenosine	adenosine
adipose tissue	vetweefsel
adjuvant	adjuvant, adjuvante
admission	opname, opnamen, ziekenhuisopname, ziekenhuisopnames, ziekenhuisopnamen, hospitalisatie, hospitalisaties
admissions	opname, opnamen, ziekenhuisopname, ziekenhuisopnames, ziekenhuisopnamen, hospitalisatie, hospitalisaties
adrenomedullin	adrenomedulline
aetiologies	etiologie
af	atriumfibrillatie, atriumfibrilleren, boezemfibrilleren, voorkamerfibrillatie
afterload	nabelasting
aha	american heart association
ahf	acute hartfalen, acuut hartfalen
aldosterone antagonist	aldosteronantagonist, aldosteronantagonisten, aldosterone-antagonist, aldosteronreceptorantagonist, aldosteronreceptorblokker
aldosterone receptor antagonists	aldosteronantagonist, aldosteronantagonisten, aldosterone-antagonist, aldosteronreceptorantagonist, aldosteronreceptorblokker
aldosterone receptor	aldosteronreceptoren
aldosterone	aldosteron
ambulatory	ambulant, ambulante
american college of cardiology	american college of cardiology
american heart association	american heart association
ami	acute myocardinfarcten, acuut myocardinfarct, hartaanval, hartinfact, hartinfarct, myocardinfarct, myocardinfarcten, mi
amino-terminal pro-b-type natriuretic peptide	n-terminaal pro-bnp, n-terminaal pro-breinnatriuretisch peptide, n-terminaal probnp, n-terminal-probnp, nt-pro-bnp, nt-probnp, ntprobnp
anemia	anemie
ang ii	angiotensine ii, angiotensine-ii, at ii
angii	angiotensine ii, angiotensine-ii, at ii
angina	angina, angina pectoris
angiotensin converting enzyme inhibitor	ace-inhibitoren, ace-remmer, ace-remmers, angiotensine converterende enzymremmers, angiotensine converting enzyme remmers, angiotensine-converterend-enzymremmers, angiotensineconverterendenzymremmers
angiotensin converting enzyme inhibitors	ace-inhibitoren, ace-remmer, ace-remmers, angiotensine converterende enzymremmers, angiotensine converting enzyme remmers, angiotensine-converterend-enzymremmers, angiotensineconverterendenzymremmers
angiotensin converting enzyme	angiotensine converting enzyme, angiotensine-converterend-enzym, angiotensineconverterend enzym, angiotensineconverterend-enzym, ace
angiotensin ii receptor blocker	aii-antagonist, aii-antagonisten, angiotensine ii-receptorblokkers, angiotensine receptorblokkers, angiotensine-2-receptorblokker, angiotensine-ii receptor blokkers, angiotensine-ii-antagonist, angiotensine-ii-antagonisten, angiotensine-ii-receptorantagonist, angiotensine-ii-receptorblocker, angiotensine-ii-receptorblockers, angiotensine-ii-receptorblokker, angiotensine-ii-receptorblokkers, angiotensine-receptor-blokkers, angiotensine-receptorantagonisten, angiotensinereceptorblokkers, arb's, arbs, at-ii-antagonist, at-ii-receptorantagonisten
angiotensin ii	angiotensine ii, angiotensine-ii, at ii
angiotensin receptor antagonist	aii-antagonist, aii-antagonisten, angiotensine ii-receptorblokkers, angiotensine receptorblokkers, angiotensine-2-receptorblokker, angiotensine-ii receptor blokkers, angiotensine-ii-antagonist, angiotensine-ii-antagonisten, angiotensine-ii-receptorantagonist, angiotensine-ii-receptorblocker, angiotensine-ii-receptorblockers, angiotensine-ii-receptorblokker, angiotensine-ii-receptorblokkers, angiotensine-receptor-blokkers, angiotensine-receptorantagonisten, angiotensinereceptorblokkers, arb's, arbs, at-ii-antagonist, at-ii-receptorantagonisten
angiotensin receptor blockers	aii-antagonist, aii-antagonisten, angiotensine ii-receptorblokkers, angiotensine receptorblokkers, angiotensine-2-receptorblokker, angiotensine-ii receptor blokkers, angiotensine-ii-antagonist, angiotensine-ii-antagonisten, angiotensine-ii-receptorantagonist, angiotensine-ii-receptorblocker, angiotensine-ii-receptorblockers, angiotensine-ii-receptorblokker, angiotensine-ii-receptorblokkers, angiotensine-receptor-blokkers, angiotensine-receptorantagonisten, angiotensinereceptorblokkers, arb's, arbs, at-ii-antagonist, at-ii-receptorantagonisten
angiotensin receptor neprilysin inhibitor	angiotensine receptor neprilysine inhibitors, arni's
angiotensin receptors blockers	aii-antagonist, aii-antagonisten, angiotensine ii-receptorblokkers, angiotensine receptorblokkers, angiotensine-2-receptorblokker, angiotensine-ii receptor blokkers, angiotensine-ii-antagonist, angiotensine-ii-antagonisten, angiotensine-ii-receptorantagonist, angiotensine-ii-receptorblocker, angiotensine-ii-receptorblockers, angiotensine-ii-receptorblokker, angiotensine-ii-receptorblokkers, angiotensine-receptor-blokkers, angiotensine-receptorantagonisten, angiotensinereceptorblokkers, arb's, arbs, at-ii-antagonist, at-ii-receptorantagonisten
angiotensin	angiotensine
angiotensin-converting enzyme inhibitor	ace-inhibitoren, ace-remmer, ace-remmers, angiotensine converterende enzymremmers, angiotensine converting enzyme remmers, angiotensine-converterend-enzymremmers, angiotensineconverterendenzymremmers
angiotensin-converting enzyme inhibitors	ace-inhibitoren, ace-remmer, ace-remmers, angiotensine converterende enzymremmers, angiotensine converting enzyme remmers, angiotensine-converterend-enzymremmers, angiotensineconverterendenzymremmers
angiotensin-converting enzyme	angiotensine converting enzyme, angiotensine-converterend-enzym, angiotensineconverterend enzym, angiotensineconverterend-enzym, ace
angiotensin-receptor blocker	aii-antagonist, aii-antagonisten, angiotensine ii-receptorblokkers, angiotensine receptorblokkers, angiotensine-2-receptorblokker, angiotensine-ii receptor blokkers, angiotensine-ii-antagonist, angiotensine-ii-antagonisten, angiotensine-ii-receptorantagonist, angiotensine-ii-receptorblocker, angiotensine-ii-receptorblockers, angiotensine-ii-receptorblokker, angiotensine-ii-receptorblokkers, angiotensine-receptor-blokkers, angiotensine-receptorantagonisten, angiotensinereceptorblokkers, arb's, arbs, at-ii-antagonist, at-ii-receptorantagonisten
angiotensin-receptor blockers	aii-antagonist, aii-antagonisten, angiotensine ii-receptorblokkers, angiotensine receptorblokkers, angiotensine-2-receptorblokker, angiotensine-ii receptor blokkers, angiotensine-ii-antagonist, angiotensine-ii-antagonisten, angiotensine-ii-receptorantagonist, angiotensine-ii-receptorblocker, angiotensine-ii-receptorblockers, angiotensine-ii-receptorblokker, angiotensine-ii-receptorblokkers, angiotensine-receptor-blokkers, angiotensine-receptorantagonisten, angiotensinereceptorblokkers, arb's, arbs, at-ii-antagonist, at-ii-receptorantagonisten
angiotensin-receptor neprilysin inhibitors	angiotensine receptor neprilysine inhibitors, arni's
antagonist	antagonist, antagonisten
antagonists	antagonist, antagonisten
anti-inflammatory	anti-inflammatoir, anti-inflammatoire, ontstekingsremmende, ontstekingsremmers
antiarrhythmic drugs	antiaritmica, antiaritmicum, antiarrhythmica
antiarrhythmic	antiaritmica, antiaritmicum, antiarrhythmica
anticoagulants	anticoagulantia
antihyperglycemic agents	glucoseverlagende middelen
antihyperglycemic drugs	glucoseverlagende middelen
antihypertensive medication	antihypertensiva, antihypertensivum, bloeddrukverlagende medicatie, bloeddrukverlagende middelen
antiplatelet agents	plaatjesaggregatieremmer, plaatjesremmers
antiplatelet drugs	plaatjesaggregatieremmer, plaatjesremmers
antiplatelet medication	plaatjesaggregatieremmer, plaatjesremmers
antitumor	antitumoreffect
aortic pressure	aortadruk
aortic	aortale
apex	apex
apoptosis	apoptose, apoptosis
apoptotic cells	apoptotische cellen
area under the curve	oppervlakte onder de roc-curve, auc, c-statistic, c-statistiek
area under the receiver operating characteristic curve	oppervlakte onder de roc-curve, auc, c-statistic, c-statistiek
arginine vasopressin	antidiuretisch hormoon
arni inhibitors	angiotensine receptor neprilysine inhibitors, arni's
arni	angiotensine receptor neprilysine inhibitors, arni's
arrhythmia	aritmie, aritmieën, hartritmestoornis, hartritmestoornissen, ritmestoornis, ritmestoornissen, geleidingsstoornis, geleidingsstoornissen
arrhythmias	aritmie, aritmieën, hartritmestoornis, hartritmestoornissen, ritmestoornis, ritmestoornissen, geleidingsstoornis, geleidingsstoornissen
arterial pressure	arteriële bloeddruk, bloeddruk
arterial	arteriële, arterieel
arthritis	artritis
asymptomatic	asymptomatisch, asymptomatische
at1 receptors	at1-receptor
at1	angiotensine-i, at1
atherosclerosis	atherosclerotische aandoeningen, atherosclerotische ziekten
atrial fibrillation	atriumfibrillatie, atriumfibrilleren, boezemfibrilleren, voorkamerfibrillatie
atrial natriuretic peptide	anp, atriumpeptiden
atrioventricular	atrioventriculair, atrioventriculaire
atrium	atrium
auc	oppervlakte onder de roc-curve, auc, c-statistic, c-statistiek
aucs	oppervlakte onder de roc-curve, auc, c-statistic, c-statistiek
auscultation	auscultatie
avp	antidiuretisch hormoon
b natriuretic peptides	b-type natriuretisch peptide, b-type natriuretische peptiden, b-type peptiden, b-type-natriuretisch peptide, b-type-natriuretische peptiden, b-typenatriuretisch peptide, bnp, breinnatriuretisch peptide
b-type natriuretic peptide	b-type natriuretisch peptide, b-type natriuretische peptiden, b-type peptiden, b-type-natriuretisch peptide, b-type-natriuretische peptiden, b-typenatriuretisch peptide, bnp, breinnatriuretisch peptide
b-type np	b-type natriuretisch peptide, b-type natriuretische peptiden, b-type peptiden, b-type-natriuretisch peptide, b-type-natriuretische peptiden, b-typenatriuretisch peptide, bnp, breinnatriuretisch peptide
baseline	baseline
bax	bax
bb	bèta-adrenoceptorblokker, beta-blokkers, bèta-blokkers, bètablokkeerder, bètablokkeerders, betablokker, β-receptorblokkerende sympathicolytica, bètablokker, betablokkers, bètablokkers, bètareceptorantagonisten, β-blokker, β-blokkers, ß-blokker, ß-blokkers
bcl-2	bcl2
bcl2	bcl2
beta blockade	bèta-adrenoceptorblokkade, bètareceptorblokkade, ß-blokkade
beta blockers	bèta-adrenoceptorblokker, beta-blokkers, bèta-blokkers, bètablokkeerder, bètablokkeerders, betablokker, β-receptorblokkerende sympathicolytica, bètablokker, betablokkers, bètablokkers, bètareceptorantagonisten, β-blokker, β-blokkers, ß-blokker, ß-blokkers
beta receptor blockers	bèta-adrenoceptorblokker, beta-blokkers, bèta-blokkers, bètablokkeerder, bètablokkeerders, betablokker, β-receptorblokkerende sympathicolytica, bètablokker, betablokkers, bètablokkers, bètareceptorantagonisten, β-blokker, β-blokkers, ß-blokker, ß-blokkers
beta-adrenergic receptor	bèta-adrenerge receptoren, ß-receptor
beta-blocker	bèta-adrenoceptorblokker, beta-blokkers, bèta-blokkers, bètablokkeerder, bètablokkeerders, betablokker, β-receptorblokkerende sympathicolytica, bètablokker, betablokkers, bètablokkers, bètareceptorantagonisten, β-blokker, β-blokkers, ß-blokker, ß-blokkers
beta-blockers	bèta-adrenoceptorblokker, beta-blokkers, bèta-blokkers, bètablokkeerder, bètablokkeerders, betablokker, β-receptorblokkerende sympathicolytica, bètablokker, betablokkers, bètablokkers, bètareceptorantagonisten, β-blokker, β-blokkers, ß-blokker, ß-blokkers
beta1-adrenergic receptor	ß1-adrenerge receptor, ß1-adrenerge receptoren, ß1-receptor
biomarker	biomarker, biomarkers
biomarkers	biomarker, biomarkers
biomedical	biomedische
bisoprolol	bisoprolol
biventricular support	biventriculaire kamerstimulatie
biventricular	biventriculaire
bleeding	bloeding, bloedingen
blood flow	hemodynamiek
blood pressure	arteriële bloeddruk, bloeddruk
blood	bloed
blood-flow	hemodynamiek
bmi	body mass index, body-mass index
bnp	b-type natriuretisch peptide, b-type natriuretische peptiden, b-type peptiden, b-type-natriuretisch peptide, b-type-natriuretische peptiden, b-typenatriuretisch peptide, bnp, breinnatriuretisch peptide
body mass index	body mass index, body-mass index
bolus	bolus
bp	arteriële bloeddruk, bloeddruk
bradyarrhythmias	bradyaritmieën, bradycardie, bradycardieën
bradycardia	bradyaritmieën, bradycardie, bradycardieën
brain natriuretic peptide	b-type natriuretisch peptide, b-type natriuretische peptiden, b-type peptiden, b-type-natriuretisch peptide, b-type-natriuretische peptiden, b-typenatriuretisch peptide, bnp, breinnatriuretisch peptide
breast cancer	borstkanker, mammacarcinoom
breathlessness	benauwdheid, dyspnée, dyspneu, dyspnoe, kortademigheid
bundle branch morphology	bundeltakblokpatroon
bypass	bypassoperatie, cabg, coronaire bypass, coronaire bypassoperatie
c statistic	oppervlakte onder de roc-curve, auc, c-statistic, c-statistiek
c statistics	oppervlakte onder de roc-curve, auc, c-statistic, c-statistiek
c-index	oppervlakte onder de roc-curve, auc, c-statistic, c-statistiek
c-statistics	oppervlakte onder de roc-curve, auc, c-statistic, c-statistiek
cabg	bypassoperatie, cabg, coronaire bypass, coronaire bypassoperatie
cachexia	cachexie
cad	coronaire hartziekte, coronaire hartziekten, ischemische hartziekte, ischemische hartziekten, chz, ischemisch hartfalen
canada	canada
candesartan in heart failure assessment of reduction in mortality and morbidity	candesartan in heart failure: assessment of reduction in mortality and morbidity
carcinoma	carcinoom
cardiac arrest	hartstilstand, hartdood
cardiac death	hartstilstand, hartdood
cardiac deaths	hartstilstand, hartdood
cardiac defibrillator	defibrillator
cardiac disease	hartaandoening, hartafwijking, hartafwijkingen, hartziekte, hartziekten
cardiac dysfunction	cardiale insufficiëntie, congestief hartfalen, decompensatio cordis, hartfalen, hf, harfalen
cardiac failure	cardiale insufficiëntie, congestief hartfalen, decompensatio cordis, hartfalen, hf, harfalen
cardiac fibrosis	fibrose van het myocard, myocardfibrose
cardiac filling pressures	vullingsdruk, vullingsdrukken
cardiac function	cardiale functie, hartfunctie
cardiac functions	cardiale functie, hartfunctie
cardiac index	cardiac index
cardiac injury	hartaandoening, hartafwijking, hartafwijkingen, hartziekte, hartziekten, cardiale schade, hartschade
cardiac murmurs	hartgeruis, hartgeruisen, souffles, hartsouffle
cardiac output	cardiac output, hartminuutvolume
cardiac remodeling	ventriculaire remodelerende chirurgie
cardiac remodelling	ventriculaire remodelerende chirurgie
cardiac resynchronization therapy	cardiale resynchronisatietherapie, cardiale-resynchronisatietherapie, crt, resynchronisatietherapie
cardiac transplant	harttransplantatie
cardiac transplantation	harttransplantatie
cardiac transplants	harttransplantatie
cardiac volume overload	volumebelasting
cardiac	cardiaal, cardiale
cardiac-resynchronization therapy	cardiale resynchronisatietherapie, cardiale-resynchronisatietherapie, crt, resynchronisatietherapie
cardiogenic shock	cardiogene shock
cardiogenic	cardiogene
cardiologists	cardiologen, cardioloog
cardiology	cardiologie
cardiomyiopathy	cardiomyopathie, cardiomyopathieën
cardiomyocyte	cardiale myocyt, cardiomyocyt, cardiomyocyten
cardiomyocytes	cardiale myocyt, cardiomyocyt, cardiomyocyten
cardiomyopathies	cardiomyopathie, cardiomyopathieën
cardiomyopathy	cardiomyopathie, cardiomyopathieën
cardiopulmonary bypass	bypassoperatie, cabg, coronaire bypass, coronaire bypassoperatie
cardiopulmonary resuscitation	cardiopulmonale resuscitatie
cardiopulmonary	cardiopulmonale
cardiotoxicity	cardiotoxiciteit
cardiovascular death	cardiovasculaire sterfte, cardiovasculaire mortaliteit
cardiovascular disease	cardiovasculaire aandoeningen, cardiovasculaire ziekte, cardiovasculaire ziekten, cv aandoeningen, hart- en vaatziekte, hart- en vaatziekten, hart- en vaatziektes, hartvaataandoening, cvz
cardiovascular diseases	cardiovasculaire aandoeningen, cardiovasculaire ziekte, cardiovasculaire ziekten, cv aandoeningen, hart- en vaatziekte, hart- en vaatziekten, hart- en vaatziektes, hartvaataandoening, cvz
cardiovascular morbidity	cardiovasculaire morbiditeit
cardiovascular mortality	cardiovasculaire sterfte, cardiovasculaire mortaliteit
cardiovascular	cardiovasculair, cardiovasculaire, cv
cardioverter-defibrillator device	icd, implanteerbare automatische defibrillator, implanteerbare cardioverter-defibrillator, implanteerbare cardioverterende defibrillator, implanteerbare defibrillator, intracardiale defibrillator
carvedilol	carvedilol
cell death	celdood
central venous pressure	centraal veneuze druk, centraalveneuze druk
cerebral	cerebrale
cerebrovascular	cerebrovasculaire
chamber	hartkamers
charm	charm
chemotherapy	chemotherapeutische, chemotherapie
chest	thorax
chf	chf, chronisch harfalen, chronisch hartfalen, chronische hartfalen, cardiale insufficiëntie, congestief hartfalen, decompensatio cordis, hartfalen, hf, harfalen
chf-nyha-ii	hartfalen klasse 2
chf-nyha-iii	hartfalen klasse iii
cholesterol	cholesterol
chromatin	chromatine
chronic decompensated heart failure	gedecompenseerd chronisch hartfalen
chronic end-stage heart failure	eindstadium hartfalen, eindstadiumhartfalen
chronic heart failure	chf, chronisch harfalen, chronisch hartfalen, chronische hartfalen
chronic hf	chf, chronisch harfalen, chronisch hartfalen, chronische hartfalen
chronic kidney disease	chronische nierinsufficiëntie, chronische nierschade, cns
chronic obstructive pulmonary disease	chronisch obstructief longlijden, chronisch obstructieve longziekte, copd
chronic renal failure	chronische nierinsufficiëntie, chronische nierschade, cns
chronic systolic heart failure	chronisch systolisch hartfalen
chronic	chronisch, chronische
ci	bi
circulation	circulatie
circumflex artery	ramus circumflexus
cis	bi
ckd	chronische nierinsufficiëntie, chronische nierschade, cns
clinic	ziekenhuis, ziekenhuizen, kliniek, klinieken
clinical	klinisch, klinische
clinically	klinisch, klinische
clinician	clinicus
clinicians	clinicus
co	cardiac output, hartminuutvolume
co-morbidities	comorbiditeit, comorbiditeiten
co-morbidity	comorbiditeit, comorbiditeiten
cochrane library	cochrane library
cochrane	cochrane
cohort studies	cohortonderzoek
cohort study	cohortonderzoek
combined end point	samengesteld eindpunt, samengestelde eindpunt
comorbidities	comorbiditeit, comorbiditeiten
comorbidity	comorbiditeit, comorbiditeiten
compliance	compliantie, compliance, therapietrouw
complication	complicatie, complicaties
complications	complicatie, complicaties
composite end point	samengesteld eindpunt, samengestelde eindpunt
composite end-point	samengesteld eindpunt, samengestelde eindpunt
condition	aandoening, aandoeningen, ziekte, ziekten
conditions	aandoening, aandoeningen, ziekte, ziekten
confidence interval	bi
confidence intervals	bi
congenital	aangeboren, congenitale
congestive heart failure	cardiale insufficiëntie, congestief hartfalen, decompensatio cordis, hartfalen, hf, harfalen
congestive hf	cardiale insufficiëntie, congestief hartfalen, decompensatio cordis, hartfalen, hf, harfalen
consultation	consultatie
consultations	consultatie
contractile	contractiele
contractility	contractiliteit
copd	chronisch obstructief longlijden, chronisch obstructieve longziekte, copd
coronary angiography	coronairangiografie
coronary arteries	coronaire vaten, coronairvaten, a. carotis
coronary artery bypass grafting	bypassoperatie, cabg, coronaire bypass, coronaire bypassoperatie
coronary artery bypass surgery	bypassoperatie, cabg, coronaire bypass, coronaire bypassoperatie
coronary artery bypass	bypassoperatie, cabg, coronaire bypass, coronaire bypassoperatie
coronary artery disease	coronaire hartziekte, coronaire hartziekten, ischemische hartziekte, ischemische hartziekten, chz, ischemisch hartfalen
coronary artery	coronaire vaten, coronairvaten, a. carotis
coronary disease	coronaire hartziekte, coronaire hartziekten, ischemische hartziekte, ischemische hartziekten, chz, ischemisch hartfalen
coronary heart disease	coronaire hartziekte, coronaire hartziekten, ischemische hartziekte, ischemische hartziekten, chz, ischemisch hartfalen
coronary revascularization	coronaire revascularisatie
coronary	coronaire vaten, coronairvaten, a. carotis, coronair, coronaire
correlation	correlatie
correlations	correlatie
cox model	cox' regressieanalyse
cox models	cox' regressieanalyse
cox proportional hazard analyses	cox' regressieanalyse
cox proportional hazard models	cox' regressieanalyse
cox proportional hazards analyses	cox' regressieanalyse
cox proportional hazards models	cox' regressieanalyse
cox proportional hazards regression modeling	cox' regressieanalyse
cox regression analysis	cox' regressieanalyse
cox regression models	cox' regressieanalyse
cox regression	cox' regressieanalyse
cox-proportional hazard models	cox' regressieanalyse
cpr	cardiopulmonale resuscitatie
creatinine	creatinine
cri	correlatie
crossover study	cross-over onderzoek, cross-overonderzoek
crt	cardiale resynchronisatietherapie, cardiale-resynchronisatietherapie, crt, resynchronisatietherapie
crt-d	crt-d
cv	cardiovasculair, cardiovasculaire, cv
cvd	cardiovasculaire aandoeningen, cardiovasculaire ziekte, cardiovasculaire ziekten, cv aandoeningen, hart- en vaatziekte, hart- en vaatziekten, hart- en vaatziektes, hartvaataandoening, cvz
cytotoxic	cytotoxisch, cytotoxische
dcm	dilatatoire cardiomyopathie, dilaterende cardiomyopathie, gedilateerde cardiomyopathie
dd	diastolisch hartfalen, diastolische disfunctie, hartfalen met een behouden ejectiefractie, hartfalen met gepreserveerde ejectiefractie, hf-pef, hfbef
death	mortaliteit, sterfte
deaths	mortaliteit, sterfte
decompensated heart failure	gedecompenseerd hartfalen
decompensated hf	gedecompenseerd hartfalen
decompensation	decompensatie
defibrillator	defibrillator
defibrillators	defibrillator
diabetes mellitus	diabetes, diabetes mellitus, dm
diabetes	diabetes, diabetes mellitus, dm
diabetic	diabetische, diabetespatiënten
diagnosed	diagnosticeren, gediagnosticeerd
diagnoses	diagnose, diagnosen, diagnoses
diagnosis	diagnose, diagnosen, diagnoses
diagnostic	diagnostisch, diagnostische
diastolic blood pressure	diastolische bloeddruk, diastolische druk
diastolic dysfunction	diastolisch hartfalen, diastolische disfunctie, hartfalen met een behouden ejectiefractie, hartfalen met gepreserveerde ejectiefractie, hf-pef, hfbef
diastolic failure	diastolisch hartfalen, diastolische disfunctie, hartfalen met een behouden ejectiefractie, hartfalen met gepreserveerde ejectiefractie, hf-pef, hfbef
diastolic function	diastolische functie
diastolic	diastolisch, diastolische
dilatation	dilatatie
dilated cardiomyopathy	dilatatoire cardiomyopathie, dilaterende cardiomyopathie, gedilateerde cardiomyopathie
dilated	dilatatoire, dilaterende, gedilateerd
dilation	dilatatie
dipeptidyl peptidase-4	dpp-4, dpp-iv, dpp4
disease	aandoening, aandoeningen, ziekte, ziekten
diseases	aandoening, aandoeningen, ziekte, ziekten
diuretic	diuretica, diureticum, diuretisch, diuretische
diuretics	diuretica, diureticum
dna fragmentation	dna-fragmentatie
dna	dna
dobutamine	dobutamine
doctors	arts, artsen, dokter, dokters, medicus
donors	donoren
double-blind	dubbelblind, dubbelblinde
downregulation	downregulatie
dpp-4 inhibitors	dpp-4 remmers, dpp-iv-remmers
dpp-4	dpp-4, dpp-iv, dpp4
drug treatment	medicamenteuze behandeling, farmacotherapie, medicamenteuze therapie
drug	geneesmiddel, geneesmiddelen, medicament, medicamenten, medicatie, medicijn, medicijnen, geneesmidddelen, geneesmiddellen
drugs	geneesmiddel, geneesmiddelen, medicament, medicamenten, medicatie, medicijn, medicijnen, geneesmidddelen, geneesmiddellen
dysfunction	disfunctie, dysfunctie
dyslipidemia	dyslipedemie
dyspnea	benauwdheid, dyspnée, dyspneu, dyspnoe, kortademigheid
ecg	ecg, elektrocardiografie
ecgs	ecg, elektrocardiografie
echocardiograms	echocardiografie, echocardiogram, echo
echocardiographic	echocardiografisch, echocardiografische
echocardiography	echocardiografie, echocardiogram, echo
ed	spoedeisende hulp, spoedeisendehulpafdeling, eerste hulp, eerstehulpafdeling, seh
edema	retentie van water, vochtretentie, waterretentie, waterzucht, oedeem, oedemen
eds	spoedeisende hulp, spoedeisendehulpafdeling, eerste hulp, eerstehulpafdeling, seh
ef	ejectiefractie, ejectiefractie van het linker ventrikel, linker-ventrikel-ejectiefractie, linkerventrikel-ejectiefractie, linkerventrikelejectiefractie, lv-ejectiefractie, lvef
egfr	glomerulaire filtratierate, glomerulaire filtratiesnelheid, glomerulaire perfusiedruk, glomerulusfiltratie, gfr
ejection fraction	ejectiefractie, ejectiefractie van het linker ventrikel, linker-ventrikel-ejectiefractie, linkerventrikel-ejectiefractie, linkerventrikelejectiefractie, lv-ejectiefractie, lvef
ejection fractions	ejectiefractie, ejectiefractie van het linker ventrikel, linker-ventrikel-ejectiefractie, linkerventrikel-ejectiefractie, linkerventrikelejectiefractie, lv-ejectiefractie, lvef
electrocardiogram	ecg, elektrocardiografie
electrocardiographic	elektrocardiografisch
electrolytes	elektrolyten
embase	embase
emergency department	spoedeisende hulp, spoedeisendehulpafdeling, eerste hulp, eerstehulpafdeling, seh
emergency room	spoedeisende hulp, spoedeisendehulpafdeling, eerste hulp, eerstehulpafdeling, seh
end point	eindpunt, eindpunten
end points	eindpunt, eindpunten
end stage heart failure	eindstadium hartfalen, eindstadiumhartfalen
end-diastolic	einddiastolische
end-point	eindpunt, eindpunten
end-stage heart failure	eindstadium hartfalen, eindstadiumhartfalen
end-stage hf	eindstadium hartfalen, eindstadiumhartfalen
end-systolic	eindsystolische
endothelial function	endotheelfunctie
endothelin	endotheline
endpoint	eindpunt, eindpunten
endpoints	eindpunt, eindpunten
enzyme	enzym
enzymes	enzym
epidemiology	epidemiologie
epinephrine	adrenaline
eplerenone	eplerenon
esc	european society of cardiology, europese sociëteit voor cardiologie, esc
estimated glomerular filtration rate	glomerulaire filtratierate, glomerulaire filtratiesnelheid, glomerulaire perfusiedruk, glomerulusfiltratie, gfr
etiologic	etiologisch
etiologies	etiologie
etiology	etiologie
europe	europa
european society of cardiology	european society of cardiology, europese sociëteit voor cardiologie, esc
euthanization	euthanasie
evidence-based	evidence-based, evidencebased
exercise capacity	inspanningstolerantie, inspanningsvermogen
exercise tolerance	inspanningstolerantie, inspanningsvermogen
expression	expressie
expressions	expressie
fibrosis	fibrose
filling pressure	vullingsdruk, vullingsdrukken
filling pressures	vullingsdruk, vullingsdrukken
fluid retention	retentie van water, vochtretentie, waterretentie, waterzucht, oedeem, oedemen
fluorescence resonance energy transfer	fluorescent resonance energy transfer, fret
follow up	follow-up
follow-up duration	follow-upduur, follow-upperiode
follow-up	follow-up
framingham heart study	framingham heart study
framingham	framingham
functional capacity	functionele capaciteit
functional class	functionele klasse
furosemide	furosemide
gene	gen, genen
genes	gen, genen
genetic	genetisch, genetische
genotype	genotype
glomerular filtration rate	glomerulaire filtratierate, glomerulaire filtratiesnelheid, glomerulaire perfusiedruk, glomerulusfiltratie, gfr
glucose	glucose
haemodynamic	hemodynamiek, hemodynamisch, hemodynamische
hazard ratio	hazardatio, hazardratio, hr
hazard ratios	hazardatio, hazardratio, hr
healthy	gezonde
heart beat	hartslag, hartfrequentie
heart disease	hartaandoening, hartafwijking, hartafwijkingen, hartziekte, hartziekten
heart failure with preserved ejection fraction	diastolisch hartfalen, diastolische disfunctie, hartfalen met een behouden ejectiefractie, hartfalen met gepreserveerde ejectiefractie, hf-pef, hfbef
heart failure with preserved left ventricular ejection fraction	diastolisch hartfalen, diastolische disfunctie, hartfalen met een behouden ejectiefractie, hartfalen met gepreserveerde ejectiefractie, hf-pef, hfbef
heart failure with reduced ejection fraction	hartfalen met gedaalde ejectiefractie, systolisch hartfalen, systolische disfunctie, systolische functiestoornis, systolische ventriculaire dysfunctie
heart failure	cardiale insufficiëntie, congestief hartfalen, decompensatio cordis, hartfalen, hf, harfalen
heart muscle	hartspier, myocard
heart rate	hartslag, hartfrequentie
heart sound	harttoon, harttonen
heart transplant	harttransplantatie
heart transplantation	harttransplantatie
heart transplantations	harttransplantatie
heart	hart, harten
hearts	hart, harten
hemodynamic	hemodynamiek, hemodynamisch, hemodynamische
hemodynamically	hemodynamisch, hemodynamische
hemodynamics	hemodynamiek, hemodynamisch, hemodynamische
hemoglobin	hb
hereditary	erfelijke
hf with preserved ef	diastolisch hartfalen, diastolische disfunctie, hartfalen met een behouden ejectiefractie, hartfalen met gepreserveerde ejectiefractie, hf-pef, hfbef
hf with preserved ejection fraction	diastolisch hartfalen, diastolische disfunctie, hartfalen met een behouden ejectiefractie, hartfalen met gepreserveerde ejectiefractie, hf-pef, hfbef
hf with reduced ef	hartfalen met gedaalde ejectiefractie, systolisch hartfalen, systolische disfunctie, systolische functiestoornis, systolische ventriculaire dysfunctie
hf with reduced ejection fraction	hartfalen met gedaalde ejectiefractie, systolisch hartfalen, systolische disfunctie, systolische functiestoornis, systolische ventriculaire dysfunctie
hf	cardiale insufficiëntie, congestief hartfalen, decompensatio cordis, hartfalen, hf, harfalen
hf-ref	hartfalen met gedaalde ejectiefractie, systolisch hartfalen, systolische disfunctie, systolische functiestoornis, systolische ventriculaire dysfunctie
hfpef	diastolisch hartfalen, diastolische disfunctie, hartfalen met een behouden ejectiefractie, hartfalen met gepreserveerde ejectiefractie, hf-pef, hfbef
hfref	hartfalen met gedaalde ejectiefractie, systolisch hartfalen, systolische disfunctie, systolische functiestoornis, systolische ventriculaire dysfunctie
hgb	hb
histological	histologisch
histologically	histologisch
hospital	ziekenhuis, ziekenhuizen, kliniek, klinieken
hospitalisation	opname, opnamen, ziekenhuisopname, ziekenhuisopnames, ziekenhuisopnamen, hospitalisatie, hospitalisaties
hospitalisations	opname, opnamen, ziekenhuisopname, ziekenhuisopnames, ziekenhuisopnamen, hospitalisatie, hospitalisaties
hospitalization	opname, opnamen, ziekenhuisopname, ziekenhuisopnames, ziekenhuisopnamen, hospitalisatie, hospitalisaties
hospitalizations	opname, opnamen, ziekenhuisopname, ziekenhuisopnames, ziekenhuisopnamen, hospitalisatie, hospitalisaties
hospitals	ziekenhuis, ziekenhuizen, kliniek, klinieken
hr	hartslag, hartfrequentie, hazardatio, hazardratio, hr
hyperkalemia	hyperkaliëmie
hyperlipidaemia	hyperlipidemie
hypertension	hypertensie, hoge bloeddruk
hypertensive	hypertensief
hypoalbuminemia	hypoalbuminemie
hypokalemia	hypokaliëmie
hyponatremia	hyponatriëmie
hypotension	hypotensie, lage bloeddruk
hypoxia	hypoxie
ic	ischemische cardiomyopathie
icd shocks	icd-shocks
icd	icd, implanteerbare automatische defibrillator, implanteerbare cardioverter-defibrillator, implanteerbare cardioverterende defibrillator, implanteerbare defibrillator, intracardiale defibrillator
icds	icd, implanteerbare automatische defibrillator, implanteerbare cardioverter-defibrillator, implanteerbare cardioverterende defibrillator, implanteerbare defibrillator, intracardiale defibrillator
icu	intensieve zorgen, intensive-careafdeling
idiopathic dilated cardiomyopathy	idiopathische dilaterende cardiomyopathie
idiopathic	idiopathische
idiopathic-dilated cardiomyopathy	idiopathische dilaterende cardiomyopathie
immunohistochemistry	immuunhistochemisch
implant	implantatie
implantable cardiac arrhythmia devices	icd, implanteerbare automatische defibrillator, implanteerbare cardioverter-defibrillator, implanteerbare cardioverterende defibrillator, implanteerbare defibrillator, intracardiale defibrillator
implantable cardiac defibrillator	icd, implanteerbare automatische defibrillator, implanteerbare cardioverter-defibrillator, implanteerbare cardioverterende defibrillator, implanteerbare defibrillator, intracardiale defibrillator
implantable cardioverter defibrillator	icd, implanteerbare automatische defibrillator, implanteerbare cardioverter-defibrillator, implanteerbare cardioverterende defibrillator, implanteerbare defibrillator, intracardiale defibrillator
implantable cardioverter defibrillators	icd, implanteerbare automatische defibrillator, implanteerbare cardioverter-defibrillator, implanteerbare cardioverterende defibrillator, implanteerbare defibrillator, intracardiale defibrillator
implantable cardioverter-defibrillator	icd, implanteerbare automatische defibrillator, implanteerbare cardioverter-defibrillator, implanteerbare cardioverterende defibrillator, implanteerbare defibrillator, intracardiale defibrillator
implantable cardioverter-defibrillators	icd, implanteerbare automatische defibrillator, implanteerbare cardioverter-defibrillator, implanteerbare cardioverterende defibrillator, implanteerbare defibrillator, intracardiale defibrillator
implantable defibrillators	icd, implanteerbare automatische defibrillator, implanteerbare cardioverter-defibrillator, implanteerbare cardioverterende defibrillator, implanteerbare defibrillator, intracardiale defibrillator
implantable	implanteerbare
implantation	implantatie
implantations	implantatie
implants	implantatie
in vitro	in-vitro
incidence	incidentie
infarct	infarct
infarction	infarct
infection	infectie, infecties
inferior vena cava	v. cava inferior
inflammation	ontsteking
infusion	infusie
infusions	infusie
inotropes	inotropica
inotropic	inotroop, inotrope
insulin	insuline
intensive care unit	intensieve zorgen, intensive-careafdeling
intention-to-treat	intention to treat
internists	internist, internisten
interventricular septum	ventrikelseptum
intravenous bolus	intraveneuze bolus
intravenous	intraveneus, intraveneuze
intravenously	intraveneus, intraveneuze
invasive	invasief, invasieve
invasively	invasief, invasieve
ischaemia	ischemie
ischemia	ischemie
ischemic cardiomyopathy	ischemische cardiomyopathie
ischemic cerebrovascular events	ischemische beroerte, ischaemische beroerte
ischemic	ischaemische, ischemisch, ischemische
ivc	v. cava inferior
kaplan-meier analyses	kaplan-meier-methode
kidney disease	nierfalen, nierfunctiestoornis, nierfunctiestoornissen, nierfunctieverlies, nierfunctievermindering, nierfunctieverslechtering, nierinsufficientie, nierinsufficiëntie, nierschade, renaal falen
kidney failure	nierfalen, nierfunctiestoornis, nierfunctiestoornissen, nierfunctieverlies, nierfunctievermindering, nierfunctieverslechtering, nierinsufficientie, nierinsufficiëntie, nierschade, renaal falen
kidney	nier, nieren
lad	ramus descendens anterior
lbbb	linkerbundeltakblok
lcx	ramus circumflexus
left anterior descending artery	ramus descendens anterior
left atrium	linker atrium
left bundle branch block pattern	linkerbundeltakblokconfiguratie
left bundle branch block	linkerbundeltakblok
left bundle-branch block	linkerbundeltakblok
left ventricle	linker kamer, linker ventrikel, linkerventrikel, lv
left ventricular assist device	left ventricular assist device, linker ventrikel ondersteunende apparaten, linkerventrikelondersteuningspomp, lvad, mechanische linker ventrikel ondersteunende apparaten
left ventricular assist devices	left ventricular assist device, linker ventrikel ondersteunende apparaten, linkerventrikelondersteuningspomp, lvad, mechanische linker ventrikel ondersteunende apparaten
left ventricular assist system	left ventricular assist device, linker ventrikel ondersteunende apparaten, linkerventrikelondersteuningspomp, lvad, mechanische linker ventrikel ondersteunende apparaten
left ventricular diastolic end diameter	lvedd
left ventricular diastolic function	diastolische functie
left ventricular dysfunction	dysfunctie van de linker ventrikel, linkerkamerdisfunctie, linkerventrikeldisfunctie, linkerventrikeldysfunctie
left ventricular ejection fraction	ejectiefractie, ejectiefractie van het linker ventrikel, linker-ventrikel-ejectiefractie, linkerventrikel-ejectiefractie, linkerventrikelejectiefractie, lv-ejectiefractie, lvef
left ventricular ejection fractions	ejectiefractie, ejectiefractie van het linker ventrikel, linker-ventrikel-ejectiefractie, linkerventrikel-ejectiefractie, linkerventrikelejectiefractie, lv-ejectiefractie, lvef
left ventricular function	linker ventrikelfunctie, linkerventrikelfunctie
left ventricular hypertrophy	linkerventrikelhypertrofie
left ventricular systolic dysfunction	hartfalen met systolische linkerventrikeldisfunctie, systolische disfunctie van het linker ventrikel, systolische linkerventrikeldisfunctie, lvsd
left ventricular	lv, linkerventrikel
leukocytes	leukocyten
life expectancy	levensverwachting
liver disease	leverziekten
liver	lever
loop diuretics	lisdiuretica, lisdiureticum, lisdiureticuma
lung	longen, long
lv assist device	left ventricular assist device, linker ventrikel ondersteunende apparaten, linkerventrikelondersteuningspomp, lvad, mechanische linker ventrikel ondersteunende apparaten
lv diastolic dysfunction	diastolische linkerventrikeldisfunctie
lv dysfunction	dysfunctie van de linker ventrikel, linkerkamerdisfunctie, linkerventrikeldisfunctie, linkerventrikeldysfunctie
lv ef	ejectiefractie, ejectiefractie van het linker ventrikel, linker-ventrikel-ejectiefractie, linkerventrikel-ejectiefractie, linkerventrikelejectiefractie, lv-ejectiefractie, lvef
lv ejection fraction	ejectiefractie, ejectiefractie van het linker ventrikel, linker-ventrikel-ejectiefractie, linkerventrikel-ejectiefractie, linkerventrikelejectiefractie, lv-ejectiefractie, lvef
lv end-diastolic dimension	lvedd
lv end-diastolic volume	einddiastolische linkerventrikelvolume
lv function	linker ventrikelfunctie, linkerventrikelfunctie
lv hypertrophy	linkerventrikelhypertrofie
lv internal diameter	lv-diameter, lv-diameters
lv	linker kamer, linker ventrikel, linkerventrikel, lv
lvad	left ventricular assist device, linker ventrikel ondersteunende apparaten, linkerventrikelondersteuningspomp, lvad, mechanische linker ventrikel ondersteunende apparaten
lvads	left ventricular assist device, linker ventrikel ondersteunende apparaten, linkerventrikelondersteuningspomp, lvad, mechanische linker ventrikel ondersteunende apparaten
lvas	left ventricular assist device, linker ventrikel ondersteunende apparaten, linkerventrikelondersteuningspomp, lvad, mechanische linker ventrikel ondersteunende apparaten
lvef	ejectiefractie, ejectiefractie van het linker ventrikel, linker-ventrikel-ejectiefractie, linkerventrikel-ejectiefractie, linkerventrikelejectiefractie, lv-ejectiefractie, lvef
lvh	linkerventrikelhypertrofie
maximum oxygen consumption	maximale zuurstofopnamevermogen, vo2-piek
medical history	anamnese, voorgeschiedenis, ziektegeschiedenis
medical	geneeskundig, geneeskundige, medisch, medische
medically	geneeskundig, geneeskundige, medisch, medische
medication	geneesmiddel, geneesmiddelen, medicament, medicamenten, medicatie, medicijn, medicijnen, geneesmidddelen, geneesmiddellen
medications	geneesmiddel, geneesmiddelen, medicament, medicamenten, medicatie, medicijn, medicijnen, geneesmidddelen, geneesmiddellen
medicine	geneeskunde
meta-analyses	meta-analyse, meta-analyses
meta-analysis	meta-analyse, meta-analyses
metoprolol succinate	metoprolol, metoprolol sr, metoprololsuccinaat
metoprolol	metoprolol
mi	acute myocardinfarcten, acuut myocardinfarct, hartaanval, hartinfact, hartinfarct, myocardinfarct, myocardinfarcten, mi
mild heart failure	mild hartfalen
mild hf	mild hartfalen
mis	acute myocardinfarcten, acuut myocardinfarct, hartaanval, hartinfact, hartinfarct, myocardinfarct, myocardinfarcten, mi
mitral regurgitation	mitralis-aortaklepinsufficiëntie, mitralisklepafwijking, mitralisklepinsufficiëntie
mitral stenosis	aortaklepstenose, hartklepstenose
mitral valve plasty	mitralisklepplastiek
mitral valve	mitralisklep
mitral	mitralis
morbidities	morbiditeit
morbidity	morbiditeit
mortality	mortaliteit, sterfte
mr	mitralis-aortaklepinsufficiëntie, mitralisklepafwijking, mitralisklepinsufficiëntie
mri	mri
ms	aortaklepstenose, hartklepstenose
multiorgan failure	multi-organ failure
multivariable analysis	multivariate analyse
multivariable logistic analysis	multivariabele logistische regressie
multivariable regression	multivariabele regressieanalyse, multivariate regressieanalyse
multivariate analyses	multivariate analyse
multivariate analysis	multivariate analyse
multivariate logistic regression analysis	multivariabele logistische regressie
multivariate regression	multivariabele regressieanalyse, multivariate regressieanalyse
muscle	spier, spieren
muscles	spier, spieren
myocardial fibrosis	fibrose van het myocard, myocardfibrose
myocardial infarction	acute myocardinfarcten, acuut myocardinfarct, hartaanval, hartinfact, hartinfarct, myocardinfarct, myocardinfarcten, mi
myocardial ischaemia	myocardischemie
myocardial ischemia	myocardischemie
myocardial oxygen consumption	myocardiale zuurstofverbruik
myocardial	myocardiale
myocardium	hartspier, myocard
myoctyes	myocyt, myocyten, spiercellen
myocyte	myocyt, myocyten, spiercellen
myocytes	myocyt, myocyten, spiercellen
n-terminal pro-b-type natriuretic peptide	n-terminaal pro-bnp, n-terminaal pro-breinnatriuretisch peptide, n-terminaal probnp, n-terminal-probnp, nt-pro-bnp, nt-probnp, ntprobnp
n-terminal pro-b-type natriuretic peptides	n-terminaal pro-bnp, n-terminaal pro-breinnatriuretisch peptide, n-terminaal probnp, n-terminal-probnp, nt-pro-bnp, nt-probnp, ntprobnp
n-terminal pro-b-type np	n-terminaal pro-bnp, n-terminaal pro-breinnatriuretisch peptide, n-terminaal probnp, n-terminal-probnp, nt-pro-bnp, nt-probnp, ntprobnp
n-terminal pro-brain natriuretic peptide	n-terminaal pro-bnp, n-terminaal pro-breinnatriuretisch peptide, n-terminaal probnp, n-terminal-probnp, nt-pro-bnp, nt-probnp, ntprobnp
n-terminal pro-brain-type natriuretic peptide	n-terminaal pro-bnp, n-terminaal pro-breinnatriuretisch peptide, n-terminaal probnp, n-terminal-probnp, nt-pro-bnp, nt-probnp, ntprobnp
n-terminal probnp	n-terminaal pro-bnp, n-terminaal pro-breinnatriuretisch peptide, n-terminaal probnp, n-terminal-probnp, nt-pro-bnp, nt-probnp, ntprobnp
natriuretic peptide	natriuretisch peptide, natriuretische peptiden
natriuretic peptides	natriuretisch peptide, natriuretische peptiden
natriuretic	natriuretisch, natriuretische
nephropathy	nierfalen, nierfunctiestoornis, nierfunctiestoornissen, nierfunctieverlies, nierfunctievermindering, nierfunctieverslechtering, nierinsufficientie, nierinsufficiëntie, nierschade, renaal falen
neprilysin inhibitor	neprilysine remmer
neprilysin inhibitors	neprilysine remmer
neprilysin	neprilysine
nesiritide	nesiritide
neuro-hormonal system	neurohormonale systemen
neuro-hormonal	neurohormonale
neurohormonal systems	neurohormonale systemen
neurohormonal	neurohormonale
neurohormonally	neurohormonale
neurohormone	neurohormonen
neurohormones	neurohormonen
neurohumoral	neurohumorale
new york heart association class ii	functionele klasse ii, nyha klasse 2, nyha klasse ii, nyha-klasse ii
new york heart association class iii	nyha-klasse 3, nyha-klasse iii
new york heart association class	functionele klasse
new york heart association classes	functionele klasse
new york heart association classification	classificatie van de new york heart association
new york heart association functional class	functionele klasse
nitric oxide	no
no	no
non-invasively	non-invasief
noninvasive	non-invasief
nonischemic cardiomyopathies	niet-ischemische cardiomyopathie
np	natriuretisch peptide, natriuretische peptiden
nps	natriuretisch peptide, natriuretische peptiden
nt-pro bnp	n-terminaal pro-bnp, n-terminaal pro-breinnatriuretisch peptide, n-terminaal probnp, n-terminal-probnp, nt-pro-bnp, nt-probnp, ntprobnp
nt-probnp	n-terminaal pro-bnp, n-terminaal pro-breinnatriuretisch peptide, n-terminaal probnp, n-terminal-probnp, nt-pro-bnp, nt-probnp, ntprobnp
nurse practitioner	nurse practitioner
nurse	verpleegkundige, verpleegkundigen, verplegen
nurses	verpleegkundige, verpleegkundigen, verplegen
nursing	verplegen
nyha class iii	nyha-klasse 3, nyha-klasse iii
nyha class	functionele klasse
nyha classification	classificatie van de new york heart association
nyha functional class ii	functionele klasse ii, nyha klasse 2, nyha klasse ii, nyha-klasse ii
nyha functional class iii	nyha-klasse 3, nyha-klasse iii
nyha functional class iv	nyha-klasse iv
nyha functional class	functionele klasse
nyha	nyha
nyha-ii	functionele klasse ii, nyha klasse 2, nyha klasse ii, nyha-klasse ii
nyha-iii	nyha-klasse 3, nyha-klasse iii
obesity	obesitas, adipositas
odds ratio	or
odds ratios	or
oedema	retentie van water, vochtretentie, waterretentie, waterzucht, oedeem, oedemen
operation	chirurgie, operatie, operaties
operations	chirurgie, operatie, operaties
operative	chirurgische, operatieve
or	or
oral	oraal, orale
orally	oraal, orale
organ	orgaan, organen
osteoporosis	osteoporose
outcome	eindpunt, eindpunten
outcomes	eindpunt, eindpunten
p value	p
p values	p
p	p
p-value	p
pacemaker	pacemaker, pacemakers
pacemakers	pacemaker, pacemakers
paco2	pco2
pad	perifeer arterieel vaatlijden, perifeer vaatlijden
palliation	palliatie
palliative care	palliatieve zorg, terminale zorg
palliative	palliatief, palliatieve
paradigm-hf	paradigm-hf
parasympathetic activity	parasympatische activiteit
parasympathetic	parasympathische
pathological	pathologisch, pathologische
pathology	pathologie, pathologieën
pathophysiologic	pathofysiologisch, pathofysiologische
pathophysiological	pathofysiologisch, pathofysiologische
pathophysiologically	pathofysiologisch, pathofysiologische
pathophysiology	pathofysiologie
patient	patiënt, patiënte, patienten, patiënten
patients	patiënt, patiënte, patienten, patiënten
peak o2	maximale zuurstofopnamevermogen, vo2-piek
peak oxygen consumption	maximale zuurstofopnamevermogen, vo2-piek
peak oxygen uptake	maximale zuurstofopnamevermogen, vo2-piek
peak respiratory quotient	maximale zuurstofopnamevermogen, vo2-piek
peak vo2	maximale zuurstofopnamevermogen, vo2-piek
pef	gepreserveerde ejectiefractie, behouden ejectiefractie
peptide	peptide, peptiden
peptides	peptide, peptiden
percutaneous coronary intervention	percutane coronaire interventie
percutaneous	percutane
perfusion	perfusie
perioperative	perioperatief, perioperatieve
peripheral arterial disease	perifeer arterieel vaatlijden, perifeer vaatlijden
peripheral artery disease	perifeer arterieel vaatlijden, perifeer vaatlijden
peripheral edema	perifeer oedeem, perifere oedemen
peripheral oedema	perifeer oedeem, perifere oedemen
peripheral vascular disease	perifeer arterieel vaatlijden, perifeer vaatlijden
pharmaceutically	farmaceutische
pharmaceuticals	geneesmiddel, geneesmiddelen, medicament, medicamenten, medicatie, medicijn, medicijnen, geneesmidddelen, geneesmiddellen
physical examination	lichamelijk onderzoek
physician	arts, artsen, dokter, dokters, medicus
physicians	arts, artsen, dokter, dokters, medicus
physiologic	fysiologische
physiological	fysiologische
pioglitazone	pioglitazon
placebo	placebo
plasma	plasma
pna	pneumonie
pneumonia	pneumonie
polymorphism	polymorfisme, polymorfismen
polymorphisms	polymorfisme, polymorfismen
postoperative	postoperatief
postoperatively	postoperatief
potassium	k, kalium
prescription	geneesmiddelvoorschriften, voorschrift
preserved ef	gepreserveerde ejectiefractie, behouden ejectiefractie
preserved ejection fraction	gepreserveerde ejectiefractie, behouden ejectiefractie
preserved left ventricular ejection fraction	gepreserveerde ejectiefractie, behouden ejectiefractie
preserved left ventricular ejection fractions	gepreserveerde ejectiefractie, behouden ejectiefractie
preserved lv ejection fraction	gepreserveerde ejectiefractie, behouden ejectiefractie, diastolische linkerventrikeldisfunctie
preserved lvef	gepreserveerde ejectiefractie, behouden ejectiefractie
pressure volume relation	druk-volumerelaties
prevalence	prevalentie
primary end point	primaire eindpunt, primaire eindpunten, primaire uitkomsten
primary endpoint	primaire eindpunt, primaire eindpunten, primaire uitkomsten
primary outcome	primaire eindpunt, primaire eindpunten, primaire uitkomsten
primary outcomes	primaire eindpunt, primaire eindpunten, primaire uitkomsten
pro bnp	pro-bnp, pro-breinnatriuretisch peptide, probnp
pro-b-type natriuretic peptide	pro-bnp, pro-breinnatriuretisch peptide, probnp
pro-b-type natriuretic peptides	pro-bnp, pro-breinnatriuretisch peptide, probnp
pro-b-type np	pro-bnp, pro-breinnatriuretisch peptide, probnp
pro-brain natriuretic peptide	pro-bnp, pro-breinnatriuretisch peptide, probnp
pro-brain-type natriuretic peptide	pro-bnp, pro-breinnatriuretisch peptide, probnp
probnp	pro-bnp, pro-breinnatriuretisch peptide, probnp
prognosis	prognose
prognostic	prognostisch, prognostische
prognostically	prognostisch, prognostische
prospective studies	prospectieve onderzoeken
prospective study	prospectieve onderzoeken
prospective	prospectief, prospectieve
prospectively	prospectief, prospectieve
protein	eiwit
proteins	eiwit
pulmonary arterial vasculature	longvaatbed
pulmonary embolism	longembolie
pulmonary	pulmonaal, pulmonale
pulse	polsslag, polsfrequentie
pulse-wave	polsgolf
qol	kwaliteit van leven, levenskwaliteit
qrs complex	qrs, qrs-complex, qs-complexen
qrs duration	qrs-duur
qrs	qrs, qrs-complex, qs-complexen
quality of life	kwaliteit van leven, levenskwaliteit
quality-of-life	kwaliteit van leven, levenskwaliteit
r	r, r
ra	reumatoïde artritis
raas	renine-angiotensine-aldosteronsysteem, renine-angiotensine-aldosteron systeem, raas-systeem, raas, renine-angiotensine-aldosteron-systeem
rales	rales
randomised	gerandomiseerd, gerandomiseerde
randomised-controlled trials	rct, randomiseerden, rct's
randomization	randomisatie
randomize	randomiseerden
randomized	gerandomiseerd, gerandomiseerde
ras blockers	renine-angiotensine-antagonisten
ras	nierarteriestenose, renine-angiotensine-aldosteronsysteem, renine-angiotensine-aldosteron systeem, raas-systeem, raas, renine-angiotensine-aldosteron-systeem
ras-blocker	renine-angiotensine-antagonisten
rcts	rct, randomiseerden, rct's
re-hospitalization	herhospitalisaties, heropname, heropnamen, heropnames, rehospitalisatie
readmission	herhospitalisaties, heropname, heropnamen, heropnames, rehospitalisatie
readmissions	herhospitalisaties, heropname, heropnamen, heropnames, rehospitalisatie
receptor	receptor, receptoren
receptors	receptor, receptoren
reduced ef	gedaalde ejectiefractie, verlaagde ejectiefractie, verminderde ejectiefractie
reduced ejection fraction	gedaalde ejectiefractie, verlaagde ejectiefractie, verminderde ejectiefractie
reduced left ventricular ejection fraction	gedaalde ejectiefractie, verlaagde ejectiefractie, verminderde ejectiefractie
ref	gedaalde ejectiefractie, verlaagde ejectiefractie, verminderde ejectiefractie
regression models	regressiemodel
rehospitalization	herhospitalisaties, heropname, heropnamen, heropnames, rehospitalisatie
relative risk	relatief risico, rr
remodeling	remodellering
remodelling	remodellering
remote monitoring	telemonitoring
renal artery stenosis	nierarteriestenose
renal disease	nierfalen, nierfunctiestoornis, nierfunctiestoornissen, nierfunctieverlies, nierfunctievermindering, nierfunctieverslechtering, nierinsufficientie, nierinsufficiëntie, nierschade, renaal falen
renal dysfunction	nierfalen, nierfunctiestoornis, nierfunctiestoornissen, nierfunctieverlies, nierfunctievermindering, nierfunctieverslechtering, nierinsufficientie, nierinsufficiëntie, nierschade, renaal falen
renal function	nierfunctie, nierfuncties
renal impairment	nierfalen, nierfunctiestoornis, nierfunctiestoornissen, nierfunctieverlies, nierfunctievermindering, nierfunctieverslechtering, nierinsufficientie, nierinsufficiëntie, nierschade, renaal falen
renal underperfusion	nierperfusiestoornis
renal	renaal, renale
renin inhibitors	renine remmers
renin	renine
renin- angiotensin-aldosterone pathway	renine-angiotensine-aldosteronsysteem, renine-angiotensine-aldosteron systeem, raas-systeem, raas, renine-angiotensine-aldosteron-systeem
renin-angiotensin system blocker	renine-angiotensine-antagonisten
renin-angiotensin system	renine-angiotensine-aldosteronsysteem, renine-angiotensine-aldosteron systeem, raas-systeem, raas, renine-angiotensine-aldosteron-systeem
renin-angiotensin-aldosteron	renine-angiotensine-aldosteronsysteem, renine-angiotensine-aldosteron systeem, raas-systeem, raas, renine-angiotensine-aldosteron-systeem
renin-angiotensin-aldosterone system inhibitors	renine-angiotensine-antagonisten
renin-angiotensin-aldosterone system	renine-angiotensine-aldosteronsysteem, renine-angiotensine-aldosteron systeem, raas-systeem, raas, renine-angiotensine-aldosteron-systeem
reperfusion	reperfusie
resuscitation	resuscitatie
resynchronization therapy	cardiale resynchronisatietherapie, cardiale-resynchronisatietherapie, crt, resynchronisatietherapie
resynchronization	cardiale resynchronisatietherapie, cardiale-resynchronisatietherapie, crt, resynchronisatietherapie
revascularization	revascularisatie
rheumatic	reumatoïde
rheumatoid arthritis	reumatoïde artritis
rheumatoid	reumatoïde
right atrial pressure	rechteratriumdruk
right atrium	rechter atrium
right heart failure	rechtszijdig hartfalen
right heart filling pressures	rechter vullingsdrukken
right ventricle	rechter ventrikel, rechterventrikel
right ventricular dysfunction	rechterventrikelfalen
right ventricular	rechterventrikel
rm	telemonitoring
rr	relatief risico, rr
rv dysfunction	rechterventrikelfalen
rv failure	rechterventrikelfalen
rv	rechter ventrikel, rechterventrikel
s'	systole
selective beta-blockers	cardioselectieve bètablokker, cardioselectieve bètablokkers
selective β-blocker	cardioselectieve bètablokker, cardioselectieve bètablokkers
sensitivity	sensitiviteit
septum	ventrikelseptum
serum potassium	serumkalium
severe heart failure	ernstig hartfalen
severe hf	ernstig hartfalen
shuttle walk test	shuttle wandel test, swt
significant	significant, significante, siginficant
significantly	significant, significante, siginficant
sinus rhythm	sinusritme
snp	enkelvoudige nucleotidepolymorfisme, single nucleotide polymorphism, snp
sodium	sodium, na, natrium
specificity	specificiteit
speckle tracking echocardiography	speckle-echo, speckle-tracking echocardiografie
spironolactone	spironolactone, spironolacton
st-segment-elevation mis	myocardinfarct met st-segmentelevatie
stable heart failure	stabiel hartfalen
stable hf	stabiel hartfalen
stable	stabiel, stabiele
ste	speckle-echo, speckle-tracking echocardiografie
stroke volume	slagvolume
stroke	cerebrovasculair accident, cva, cva's, beroerte, beroertes, cv events, hersenbloeding, herseninfarct, herseninfarcten
strokes	cerebrovasculair accident, cva, cva's, beroerte, beroertes, cv events, hersenbloeding, herseninfarct, herseninfarcten
surgery	chirurgie, operatie, operaties
surgical	chirurgische, operatieve
surgically	chirurgische, operatieve
sv	slagvolume
sweden	zweden
sympathetic activity	sympathicusactiviteit
sympathetic nervous systems	orthosympathisch zenuwstelsel, sympathicus
sympathetic tone	sympathicus-tonus
symptom	symptomen, symptoom
symptomatic systolic heart failure	symptomatisch systolisch hartfalen
symptomatic	symptomatisch, symptomatische
symptoms	symptomen, symptoom
syndrome	syndromen, syndroom, ziektebeeld, ziektebeelden
syndromes	syndromen, syndroom, ziektebeeld, ziektebeelden
systemic blood pressure	systemische bloeddruk
systemic	systemisch, systemische
systole	systole
systolic  heart failure	hartfalen met gedaalde ejectiefractie, systolisch hartfalen, systolische disfunctie, systolische functiestoornis, systolische ventriculaire dysfunctie
systolic blood pressure	systolische bloeddruk
systolic dysfunction	hartfalen met gedaalde ejectiefractie, systolisch hartfalen, systolische disfunctie, systolische functiestoornis, systolische ventriculaire dysfunctie
systolic function	systolische functie, systolische linkerventrikelfunctie
systolic heart failure	hartfalen met gedaalde ejectiefractie, systolisch hartfalen, systolische disfunctie, systolische functiestoornis, systolische ventriculaire dysfunctie
systolic hf	hartfalen met gedaalde ejectiefractie, systolisch hartfalen, systolische disfunctie, systolische functiestoornis, systolische ventriculaire dysfunctie
systolic pressure	systolische bloeddruk
systolic ventricular function	systolische functie, systolische linkerventrikelfunctie
systolic	systolisch, systolische
t2d	diabetes mellitus type 2, diabetes type-2, type 2 diabetes, type 2 diabetes mellitus, dm2, t2dm
tachyarrhythmias	tachyaritmieën, tachycardie, tachycardieën
tachycardia	tachyaritmieën, tachycardie, tachycardieën
tachycardic	tachycard
telemonitoring	telemonitoring
terminal heart failure	terminaal hartfalen
terminal	terminaal, terminale
the lancet	the lancet
therapeutic	therapeutisch, therapeutische, therapeuticum
therapeutics	therapeutisch, therapeutische, therapeuticum
therapies	therapie, therapieën
therapy	therapie, therapieën
third heart sound	derde harttoon
thromboembolic	trombo-embolische
thromboembolism	trombo-embolie
thrombosis	trombose
titrated	titreer, titrerend
tm	telemonitoring
transplant	transplantatie
transplantation	transplantatie
transplantations	transplantatie
transplants	transplantatie
trastuzumab	trastuzumab
tricuspid annular plane	tricuspidalisklepvlak
tricuspid valve	tricuspidalisklep
troponin t	troponine t
troponin	troponine
tumor	tumor, tumoren
tumors	tumor, tumoren
tunel	tunel
type 2 diabetes	diabetes mellitus type 2, diabetes type-2, type 2 diabetes, type 2 diabetes mellitus, dm2, t2dm
united states	usa, verenigde staten, vs
uptitration	dosisoptitratie
uptitrations	dosisoptitratie
us	usa, verenigde staten, vs
vad	hartpomp, hartpompen, vad, ventricular assist devices, steunhart, ondersteuningspompen
vads	hartpomp, hartpompen, vad, ventricular assist devices, steunhart, ondersteuningspompen
vagal tone	vagotoon
valsartan	valsartan
valve plasty	mitralisklepplastiek
valvular disease	hartklepaandoening, hartklepaandoeningen, hartklepafwijkingen, hartklepgebreken, hartkleplijden, klepafwijking, klepafwijkingen, klepdisfunctie, klepgebreken, kleplijden
vascular disease	vaatlijden, vaatziekte, vaatziekten, vaatziektes, vasculaire aandoening
vascular diseases	vaatlijden, vaatziekte, vaatziekten, vaatziektes, vasculaire aandoening
vascular	vasculaire
vasodilator	vaatverwijders
vasodilators	vaatverwijders
vasodilatory	vaatverwijdende, vasodilaterende
vasopeptidase inhibitors	vasopeptidase-remmer
vasopressin	antidiuretisch hormoon
venoarterial dilation	vasodilatatie
venous	veneuze
ventricle	kamer, kamers, ventrikel
ventricles	kamer, kamers, ventrikel
ventricular assist device	hartpomp, hartpompen, vad, ventricular assist devices, steunhart, ondersteuningspompen
ventricular assist devices	hartpomp, hartpompen, vad, ventricular assist devices, steunhart, ondersteuningspompen
ventricular diastolic function	diastolische functie
ventricular dysfunction	ventrikeldisfunctie
ventricular fibrillation	ventrikelfibrilleren, ventrikelfibrillatie
ventricular function	ventrikelfunctie, kamerfunctie
ventricular systolic hf	hartfalen met gedaalde ejectiefractie, systolisch hartfalen, systolische disfunctie, systolische functiestoornis, systolische ventriculaire dysfunctie
ventricular	ventriculaire
ventricularly	ventriculaire
vo	volumebelasting
vo2 max	maximale zuurstofopnamevermogen, vo2-piek
vo2	vo2
vo2max	maximale zuurstofopnamevermogen, vo2-piek
volume overload	volumebelasting
wide qrs complex	breed qrs-complex
x-ray	röntgenfoto
β-adrenergic receptor agonist	beta-agonist, beta-gonisten
β-adrenergic receptor blockade	bèta-adrenoceptorblokkade, bètareceptorblokkade, ß-blokkade
β-adrenergic receptor blocker	bèta-adrenoceptorblokker, beta-blokkers, bèta-blokkers, bètablokkeerder, bètablokkeerders, betablokker, β-receptorblokkerende sympathicolytica, bètablokker, betablokkers, bètablokkers, bètareceptorantagonisten, β-blokker, β-blokkers, ß-blokker, ß-blokkers
β-adrenergic receptor	bèta-adrenerge receptoren, ß-receptor
β-adrenoceptor blockade	bèta-adrenoceptorblokkade, bètareceptorblokkade, ß-blokkade
β-ar	bèta-adrenerge receptoren, ß-receptor
β-blockade	bèta-adrenoceptorblokkade, bètareceptorblokkade, ß-blokkade
β-blocker	bèta-adrenoceptorblokker, beta-blokkers, bèta-blokkers, bètablokkeerder, bètablokkeerders, betablokker, β-receptorblokkerende sympathicolytica, bètablokker, betablokkers, bètablokkers, bètareceptorantagonisten, β-blokker, β-blokkers, ß-blokker, ß-blokkers
β-blockers	bèta-adrenoceptorblokker, beta-blokkers, bèta-blokkers, bètablokkeerder, bètablokkeerders, betablokker, β-receptorblokkerende sympathicolytica, bètablokker, betablokkers, bètablokkers, bètareceptorantagonisten, β-blokker, β-blokkers, ß-blokker, ß-blokkers
β1-adrenergic receptor	ß1-adrenerge receptor, ß1-adrenerge receptoren, ß1-receptor
β1ar	ß1-adrenerge receptor, ß1-adrenerge receptoren, ß1-receptor
β1ars	ß1-adrenerge receptor, ß1-adrenerge receptoren, ß1-receptor
β2-receptor	bèta-2-adrenoceptor, bèta-2-adrenoceptoren, ß2-receptoren
