abdominale	abdominal
abdominales	abdominal
ablation	ablation
ac/fa	af, atrial fibrillation
acc	acc, american college of cardiology
accident vasculaire cérébral	stroke, strokes
accident vasculaire ischémique	ischemic cerebrovascular events
accidents ischémiques cérébraux	ischemic cerebrovascular events
accidents vasculaires cérébraux	stroke, strokes
activation sympathique	sympathetic activity
acv	stroke, strokes
admission	admission, admissions, hospitalisation, hospitalisations, hospitalization, hospitalizations
admissions	admission, admissions, hospitalisation, hospitalisations, hospitalization, hospitalizations
adrénoméduline	adrenomedullin
adénosine	adenosine
adénoviraux	adenoviral
adénovirus	adenovirus
affection cardiovasculaire	cardiovascular disease, cardiovascular diseases, cvd
affection	condition, conditions, disease, diseases
affections	condition, conditions, disease, diseases
agents antiplaquettaires	antiplatelet agents, antiplatelet drugs, antiplatelet medication
aha	aha, american heart association
aigu	acute
aigus	acute
aiguë	acute
aiguës	acute
aire sous la courbe roc	auc, aucs, area under the curve, area under the receiver operating characteristic curve, c statistic, c statistics, c-statistics, c-index
aldostérone	aldosterone
alpha de cronbach	cronbach's α
ambulatoire	ambulatory
ambulatoires	ambulatory
american college of cardiology	american college of cardiology, acc
american heart association	american heart association, aha
amylose cardiaque	cardiac amyloidosis
amyloses cardiaques	cardiac amyloidosis
amyloïdose cardiaque	cardiac amyloidosis
analyse multivariée	multivariate analysis, multivariate analyses, multivariable analysis
analyse univariée	univariate analysis, univariable analysis
anamnèse	medical history
anesthésie générale	general anaesthesia
angine	angina
angiographie	angiography
angioplastie	angioplasty
angiotensine 2	ang ii, angii, angiotensin ii
angiotensine ii	ang ii, angii, angiotensin ii
angiotensine	angiotensin
angor	angina
anneau tricuspide	tricuspid annular plane
anp	atrial natriuretic peptide
antagoniste du récepteur minéralocorticoïde	mineralocorticoid receptor antagonists
antagoniste	antagonist, antagonists
antagonistes de l'aldostérone	aldosterone antagonist, aldosterone receptor antagonists
antagonistes des récepteurs at1 de l'angiotensine ii	angiotensin ii receptor blocker, angiotensin receptor antagonist, angiotensin receptor blockers, angiotensin receptors blockers, angiotensin-receptor blocker, angiotensin-receptor blockers
antagonistes des récepteurs de l'aldostérone	aldosterone antagonist, aldosterone receptor antagonists
antagonistes des récepteurs de l'angiotensine ii	angiotensin ii receptor blocker, angiotensin receptor antagonist, angiotensin receptor blockers, angiotensin receptors blockers, angiotensin-receptor blocker, angiotensin-receptor blockers
antagonistes	antagonist, antagonists
anthracyclines	anthracycline, anthracyclines
antiarythmique	antiarrhythmic, antiarrhythmic drugs
antiarythmiques	antiarrhythmic, antiarrhythmic drugs
anticoagulant	anticoagulants
anticoagulants	anticoagulants
anticoagulation	anticoagulation
anticorps	antibodies
antihypertenseur	antihypertensive medication
antihypertenseurs	antihypertensive medication
antiplaquettaire	antiplatelet agents, antiplatelet drugs, antiplatelet medication
antiplaquettaires	antiplatelet agents, antiplatelet drugs, antiplatelet medication
antitumoraux	antitumor
anémie	anemia
aortique	aortic
aortiques	aortic
apex	apex
apoptose	apoptosis
ara	angiotensin ii receptor blocker, angiotensin receptor antagonist, angiotensin receptor blockers, angiotensin receptors blockers, angiotensin-receptor blocker, angiotensin-receptor blockers
ara2	angiotensin ii receptor blocker, angiotensin receptor antagonist, angiotensin receptor blockers, angiotensin receptors blockers, angiotensin-receptor blocker, angiotensin-receptor blockers
arm messagers	mrna, mrnas
arn messager	mrna, mrnas
arrêt cardiaque	cardiac arrest, cardiac death, cardiac deaths
arthrite	arthritis
arthrites	arthritis
artère coronaire	coronary artery, coronary arteries, coronary
artère	artery, arteries
artères	artery, arteries
artériel	arterial
artérielle	arterial
artérielles	arterial
artériellle	arterial
artériels	arterial
artériopathie	peripheral arterial disease, peripheral artery disease, peripheral vascular disease, pad
arythmie auriculaire	atrial tachyarrhythmias
arythmie par fibrillation auriculaire	af, atrial fibrillation
arythmie	arrhythmia, arrhythmias
arythmies cardiaques	arrhythmia, arrhythmias
arythmies	arrhythmia, arrhythmias
assistance circulatoire mécanique	mechanical circulatory support
assistance circulatoire	circulatory support
assistance ventriculaire	vad, vads, ventricular assist device, ventricular assist devices
assistances circulatoires	circulatory support
asymptomatique	asymptomatic
asymptomatiques	asymptomatic
at1	at1
at2	ang ii, angii, angiotensin ii
athérosclérose	atherosclerosis
atp	atp
atriale	atrial
atrioventriculaire	atrioventricular
atrioventriculaires	atrioventricular
attaque d'apoplexie	stroke, strokes
atteinte cardiaque	cardiac disease, heart disease
atteinte cérébrale	stroke, strokes
atteinte valvulaire	valvular disease
atteintes cardiaques	cardiac disease, heart disease
atteintes cardiovasculaires	cardiovascular event, cardiovascular events
auc	auc, aucs, area under the curve, area under the receiver operating characteristic curve, c statistic, c statistics, c-statistics, c-index
auriculaire	atrial
auriculaires	atrial
auricule gauche	left atrium
auriculo-ventriculaire	atrioventricular
auriculo-ventriculaires	atrioventricular
auriculoventriculaire	atrioventricular
auriculoventriculaires	atrioventricular
auscultation	auscultation
av	atrioventricular
b-type natriuretic peptide	b natriuretic peptides, b-type natriuretic peptide, b-type np, bnp, brain natriuretic peptide
baroréflexe	baroreflex
biomarqueur	biomarker, biomarkers
biomarqueurs	biomarker, biomarkers
biopsie	biopsies
biopsies	biopsies
bisoprolol	bisoprolol
biventriculaire	biventricular
biventriculaires	biventricular
bloc de branche gauche	left bundle branch block, left bundle-branch block, lbbb
bloqueurs du système rénine-angiotensine	ras blockers, renin-angiotensin system blocker, ras-blocker, renin-angiotensin-aldosterone system inhibitors
bnp	b natriuretic peptides, b-type natriuretic peptide, b-type np, bnp, brain natriuretic peptide
bolus	bolus
bpco	chronic obstructive pulmonary disease, copd
bradycardie	bradyarrhythmias, bradycardia
brain natriuretic peptide	b natriuretic peptides, b-type natriuretic peptide, b-type np, bnp, brain natriuretic peptide
breast cancer	breast cancer
broncho-pneumopathie chronique obstructive	chronic obstructive pulmonary disease, copd
bronchopneumopathie obstructive chronique	chronic obstructive pulmonary disease, copd
bétabloquants	bb, beta blockers, beta receptor blockers, beta-blocker, beta-blockers, β-blocker, β-blockers, β-adrenergic receptor blocker
bêta bloquants	bb, beta blockers, beta receptor blockers, beta-blocker, beta-blockers, β-blocker, β-blockers, β-adrenergic receptor blocker
bêta-bloquant	bb, beta blockers, beta receptor blockers, beta-blocker, beta-blockers, β-blocker, β-blockers, β-adrenergic receptor blocker
bêta-bloquants	bb, beta blockers, beta receptor blockers, beta-blocker, beta-blockers, β-blocker, β-blockers, β-adrenergic receptor blocker
bêtabloquant	bb, beta blockers, beta receptor blockers, beta-blocker, beta-blockers, β-blocker, β-blockers, β-adrenergic receptor blocker
bêtabloquants	bb, beta blockers, beta receptor blockers, beta-blocker, beta-blockers, β-blocker, β-blockers, β-adrenergic receptor blocker
bêtabloqueur	bb, beta blockers, beta receptor blockers, beta-blocker, beta-blockers, β-blocker, β-blockers, β-adrenergic receptor blocker
cachexie	cachexia
calcineurine	calcineurin
canada	canada
cancers du sein	breast cancer
capacité fonctionnelle	functional capacity
capillaire	capillary
cardiaque	cardiac
cardiaques droites	right heart
cardiaques	cardiac
cardio-vasculaire	cardiovascular, cv
cardio-vasculaires	cardiovascular, cv
cardiogène	cardiogenic
cardiogénique	cardiogenic
cardiologie	cardiology
cardiologue	cardiologists
cardiologues	cardiologists
cardiomyocyte	cardiomyocyte, cardiomyocytes
cardiomyocytes	cardiomyocyte, cardiomyocytes
cardiomyopathie dilaté	dilated cardiomyopathy, dcm
cardiomyopathie dilatée	dilated cardiomyopathy, dcm
cardiomyopathie ischémique	ischemic cardiomyopathy, ic
cardiomyopathie non ischémique	nonischemic cardiomyopathies
cardiomyopathie	cardiomyopathies, cardiomyopathy, cardiomyiopathy
cardiomyopathies dilatées	dilated cardiomyopathy, dcm
cardiomyopathies	cardiomyopathies, cardiomyopathy, cardiomyiopathy
cardiopathie ischémique	cad, coronary artery disease, coronary disease, coronary heart disease
cardiopathie	cardiac disease, heart disease
cardiopathies chroniques décompensées	chronic decompensated heart failure
cardiopathies hypertensives	hypertensive heart disease, hhd
cardiopathies ischémiques	cad, coronary artery disease, coronary disease, coronary heart disease
cardiopathies	cardiac disease, heart disease
cardiopulmonaire	cardiopulmonary
cardiopulmonaires	cardiopulmonary
cardiotoxicity	cardiotoxicity
cardiotoxicité	cardiotoxicity
cardiovasculaire	cardiovascular, cv
cardiovasculaires	cardiovascular, cv
cardiovascule	cardiovascular, cv
cardique	cardiac
cathétérisme cardiaque	cardiac catheterization
cavité auriculaire droite	right atrium
cavités cardiaques droites	right heart
cavités cardiaques	chamber
cellules endothéliales	endothelial cell, ec, ecs
cellules souches	stem cell
centre hospitalier	hospital, hospitals, clinic
cerebrovasculaire	cerebrovascular
cerveau	brain
chambre	chamber
charm	charm
chf	cardiac failure, chf, congestive heart failure, congestive hf, heart failure, hf, cardiac dysfunction
chimiothérapie	chemotherapy
chimiothérapies	chemotherapy
chirurgical	operative, surgical
chirurgicale	operative, surgical
chirurgicalement	surgically
chirurgicales	operative, surgical
chirurgicaux	operative, surgical
chirurgie	operation, operations, surgery
chirurgien	surgeons
chirurgiens	surgeons
choc cardiogène	cardiogenic shock
choc cardiogénique réfractaire	refractory cardiogenic shock
choc cardiogénique	cardiogenic shock
chronique	chronic
chroniques	chronic
circulation	circulation
circulatoire	circulatory
circulatoires	circulatory
classe de la new york heart association	functional class, new york heart association class, new york heart association classes, new york heart association functional class, nyha class, nyha functional class
classe fonctionnelle nyha	functional class, new york heart association class, new york heart association classes, new york heart association functional class, nyha class, nyha functional class
classe iii de la nyha	new york heart association class iii, nyha class iii, nyha functional class iii, nyha-iii
classe il de la nyha	new york heart association class ii, nyha functional class ii, nyha-ii
classe iv de la nyha	nyha functional class iv
classe nyha iii	new york heart association class iii, nyha class iii, nyha functional class iii, nyha-iii
classe nyha	functional class, new york heart association class, new york heart association classes, new york heart association functional class, nyha class, nyha functional class
classes fonctionnelles	functional class, new york heart association class, new york heart association classes, new york heart association functional class, nyha class, nyha functional class
classification de la new york heart association	new york heart association classification, nyha classification
classification de la nyha	new york heart association classification, nyha classification
classification fonctionnelle de la new york health association	new york heart association classification, nyha classification
classification fonctionnelle iii	new york heart association class iii, nyha class iii, nyha functional class iii, nyha-iii
classification nyha	new york heart association classification, nyha classification
clinicien	clinician, clinicians
cliniciens	clinician, clinicians
clinique	hospital, hospitals, clinic, clinical
cliniquement	clinically
cliniques	hospital, hospitals, clinic, clinical
cmd	dilated cardiomyopathy, dcm
co-morbidité	co-morbidities, co-morbidity, comorbidities, comorbidity
co-morbidités	co-morbidities, co-morbidity, comorbidities, comorbidity
coefficient de corrélation intraclasse	intraclass correlation coefficient, icc
coefficient de corrélation	correlation coefficient
coeur	heart, hearts
collagène	collagen
comorbidité	co-morbidities, co-morbidity, comorbidities, comorbidity
comorbidités	co-morbidities, co-morbidity, comorbidities, comorbidity
complexes qrs larges	wide qrs complex
compliance artérielle	total arterial compliance, tac
compliance ventriculaire gauche	lv compliance
compliance	compliance
complication	complication, complications
complications	complication, complications
condition	condition, conditions, disease, diseases
conditions	condition, conditions, disease, diseases
congénital	congenital
congénitale	congenital
congénitales	congenital
congénitaux	congenital
consultation	consultation, consultations
consultations	consultation, consultations
contractile	contractile
contractiles	contractile
contractilité ventriculaire gauche	lv contractility
contractilité	contractility
coronaire droite	right coronary artery
coronaire	coronary, coronary arteries, coronary artery
coronaires	coronary, coronary arteries, coronary artery
coronarien	coronary
coronarienne	coronary
coronariens	coronary
coronarographie	coronary angiography
coronaropathie	cad, coronary artery disease, coronary disease, coronary heart disease
coronaropathies	cad, coronary artery disease, coronary disease, coronary heart disease
corrélation inverse	inverse correlation
corrélation	correlation, correlations, cri
corrélée	correlate, correlated, correlates
crt	cardiac resynchronization therapy, cardiac-resynchronization therapy, crt, resynchronization, resynchronization therapy
créatinine	creatinine
curatifs	curative
cystatine c	cystatin c
cytotoxiques	cytotoxic
cérébral	cerebral
cérébrale	cerebral
cérébrales	cerebral
cérébraux	cerebral
cœur	heart, hearts
dai	icd, icds, implantable cardiac defibrillator, implantable cardioverter defibrillator, implantable cardioverter defibrillators, implantable cardioverter-defibrillator, implantable cardioverter-defibrillators, implantable defibrillators, cardioverter-defibrillator device, implantable cardiac arrhythmia devices
diabete	diabetes, diabetes mellitus
diabète de type 2	type 2 diabetes, t2d
diabète	diabetes, diabetes mellitus
diabètique	diabetic
diabétique	diabetic
diabétiques	diabetic
diagnostic	diagnoses, diagnosis
diagnostics	diagnoses, diagnosis
diagnostique	diagnostic
diagnostiquer	diagnosed
diagnostiques	diagnostic
diagnostiquée	diagnosed
diagnostiquées	diagnosed
diagnostiqués	diagnosed
dialyse	dialysis
diastole	diastole
diastolique	diastolic
diastoliques	diastolic
dilatation	dilatation, dilation
dilaté	dilated
dilatée	dilated
dilatées	dilated
diurétique de l'anse	loop diuretics
diurétique	diuretic, diuretics
diurétiques anti-aldostérone	aldosterone antagonist, aldosterone receptor antagonists
diurétiques de l'anse	loop diuretics
diurétiques	diuretic, diuretics
dobutamine	dobutamine
doppler cardiaque	doppler echocardiography, echo-doppler cardiography
doppler	doppler
double aveugle	double-blind
double insu	double-blind
dt2	type 2 diabetes, t2d
durée du remplissage diastolique	diastolic filling time
dysfonction cardiaque diastolique	diastolic dysfunction, diastolic failure, heart failure with preserved ejection fraction, heart failure with preserved left ventricular ejection fraction, hf with preserved ef, hf with preserved ejection fraction, hfpef, dd
dysfonction cardiaque	cardiac failure, chf, congestive heart failure, congestive hf, heart failure, hf, cardiac dysfunction
dysfonction diastolique	diastolic dysfunction, diastolic failure, heart failure with preserved ejection fraction, heart failure with preserved left ventricular ejection fraction, hf with preserved ef, hf with preserved ejection fraction, hfpef, dd
dysfonction endothéliale	endothelial dysfunction
dysfonction systolique du ventricule gauche	left ventricular systolic dysfunction
dysfonction systolique ventriculaire gauche	left ventricular systolic dysfunction
dysfonction systolique ventriculaire	heart failure with reduced ejection fraction, hf with reduced ef, hf with reduced ejection fraction, hf-ref, hfref, systolic  heart failure, systolic dysfunction, systolic heart failure, systolic hf, ventricular systolic hf
dysfonction systolique vg	left ventricular systolic dysfunction
dysfonction systolique	heart failure with reduced ejection fraction, hf with reduced ef, hf with reduced ejection fraction, hf-ref, hfref, systolic  heart failure, systolic dysfunction, systolic heart failure, systolic hf, ventricular systolic hf
dysfonction ventriculaire gauche systolique	left ventricular systolic dysfunction
dysfonction ventriculaire gauche	left ventricular dysfunction, lv dysfunction
dysfonction ventriculaire	ventricular dysfunction
dysfonction vg	left ventricular dysfunction, lv dysfunction
dysfonction	dysfunction
dysfonctionnement cardiaque	cardiac failure, chf, congestive heart failure, congestive hf, heart failure, hf, cardiac dysfunction
dysfonctionnement rénal	kidney disease, nephropathy, renal disease, renal dysfunction, renal impairment, kidney failure
dysfonctionnement ventriculaire gauche	left ventricular dysfunction, lv dysfunction
dysfonctionnement	dysfunction
dysfonctionnements diastoliques	diastolic dysfunction, diastolic failure, heart failure with preserved ejection fraction, heart failure with preserved left ventricular ejection fraction, hf with preserved ef, hf with preserved ejection fraction, hfpef, dd
dysfonctions ventriculaires	ventricular dysfunction
dysfonctions	dysfunction
dyspnée aiguë	acute dyspnea
dyspnée	breathlessness, dyspnea
débit cardiaque	cardiac output, co
débit global de filtration glomérulaire	estimated glomerular filtration rate, glomerular filtration rate, egfr
décompensation cardiaque congestive	cardiac failure, chf, congestive heart failure, congestive hf, heart failure, hf, cardiac dysfunction
décompensation cardiaque	cardiac failure, chf, congestive heart failure, congestive hf, heart failure, hf, cardiac dysfunction
décompensation	decompensation
défaillance cardiaque	cardiac failure, chf, congestive heart failure, congestive hf, heart failure, hf, cardiac dysfunction
défaillance cardiogénique	cardiac failure, chf, congestive heart failure, congestive hf, heart failure, hf, cardiac dysfunction
défaillance multiviscérale	multiorgan failure
défaillances multiviscérales	multiorgan failure
défaillances viscérales	organ failure
défibrillateur automatique implantable ventriculaire	icd, icds, implantable cardiac defibrillator, implantable cardioverter defibrillator, implantable cardioverter defibrillators, implantable cardioverter-defibrillator, implantable cardioverter-defibrillators, implantable defibrillators, cardioverter-defibrillator device, implantable cardiac arrhythmia devices
défibrillateur automatique implantable	icd, icds, implantable cardiac defibrillator, implantable cardioverter defibrillator, implantable cardioverter defibrillators, implantable cardioverter-defibrillator, implantable cardioverter-defibrillators, implantable defibrillators, cardioverter-defibrillator device, implantable cardiac arrhythmia devices
défibrillateur cardiaque automatique implantable	icd, icds, implantable cardiac defibrillator, implantable cardioverter defibrillator, implantable cardioverter defibrillators, implantable cardioverter-defibrillator, implantable cardioverter-defibrillators, implantable defibrillators, cardioverter-defibrillator device, implantable cardiac arrhythmia devices
défibrillateur cardiaque implantable	icd, icds, implantable cardiac defibrillator, implantable cardioverter defibrillator, implantable cardioverter defibrillators, implantable cardioverter-defibrillator, implantable cardioverter-defibrillators, implantable defibrillators, cardioverter-defibrillator device, implantable cardiac arrhythmia devices
défibrillateur implantable automatique	icd, icds, implantable cardiac defibrillator, implantable cardioverter defibrillator, implantable cardioverter defibrillators, implantable cardioverter-defibrillator, implantable cardioverter-defibrillators, implantable defibrillators, cardioverter-defibrillator device, implantable cardiac arrhythmia devices
défibrillateur	defibrillator, defibrillators, cardiac defibrillator
défibrillateurs automatiques implantés	icd, icds, implantable cardiac defibrillator, implantable cardioverter defibrillator, implantable cardioverter defibrillators, implantable cardioverter-defibrillator, implantable cardioverter-defibrillators, implantable defibrillators, cardioverter-defibrillator device, implantable cardiac arrhythmia devices
défibrillateurs cardiaques implantables	icd, icds, implantable cardiac defibrillator, implantable cardioverter defibrillator, implantable cardioverter defibrillators, implantable cardioverter-defibrillator, implantable cardioverter-defibrillators, implantable defibrillators, cardioverter-defibrillator device, implantable cardiac arrhythmia devices
défibrillateurs implantables	icd, icds, implantable cardiac defibrillator, implantable cardioverter defibrillator, implantable cardioverter defibrillators, implantable cardioverter-defibrillator, implantable cardioverter-defibrillators, implantable defibrillators, cardioverter-defibrillator device, implantable cardiac arrhythmia devices
défibrillateurs	defibrillator, defibrillators, cardiac defibrillator
délai auriculo-ventriculaire	atrioventricular delay
délai av	atrioventricular delay
délais auriculo-ventriculaires	atrioventricular delay
détresse respiratoire	breathlessness, dyspnea
ecg	ecg, ecgs, electrocardiogram
echocardiographie	echocardiograms, echocardiography
ecmo	ecmo, extra corporeal membrane oxygenation, extracorporeal membrane oxygenation, extracorporeal life support, extracorporeal support
embolie pulmonaire	pulmonary embolism
endopeptidase	endopeptidase
endothélial	endothelial
endothéliale	endothelial
endothéliales	endothelial
endothéline	endothelin
enzyme de conversion de l'angiotensine ii	angiotensin converting enzyme, angiotensin-converting enzyme
enzyme de conversion de l'angiotensine	angiotensin converting enzyme, angiotensin-converting enzyme
enzyme	enzyme, enzymes
enzymes	enzyme, enzymes
epidémiologie	epidemiology
espérance de vie	life expectancy
etats-unis	us, united states
eto	transoesophageal echocardiography
europe	europe
examen clinique	physical examination
excursion systolique de l'anneau tricuspide	tapse, tricuspid annular plane systolic excursion
explanter	explanted
expression	expression, expressions
extra-corporeal membrane oxygenation	ecmo, extra corporeal membrane oxygenation, extracorporeal membrane oxygenation, extracorporeal life support, extracorporeal support
extracellulaire	extracellular
f. e.	ef, ejection fraction, ejection fractions, left ventricular ejection fraction, left ventricular ejection fractions, lv ef, lv ejection fraction, lvef
fa	af, atrial fibrillation
fc	heart rate, heart beat, hr
fe	ef, ejection fraction, ejection fractions, left ventricular ejection fraction, left ventricular ejection fractions, lv ef, lv ejection fraction, lvef
fevg basse	reduced ef, reduced ejection fraction, reduced left ventricular ejection fraction, ref
fevg	ef, ejection fraction, ejection fractions, left ventricular ejection fraction, left ventricular ejection fractions, lv ef, lv ejection fraction, lvef
fibrilation auriculaire	af, atrial fibrillation
fibrilation	fibrillation
fibrillation atriale	af, atrial fibrillation
fibrillation auriculaire	af, atrial fibrillation
fibrillation ventriculaire	ventricular fibrillation
fibrillation	fibrillation
fibrose cardiaque	cardiac fibrosis, myocardial fibrosis
fibrose	fibrosis
fistule aorto-cave distale	aortocaval fistula
flux sanguin	blood flow, hemodynamic, hemodynamics, haemodynamic, blood-flow
flux trans-mitral	transmitral flow
foie	liver
fonction cardiaque	cardiac function, cardiac functions
fonction diastolique	diastolic function, left ventricular diastolic function, ventricular diastolic function
fonction endothéliale	endothelial function
fonction myocardique	myocardial function
fonction rénale	renal function
fonction systolique conservée	pef, preserved ef, preserved ejection fraction, preserved left ventricular ejection fraction, preserved left ventricular ejection fractions, preserved lv ejection fraction, preserved lvef
fonction systolique d'éjection du ventricule gauche	ef, ejection fraction, ejection fractions, left ventricular ejection fraction, left ventricular ejection fractions, lv ef, lv ejection fraction, lvef
fonction systolique du ventricule gauche	systolic function, systolic ventricular function
fonction systolique préservée	pef, preserved ef, preserved ejection fraction, preserved left ventricular ejection fraction, preserved left ventricular ejection fractions, preserved lv ejection fraction, preserved lvef
fonction systolique vd	right ventricular ejection fraction
fonction systolique ventriculaire gauche	systolic function, systolic ventricular function
fonction systolique vg	systolic function, systolic ventricular function
fonction systolique	systolic function, systolic ventricular function
fonction vd	right ventricular function, rv function
fonction ventriculaire droite	right ventricular function, rv function
fonction ventriculaire gauche	left ventricular function, lv function
fonction ventriculaire	ventricular function
fonctions systoliques	systolic function, systolic ventricular function
fraction d'ejection	ef, ejection fraction, ejection fractions, left ventricular ejection fraction, left ventricular ejection fractions, lv ef, lv ejection fraction, lvef
fraction d'éjection du ventricule gauche	ef, ejection fraction, ejection fractions, left ventricular ejection fraction, left ventricular ejection fractions, lv ef, lv ejection fraction, lvef
fraction d'éjection préservée	pef, preserved ef, preserved ejection fraction, preserved left ventricular ejection fraction, preserved left ventricular ejection fractions, preserved lv ejection fraction, preserved lvef
fraction d'éjection réduite	reduced ef, reduced ejection fraction, reduced left ventricular ejection fraction, ref
fraction d'éjection ventriculaire gauche	ef, ejection fraction, ejection fractions, left ventricular ejection fraction, left ventricular ejection fractions, lv ef, lv ejection fraction, lvef
fraction d'éjection vg	ef, ejection fraction, ejection fractions, left ventricular ejection fraction, left ventricular ejection fractions, lv ef, lv ejection fraction, lvef
fraction d'éjection	ef, ejection fraction, ejection fractions, left ventricular ejection fraction, left ventricular ejection fractions, lv ef, lv ejection fraction, lvef
fraction de raccourcissement du ventricule gauche	ef, ejection fraction, ejection fractions, left ventricular ejection fraction, left ventricular ejection fractions, lv ef, lv ejection fraction, lvef
fractions d'éjection	ef, ejection fraction, ejection fractions, left ventricular ejection fraction, left ventricular ejection fractions, lv ef, lv ejection fraction, lvef
framingham	framingham
fréquence cardiaque	heart rate, heart beat, hr
furosémide	furosemide
févg	ef, ejection fraction, ejection fractions, left ventricular ejection fraction, left ventricular ejection fractions, lv ef, lv ejection fraction, lvef
glucose	glucose
greffe cardiaque	cardiac transplant, cardiac transplantation, cardiac transplants, heart transplant, heart transplantation, heart transplantations
greffe	transplant, transplantation, transplantations, transplants
greffons cardiaques	cardiac transplant, cardiac transplantation, cardiac transplants, heart transplant, heart transplantation, heart transplantations
gènes	gene, genes
génique	genetic
génomique	genomic
génétique	genetic
génétiques	genetic
gêne	gene, genes
heart function clinic	heart function clinic
heartmate	heartmate
hf-action	hf-action
histologique	histological, histologically
histologiques	histological, histologically
hormone antidiurétique	vasopressin, arginine vasopressin, avp
hospitalisation	admission, admissions, hospitalisation, hospitalisations, hospitalization, hospitalizations
hospitalisations	admission, admissions, hospitalisation, hospitalisations, hospitalization, hospitalizations
hospitalisé	hospitalized
hospitalisée	hospitalized
hospitalisées	hospitalized
hospitalisés	hospitalized
hta	hypertension
htap	pah, ph, pulmonary arterial hypertension, pulmonary hypertension
hvg	lv hypertrophy, left ventricular hypertrophy, lvh
hypertendu	hypertensive
hypertendus	hypertensive
hypertensif	hypertensive
hypertension artérielle pulmonaire	pah, ph, pulmonary arterial hypertension, pulmonary hypertension
hypertension artérielle	hypertension
hypertension artériellle	hypertension
hypertension	hypertension
hypertensions artérielles	hypertension
hypertensions	hypertension
hypertensive	hypertensive
hypertensives	hypertensive
hypertrophie cardiaque gauche compensée	compensated lv hypertrophy
hypertrophie cardiaque gauche	lv hypertrophy, left ventricular hypertrophy, lvh
hypertrophie cardiaque	cardiac hypertrophy
hypertrophie cellulaire	hypertrophy
hypertrophie myocytaire	myocyte hypertrophy
hypertrophie ventriculaire gauche	lv hypertrophy, left ventricular hypertrophy, lvh
hypertrophie	hypertrophy
hypertrophier	hypertrophied
hypertrophique	hypertrophic
hypo-albuminémie	hypoalbuminemia
hyponatrémie	hyponatremia
hyponatrémies	hyponatremia
hypotension	hypotension
hypoxie	hypoxia
hypoxies	hypoxia
hématopoïétiques	haematopoietic
hémodynamique	blood flow, hemodynamic, hemodynamics, blood-flow, haemodynamic
hémodynamiques	blood flow, hemodynamic, hemodynamics, blood-flow, haemodynamic
hémoglobine	hemoglobin, hgb
hémorragie	bleeding
hémorragies	bleeding
héréditaire	hereditary
hôpital	hospital, hospitals, clinic
ic chronique	chf, chronic heart failure, chronic hf
ic diastolique	diastolic dysfunction, diastolic failure, heart failure with preserved ejection fraction, heart failure with preserved left ventricular ejection fraction, hf with preserved ef, hf with preserved ejection fraction, hfpef, dd
ic terminale	terminal heart failure
ic à fevg réduite	heart failure with reduced ejection fraction, hf with reduced ef, hf with reduced ejection fraction, hf-ref, hfref, systolic  heart failure, systolic dysfunction, systolic heart failure, systolic hf, ventricular systolic hf
ic à fonction systolique préservée	heart failure with preserved ejection fraction, heart failure with preserved left ventricular ejection fraction, hf with preserved ef, hf with preserved ejection fraction, hfpef, diastolic failure, dd, diastolic dysfunction
ic	cardiac failure, chf, congestive heart failure, congestive hf, heart failure, hf, cardiac dysfunction, ci, confidence interval, confidence intervals, cis
icc	chf, chronic heart failure, chronic hf, cardiac failure, chf, congestive heart failure, congestive hf, heart failure, hf, cardiac dysfunction
icd	diastolic dysfunction, diastolic failure, heart failure with preserved ejection fraction, heart failure with preserved left ventricular ejection fraction, hf with preserved ef, hf with preserved ejection fraction, hfpef, dd
icfep	diastolic dysfunction, diastolic failure, heart failure with preserved ejection fraction, heart failure with preserved left ventricular ejection fraction, hf with preserved ef, hf with preserved ejection fraction, hfpef, dd
idiopathique	idiopathic
idiopathiques	idiopathic
iec	angiotensin converting enzyme inhibitor, angiotensin converting enzyme inhibitors, angiotensin-converting enzyme inhibitor, angiotensin-converting enzyme inhibitors
ieca	angiotensin converting enzyme inhibitor, angiotensin converting enzyme inhibitors, angiotensin-converting enzyme inhibitor, angiotensin-converting enzyme inhibitors
im	acute myocardial infarction, myocardial infarction, mis, ami, mi
imagerie par résonance magnétique	mri
immunoglobuline	antibodies
immunohistochimiques	immunohistochemistry
immuomarquage western	western blot, western blots
implantable	implantable
implantables	implantable
implantation	implant, implantation, implantations, implants
implanter	implant, implants
implanté	implanted
implantée	implanted
implantés	implanted
in vitro	in vitro
in vivo	in vivo
incidence	incidence
index cardiaque	cardiac index
index de masse corporelle	bmi, body mass index
infarctus du myocarde à la phase aiguë	acute myocardial infarction, myocardial infarction, mis, ami, mi
infarctus du myocarde	acute myocardial infarction, myocardial infarction, mis, ami, mi
infarctus myocardique	acute myocardial infarction, myocardial infarction, mis, ami, mi
infarctus	infarct, infarction
infection	infection
infections	infection
infirmière	nurse, nurses
infirmières	nurse, nurses
inflammation	inflammation
inflammatoire	inflammatory
infracellulaires	intracellular
infusions	infusion, infusions
inhibiteur de l'enzyme de conversion de l'angiotensine	angiotensin converting enzyme inhibitor, angiotensin converting enzyme inhibitors, angiotensin-converting enzyme inhibitor, angiotensin-converting enzyme inhibitors
inhibiteur de l'enzyme de conversion	angiotensin converting enzyme inhibitor, angiotensin converting enzyme inhibitors, angiotensin-converting enzyme inhibitor, angiotensin-converting enzyme inhibitors
inhibiteur de la néprilysine	neprilysin inhibitor, neprilysin inhibitors
inhibiteur des récepteurs de l'angiotensine	angiotensin ii receptor blocker, angiotensin receptor antagonist, angiotensin receptor blockers, angiotensin receptors blockers, angiotensin-receptor blocker, angiotensin-receptor blockers
inhibiteurs d'enzyme de conversion de l'angiotensine	angiotensin converting enzyme inhibitor, angiotensin converting enzyme inhibitors, angiotensin-converting enzyme inhibitor, angiotensin-converting enzyme inhibitors
inhibiteurs de l'angiotensine ii	angiotensin ii receptor blocker, angiotensin receptor antagonist, angiotensin receptor blockers, angiotensin receptors blockers, angiotensin-receptor blocker, angiotensin-receptor blockers
inhibiteurs de l'enzyme de conversion de l'angiotensine ii	angiotensin converting enzyme inhibitor, angiotensin converting enzyme inhibitors, angiotensin-converting enzyme inhibitor, angiotensin-converting enzyme inhibitors
inhibiteurs de l'enzyme de conversion de l'angiotensine	angiotensin converting enzyme inhibitor, angiotensin converting enzyme inhibitors, angiotensin-converting enzyme inhibitor, angiotensin-converting enzyme inhibitors
inhibiteurs de l'enzyme de conversion	angiotensin converting enzyme inhibitor, angiotensin converting enzyme inhibitors, angiotensin-converting enzyme inhibitor, angiotensin-converting enzyme inhibitors
inhibiteurs du système rénine-angiotensine-aldostérone	ras blockers, renin-angiotensin system blocker, ras-blocker, renin-angiotensin-aldosterone system inhibitors
injection	injections
injections	injections
inotropes	inotropic, inotropes
insuffisance aortique	ai, aortic insufficiency, aortic valve insufficiency
insuffisance cardiaque aiguë	acute heart failure, acute hf, ahf
insuffisance cardiaque chronique avec fonction systolique diminuée	chronic systolic heart failure
insuffisance cardiaque chronique	chf, chronic heart failure, chronic hf
insuffisance cardiaque congestive à fonction systolique conservée	diastolic dysfunction, diastolic failure, heart failure with preserved ejection fraction, heart failure with preserved left ventricular ejection fraction, hf with preserved ef, hf with preserved ejection fraction, hfpef, dd
insuffisance cardiaque congestive	cardiac failure, chf, congestive heart failure, congestive hf, heart failure, hf, cardiac dysfunction
insuffisance cardiaque de classe ii	chf-nyha-ii
insuffisance cardiaque diastolique	diastolic dysfunction, diastolic failure, heart failure with preserved ejection fraction, heart failure with preserved left ventricular ejection fraction, hf with preserved ef, hf with preserved ejection fraction, hfpef, dd
insuffisance cardiaque droite	right heart failure
insuffisance cardiaque post-ischémique	postischemic heart failure
insuffisance cardiaque stable	stable heart failure, stable hf
insuffisance cardiaque stade iii	chf-nyha-iii
insuffisance cardiaque systolique	heart failure with reduced ejection fraction, hf with reduced ef, hf with reduced ejection fraction, hf-ref, hfref, systolic  heart failure, systolic dysfunction, systolic heart failure, systolic hf, ventricular systolic hf
insuffisance cardiaque sévère	severe heart failure, severe hf
insuffisance cardiaque terminale	terminal heart failure
insuffisance cardiaque à fonction systolique conservée	diastolic dysfunction, diastolic failure, heart failure with preserved ejection fraction, heart failure with preserved left ventricular ejection fraction, hf with preserved ef, hf with preserved ejection fraction, hfpef, dd
insuffisance cardiaque à fonction systolique d'éjection conservée	diastolic dysfunction, diastolic failure, heart failure with preserved ejection fraction, heart failure with preserved left ventricular ejection fraction, hf with preserved ef, hf with preserved ejection fraction, hfpef, dd
insuffisance cardiaque à fonction systolique préservée	diastolic dysfunction, diastolic failure, heart failure with preserved ejection fraction, heart failure with preserved left ventricular ejection fraction, hf with preserved ef, hf with preserved ejection fraction, hfpef, dd
insuffisance cardiaque à fraction d'éjection préservée	diastolic dysfunction, diastolic failure, heart failure with preserved ejection fraction, heart failure with preserved left ventricular ejection fraction, hf with preserved ef, hf with preserved ejection fraction, hfpef, dd
insuffisance cardiaque à fraction d'éjection réduite	heart failure with reduced ejection fraction, hf with reduced ef, hf with reduced ejection fraction, hf-ref, hfref, systolic  heart failure, systolic dysfunction, systolic heart failure, systolic hf, ventricular systolic hf
insuffisance cardiaque	cardiac failure, chf, congestive heart failure, congestive hf, heart failure, hf, cardiac dysfunction
insuffisance cardique	cardiac failure, chf, congestive heart failure, congestive hf, heart failure, hf, cardiac dysfunction
insuffisance coronaire	cad, coronary artery disease, coronary disease, coronary heart disease
insuffisance coronarienne	cad, coronary artery disease, coronary disease, coronary heart disease
insuffisance mitrale	mr, mitral regurgitation
insuffisance rénale aiguë	acute kidney injury
insuffisance rénale chronique	chronic kidney disease, chronic renal failure, ckd
insuffisance rénale	kidney disease, nephropathy, renal disease, renal dysfunction, renal impairment, kidney failure
insuffisance systolique ventriculaire gauche	left ventricular systolic dysfunction
insuffisance systolique	heart failure with reduced ejection fraction, hf with reduced ef, hf with reduced ejection fraction, hf-ref, hfref, systolic  heart failure, systolic dysfunction, systolic heart failure, systolic hf, ventricular systolic hf
insuffisance valvulaire	valvular disease
insuffisance ventriculaire gauche	left ventricular dysfunction, lv dysfunction
insuffisance ventriculaire	ventricular dysfunction
insuffisances cardiaques	cardiac failure, chf, congestive heart failure, congestive hf, heart failure, hf, cardiac dysfunction
insuffisances mitrales	mr, mitral regurgitation
insuline	insulin
internistes	internists
intervalle de confiance	ci, confidence interval, confidence intervals, cis
intervalle qt	qt interval, qt intervals
interventriculaire	interventricular
intra-veineuse	intravenous, intravenously
intraveineuse	intravenous, intravenously
intraveineuses	intravenous, intravenously
intubation	intubation, intubations
invasif	invasive, invasively
invasive	invasive, invasively
invasives	invasive, invasively
ira	acute kidney injury
irm	mri
ischémie coronarienne	cad, coronary artery disease, coronary disease, coronary heart disease
ischémie myocardique	myocardial ischaemia, myocardial ischemia, cad, coronary artery disease, coronary disease, coronary heart disease
ischémie silencieuse	myocardial ischaemia, myocardial ischemia
ischémie	ischaemia, ischemia
ischémique	ischemic
ischémiques	ischemic
isoprotérénol	isoprenaline, isoproterenol
ivabradine	ivabradine
killip	killip class
lésion	lesion, lesions
lésions	lesion, lesions
macrophages	macrophages
maladie cardiaque	cardiac disease, heart disease
maladie coronaire	cad, coronary artery disease, coronary disease, coronary heart disease
maladie du coeur	cardiac disease, heart disease
maladie thromboembolique	thromboembolism
maladie	condition, conditions, disease, diseases
maladies cardiaques	cardiac disease, heart disease
maladies cardiovasculaires	cardiovascular disease, cardiovascular diseases, cvd
maladies cardiovascule	cardiovascular disease, cardiovascular diseases, cvd
maladies	condition, conditions, disease, diseases
marqueurs biologiques	biomarker, biomarkers
masse non grasse	lean body mass, lean mass
mcd	dilated cardiomyopathy, dcm
mcdi	idiopathic dilated cardiomyopathy, idiopathic-dilated cardiomyopathy
medicaux	medical
mitral	mitral
mitrale	mitral
mitrales	mitral
mitraux	mitral
modèle de cox	cox model, cox models, cox proportional hazard analyses, cox proportional hazard models, cox proportional hazards analyses, cox proportional hazards models, cox proportional hazards regression modeling, cox regression, cox regression analysis, cox regression models, cox-proportional hazard models
morbidité	morbidities, morbidity
morbidités	morbidities, morbidity
mort cardiaque	cardiac arrest, cardiac death, cardiac deaths
mort	death, deaths, mortality
mortalité cardiovasculaire	cardiovascular mortality, cardiovascular death
mortalité	death, deaths, mortality
muscle cardiaque	heart muscle, myocardium
muscle	muscle, muscles
musculaire	muscular
musculaires	muscular
myocarde	heart muscle, myocardium
myocardiopathie dilatée idiopathique	idiopathic dilated cardiomyopathy, idiopathic-dilated cardiomyopathy
myocardiopathie dilatée	dilated cardiomyopathy, dcm
myocardiopathie	cardiomyopathies, cardiomyopathy, cardiomyiopathy
myocardiopathies	cardiomyopathies, cardiomyopathy, cardiomyiopathy
myocardique	myocardial
myocardiques	myocardial
myocardite	myocarditis
myocardites	myocarditis
myocytes cardiaques	cardiomyocyte, cardiomyocytes
myocytes ventriculaires	ventricular cardiomyocytes, ventricular myocytes
myocytes	myoctyes, myocyte, myocytes
myofibrillaire	myofibrillar
myxome de l'oreillette droite	right atrial myxoma
myxome	myxoma, myxomas
myxomes	myxoma, myxomas
médecin	doctors, physician, physicians
médecine	medicine
médecins	doctors, physician, physicians
médical	medical
médicale	medical
médicalement	medically
médicales	medical
médicament	medication, medications, drug, drugs, pharmaceuticals
médicaments vasodilatateurs	vasodilator, vasodilators
médicaments	medication, medications, drug, drugs, pharmaceuticals
médication	medication, medications, drug, drugs, pharmaceuticals
médicaux	medical
médicothérapie	medical therapy, medical treatment
méta-analyse	meta-analyses, meta-analysis
méta-analyses	meta-analyses, meta-analysis
métaboliques	metabolic
métabolisme	metabolism
n-terminal propeptide natriurétique de type b	amino-terminal pro-b-type natriuretic peptide, n-terminal pro-b-type natriuretic peptide, n-terminal pro-b-type natriuretic peptides, n-terminal pro-b-type np, n-terminal pro-brain-type natriuretic peptide, n-terminal probnp, nt-pro bnp, nt-probnp, n-terminal pro-brain natriuretic peptide
natriurétique	natriuretic
natriurétiques	natriuretic
neuro-hormonale	neuro-hormonal, neurohormonal, neurohormonally
neuro-hormonales	neuro-hormonal, neurohormonal, neurohormonally
neuro-hormonaux	neuro-hormonal, neurohormonal, neurohormonally
neurohormonale	neuro-hormonal, neurohormonal, neurohormonally
neurohumorale	neurohumoral
neurologique	neurological
neurologiques	neurological
non invasif	non-invasively, noninvasive
non invasive	non-invasively, noninvasive
non invasives	non-invasively, noninvasive
non-invasive	non-invasively, noninvasive
noradrénaline plasmatique	plasma norepinephrine
noradrénaline	norepinephrine
norépinéphrine	norepinephrine
nt-probnp	amino-terminal pro-b-type natriuretic peptide, n-terminal pro-b-type natriuretic peptide, n-terminal pro-b-type natriuretic peptides, n-terminal pro-b-type np, n-terminal pro-brain-type natriuretic peptide, n-terminal probnp, nt-pro bnp, nt-probnp, n-terminal pro-brain natriuretic peptide
nyha	nyha
nyna iii	new york heart association class iii, nyha class iii, nyha functional class iii, nyha-iii
néo-angiogenèse	neoangiogenesis, angiogenesis
néprilysine	neprilysin
nésiritide	nesiritide
obèse	obese
obèses	obese
obésité	obesity
oedemes périphériques	peripheral edema, peripheral oedema
oedemes	fluid retention, edema, oedema
oedèmes	fluid retention, edema, oedema
opératoire	operative, surgical
opératoires	operative, surgical
or	odds ratio, odds ratios, or
oral	oral
orale	oral
oreillette droite	right atrium
oreillette	atrium
oreillettes	atrium
organe	organ
organes	organ
organique	organic
organiques	organic
oxygène de pointe	maximum oxygen consumption, peak o2, peak oxygen consumption, peak oxygen uptake, peak respiratory quotient, peak vo2, vo2 max, vo2max
p	p, p value, p values, p-value
pac	bypass, cabg, cardiopulmonary bypass, coronary artery bypass, coronary artery bypass grafting, coronary artery bypass surgery
pacemaker	pacemaker, pacemakers
palliatifs	palliative
palliative	palliative
paradigm-hf	paradigm-hf
parasympathique	parasympathetic
pathologie valvulaire	valvular disease
pathologie	pathology
pathologies cardio-vasculaires	cardiovascular disease, cardiovascular diseases, cvd
pathologies	pathology
pathologiques	pathological
pathophysiologie	pathophysiology
pathophysiologique	pathophysiologic, pathophysiological, pathophysiologically
patient	patient, patients
patiente	patient, patients
patientes	patient, patients
patients	patient, patients
peptide b natriurétique	b natriuretic peptides, b-type natriuretic peptide, b-type np, bnp, brain natriuretic peptide
peptide natriurétique cérébral	b natriuretic peptides, b-type natriuretic peptide, b-type np, bnp, brain natriuretic peptide
peptide natriurétique de type b	b natriuretic peptides, b-type natriuretic peptide, b-type np, bnp, brain natriuretic peptide
peptide natriurétique de type-b	b natriuretic peptides, b-type natriuretic peptide, b-type np, bnp, brain natriuretic peptide
peptide natriurétique	natriuretic peptide, natriuretic peptides, np, nps
peptide	peptide, peptides
peptides natriurétiques a	atrial natriuretic peptide
peptides natriurétiques auriculaires	atrial natriuretic peptide
peptides natriurétiques	natriuretic peptide, natriuretic peptides, np, nps
peptides	peptide, peptides
percutanée	percutaneous
percutanées	percutaneous
perfusion	perfusion
peropératoire	perioperative
peropératoires	perioperative
pharmacologique	pharmacologic, pharmacological
pharmacologiques	pharmacologic, pharmacological
phosphodiestérases	pde
phosphorylation	phosphorylation
physiologie	physiology
physiologiquement	physiologic, physiological
physiologiques	physiologic, physiological
physiopathologie	pathophysiology
physiopathologique	pathophysiologic, pathophysiological, pathophysiologically
physiopathologiques	pathophysiologic, pathophysiological, pathophysiologically
physique	physical
physiques	physical
pic de vo2	maximum oxygen consumption, peak o2, peak oxygen consumption, peak oxygen uptake, peak respiratory quotient, peak vo2, vo2 max, vo2max
pioglitazone	pioglitazone
placebo	placebo
plasma	plasma
polymorphisme	polymorphism, polymorphisms
pompe cardiaque	vad, vads, ventricular assist device, ventricular assist devices
pompes centrifuges	centrifugal flow pump
pontage aortocoronarien	bypass, cabg, cardiopulmonary bypass, coronary artery bypass, coronary artery bypass grafting, coronary artery bypass surgery
post-charge	afterload
post-infarctus du myocarde	post-myocardial infarction
postcharge	afterload
postopératoire	postoperative, postoperatively
postopératoires	postoperative, postoperatively
pouls	pulse
poumon	lung
prescription	prescription
prescriptions	prescription
prescrits	prescribed
pression artérielle pulmonaire	pulmonary arterial pressure
pression artérielle systolique	systolic pressure, systolic blood pressure
pression artérielle	blood pressure, bp, arterial pressure
pression capillaire pulmonaire	pulmonary capillary wedge pressure, pcwp
pression diastolique	diastolic blood pressure
pression systolique	systolic pressure, systolic blood pressure
pressions de remplissage du ventricule gauche	lv filling pressures, lv filling pressure, left ventricular filling pressure
pressions de remplissage	filling pressure, filling pressures, cardiac filling pressures
pressions pulmonaires	pulmonary arterial pressure
probnp	pro bnp, pro-b-type natriuretic peptide, pro-b-type natriuretic peptides, pro-b-type np, pro-brain natriuretic peptide, pro-brain-type natriuretic peptide, probnp
pronosgtic	prognosis
pronostic	prognosis
pronostique	prognostic
pronostiques	prognostic
propeptide natriurétique de type b	pro bnp, pro-b-type natriuretic peptide, pro-b-type natriuretic peptides, pro-b-type np, pro-brain natriuretic peptide, pro-brain-type natriuretic peptide, probnp
prospective	prospective
prospectives	prospective
protéine bcl-2	bcl-2, bcl2
protéine	protein, proteins
protéines	protein, proteins
protéolyse	proteolysis
protéomique	proteomic
préopératoire	preoperative
préopératoires	preoperative
prévalence	prevalence
prévalences	prevalence
pubmed	pubmed
pulmonaire	pulmonary
pulmonaires	pulmonary
péri-opératoire	perioperative
péri-opératoires	perioperative
période de suivi	follow-up duration
périopératoire	perioperative
périopératoires	perioperative
qrs	qrs, qrs complex
qt	qt interval, qt intervals
qualité de vie	qol, quality of life, quality-of-life
québec	québec
r	r
radiologique	radiological
radiologiques	radiological
randomisé	randomised, randomized
randomisée	randomised, randomized
randomisées	randomised, randomized
randomisés	randomised, randomized
ras	renin-angiotensin-aldosterone system, raas, ras, renin-angiotensin system, renin-angiotensin-aldosteron, renin- angiotensin-aldosterone pathway
recepteurs	receptor, receptors
rein	kidney
reins	kidney
remodelage cardiaque	cardiac remodeling, cardiac remodelling
remodelage ventriculaire gauche	lv remodeling
remodelage ventriculaire	cardiac remodeling, cardiac remodelling
remodelage	remodeling, remodelling
remplissage diastolique	diastolic filling formalism
remplissage ventriculaire gauche	left ventricular filling
repolarisation	repolarization
resynchronisation cardiaque	cardiac resynchronization therapy, cardiac-resynchronization therapy, crt, resynchronization, resynchronization therapy
resynchronisation ventriculaire	cardiac resynchronization therapy, cardiac-resynchronization therapy, crt, resynchronization, resynchronization therapy
resynchronisation	cardiac resynchronization therapy, cardiac-resynchronization therapy, crt, resynchronization, resynchronization therapy
revascularisation coronaire	coronary revascularization
revascularisation	revascularization
rfc	cardiac resynchronization therapy, cardiac-resynchronization therapy, crt, resynchronization, resynchronization therapy
rhumatismales	rheumatic, rheumatoid
rhumatologique	rheumatic, rheumatoid
rhumatoïde	rheumatic, rheumatoid
risque relatif	relative risk, rr
rr	relative risk, rr
rythme sinusal	sinus rhythm
ré-admission	readmission, readmissions, re-hospitalization, rehospitalization
réadaptation	rehabilitation
réadmission	readmission, readmissions, re-hospitalization, rehospitalization
récepteur	receptor, receptors
récepteurs at1 de l'angiotensine ii	at1 receptors
récepteurs bêta du myocarde	beta-adrenergic receptor, β-adrenergic receptor, β-ar
récepteurs de l'aldostérone	aldosterone receptor
récepteurs	receptor, receptors
réentraînement	rehabilitation
régression logistique multivariée	multivariable logistic analysis, multivariate logistic regression analysis
régression logistique	logistic regression
réhospitalisation	readmission, readmissions, re-hospitalization, rehospitalization
réhospitalisations	readmission, readmissions, re-hospitalization, rehospitalization
rénal	renal
rénale	renal
rénales	renal
rénine	renin
résistances artérielles pulmonaires	pulmonary resistance, pulmonary vascular resistance
résistine	resistin, retn
résonance magnétique	mri
rétablissement de la fréquence cardiaque	cardiac resynchronization therapy, cardiac-resynchronization therapy, crt, resynchronization, resynchronization therapy
rétention hydrique	fluid retention, edema, oedema
rétention hydrosodée	fluid retention, edema, oedema
saines	healthy
sains	healthy
sang	blood
santé	health
sartans	angiotensin ii receptor blocker, angiotensin receptor antagonist, angiotensin receptor blockers, angiotensin receptors blockers, angiotensin-receptor blocker, angiotensin-receptor blockers
sensibilité	sensitivity
sepsis	sepsis
septal	septal
septale	septal
septum ventriculaire	septum, interventricular septum
shunt	shunt, shunts
shunts	shunt, shunts
significatif	significant
significatifs	significant
significative	significant
significativement	significantly
significatives	significant
sodium	sodium
soins de fdv	palliative care
soins de fin de vie	palliative care
soins en fin de vie	palliative care
soins palliatifs	palliative care
souffle cardiaque	cardiac murmurs
spironolactone	spironolactone
spécificité	specificity
stable	stable
stables	stable
stade ii de la nyha	new york heart association class ii, nyha functional class ii, nyha-ii
stimulateur cardiaque	pacemaker, pacemakers
stimulateurs cardiaques	pacemaker, pacemakers
stimulation atriobiventriculaire	biventricular support
stimulation biventriculaire	biventricular support
stimulation cardiaque biventriculaire	biventricular support
stimulation cardiaque multisite	cardiac resynchronization therapy, cardiac-resynchronization therapy, crt, resynchronization, resynchronization therapy
strain	strain
stratification du risque	risk stratification
sténose	stenosis
sténoses	stenosis
suivi	follow up, follow-up
surcharge de pression	pressure-overload
surcharge de volume	cardiac volume overload, volume overload, vo
sympathique	sympathetic
symptomatique	symptomatic
symptomatiques	symptomatic
symptôme	symptom, symptoms
symptômes	symptom, symptoms
syndrome coronaire aigu	acute coronary syndrome, acute coronary syndromes
syndrome coronarien aigu	acute coronary syndrome, acute coronary syndromes
syndrome	syndrome, syndromes
syndromes coronaires aigus	acute coronary syndrome, acute coronary syndromes
syndromes coronariens aigus	acute coronary syndrome, acute coronary syndromes
syndromes	syndrome, syndromes
systole	systole, s'
systolique	systolic
systoliques	systolic
système nerveux autonome	autonomic nervous system
système nerveux sympathique	sympathetic nervous systems
système rénine-angiotensine	renin-angiotensin-aldosterone system, raas, ras, renin-angiotensin system, renin-angiotensin-aldosteron, renin- angiotensin-aldosterone pathway
système rénine-angiotensine-aldostérone	renin-angiotensin-aldosterone system, raas, ras, renin-angiotensin system, renin-angiotensin-aldosteron, renin- angiotensin-aldosterone pathway
systémique	systemic
systémiques	systemic
tachyarythmie	tachyarrhythmias, tachycardia
tachycardie ventriculaire	ventricular tachycardia, vt
tachycardie	tachyarrhythmias, tachycardia
tachycardies ventriculaires	ventricular tachycardia, vt
tachycardies	tachyarrhythmias, tachycardia
tapse	tapse, tricuspid annular plane systolic excursion
taux de filtration glomérulaire	estimated glomerular filtration rate, glomerular filtration rate, egfr
terminal	terminal
terminale	terminal
test de marche de six minutes	6-mwt, 6-minute walking distance, 6-min walk test, 6-minute walk distance, 6-minute walk test, 6 min walk test, 6mwt, 6-minute walked distance, 6-minute hall walk
testostérone	testosterone
testt de student	student t test
thorax	chest
thrombo-emboliques	thromboembolic
thromboembolique	thromboembolic
thromboemboliques	thromboembolic
thrombose	thrombosis
thromboses	thrombosis
thérapeutique	therapeutic, therapeutics
thérapeutiques	therapeutic, therapeutics
thérapie cellulaire	cell therapy
thérapie	therapies, therapy
thérapies	therapies, therapy
tissu adipeux	adipose tissue
tissu musculaire squelettique	skeletal muscle, skm
tolérance à l'effort	exercise tolerance, exercise capacity
tonus parasympathique	parasympathetic tone
tonus sympathique	sympathetic tone
toxicité cardiaque	cardiotoxicity
traitement médical	medical therapy, medical treatment
traitement médicamenteux	drug treatment
traitement pharmacologique	drug treatment
traitements pharmacologiques	drug treatment
transduction des signaux	signal transduction
transferase déoxyribonucléotide terminale	tunel
transfusion	transfusion, transfusions, blood transfusions
transplantation cardiaque	cardiac transplant, cardiac transplantation, cardiac transplants, heart transplant, heart transplantation, heart transplantations
transplantation	transplant, transplantation, transplantations, transplants
trastuzumab	trastuzumab
tricuspidien	tricuspid
troponine i	troponin i
troponine	troponin
troubles de conduction	heart block
troubles du rythme auriculaires	atrial tachyarrhythmias
troubles du rythme	arrhythmia, arrhythmias
tsm	telemonitoring, tm, remote monitoring, rm
tumeur bénigne	benign tumors
tumeur	tumor, tumors
tumeurs bénignes	benign tumors
tumeurs	tumor, tumors
tunel	tunel
télésurveillance médicale	telemonitoring, tm, remote monitoring, rm
télésystoliques	end-systolic
unité des soins intensifs	icu, intensive care unit
urgences	ed, eds, emergency department, emergency room
usi	icu, intensive care unit
valeurs kappa	kappa coefficient, kappa coefficients
valsartan	valsartan
valve aortique	aortic valve
valvulaire	valvular
valvulaires	valvular
valvulopathie	valvular disease
valvulopathies	valvular disease
vasculaire	vascular
vasculaires	vascular
vasodilatateur	vasodilatory, vasodilator, vasodilators
vasodilatateurs	vasodilatory, vasodilator, vasodilators
vasodilatation	venoarterial dilation
vasodilatatrice	vasodilatory
vasopressine	vasopressin, avp, arginine vasopressin
vd	right ventricle, rv, right ventricular
veine cave inférieure	inferior vena cava, ivc
veine cave	vena cava
veineuse	venous
veineux	venous
ventriculaire droit	right ventricular, rv
ventriculaire droite	right ventricular, rv
ventriculaire gauche	left ventricular, lv
ventriculaire	ventricular
ventriculaires	ventricular
ventricule droit	right ventricle, rv
ventricule gauche	left ventricle, lv
ventricule	ventricle, ventricles
ventricules	ventricle, ventricles
vg	left ventricle, lv, left ventricular
vo2 de pointe	maximum oxygen consumption, peak o2, peak oxygen consumption, peak oxygen uptake, peak respiratory quotient, peak vo2, vo2 max, vo2max
vo2 max	maximum oxygen consumption, peak o2, peak oxygen consumption, peak oxygen uptake, peak respiratory quotient, peak vo2, vo2 max, vo2max
vo2	vo2
volumes télédiastoliques	end-diastolic volume
ß-bloquants	bb, beta blockers, beta receptor blockers, beta-blocker, beta-blockers, β-blocker, β-blockers, β-adrenergic receptor blocker
écho-doppler cardiaque	doppler echocardiography, echo-doppler cardiography
écho-doppler	echo-doppler
échocardiagraphique	echocardiographic
échocardiogramme	echocardiograms, echocardiography
échocardiographie doppler	doppler echocardiography, echo-doppler cardiography
échocardiographie transoesophagienne	transoesophageal echocardiography
échocardiographie transthoracique	transthoracic echocardiography
échocardiographie	echocardiograms, echocardiography
échocardiographie-doppler	doppler echocardiography, echo-doppler cardiography
échocardiographies	echocardiograms, echocardiography
échocardiographique	echocardiographic
échocardiographiques	echocardiographic
échographie cardiaque	echocardiograms, echocardiography
échographie-doppler	echo-doppler
électrocardiogramme	ecg, ecgs, electrocardiogram
électrocardiographie	ecg, ecgs, electrocardiogram
électrocardiographique	electrocardiographic
électrocardiographiques	electrocardiographic
électrolytes	electrolytes
épidémie	epidemic
épidémiologie	epidemiology
états-unis	us, united states
étiologie	aetiologies, etiology, etiologies
étiologies	aetiologies, etiology, etiologies
étiologique	etiologic
étiologiques	etiologic
étude prospective	prospective studies, prospective study
études propectives	prospective studies, prospective study
études prospectives	prospective studies, prospective study
évènement cardiovasculaire	cardiovascular event, cardiovascular events
évènements cardiovasculaires	cardiovascular event, cardiovascular events
œdème	fluid retention, edema, oedema
œdèmes	fluid retention, edema, oedema
β-bloquant	bb, beta blockers, beta receptor blockers, beta-blocker, beta-blockers, β-blocker, β-blockers, β-adrenergic receptor blocker
β-bloquants	bb, beta blockers, beta receptor blockers, beta-blocker, beta-blockers, β-blocker, β-blockers, β-adrenergic receptor blocker
