5-fluoro-uracile	fluorouracil, 5fu
5fu	fluorouracil, 5fu
abdomen	abdomen
abdominale	abdominale
abdominales	abdominale
ac/fa	atriumfibrillatie, atriumfibrilleren, boezemfibrilleren, voorkamerfibrillatie
acc	american college of cardiology
accident vasculaire cérébral	cerebrovasculair accident, cva, cva's, beroerte, beroertes, cv events, hersenbloeding, herseninfarct, herseninfarcten
accident vasculaire ischémique	ischemische beroerte, ischaemische beroerte
accidents ischémiques cérébraux	ischemische beroerte, ischaemische beroerte
accidents vasculaires cérébraux	cerebrovasculair accident, cva, cva's, beroerte, beroertes, cv events, hersenbloeding, herseninfarct, herseninfarcten
activation sympathique	sympathicusactiviteit
acv	cerebrovasculair accident, cva, cva's, beroerte, beroertes, cv events, hersenbloeding, herseninfarct, herseninfarcten
admission	opname, opnamen, ziekenhuisopname, ziekenhuisopnames, ziekenhuisopnamen, hospitalisatie, hospitalisaties
admissions	opname, opnamen, ziekenhuisopname, ziekenhuisopnames, ziekenhuisopnamen, hospitalisatie, hospitalisaties
adrénoméduline	adrenomedulline
adénosine	adenosine
affection cardiovasculaire	cardiovasculaire aandoeningen, cardiovasculaire ziekte, cardiovasculaire ziekten, cv aandoeningen, hart- en vaatziekte, hart- en vaatziekten, hart- en vaatziektes, hartvaataandoening, cvz
affection	aandoening, aandoeningen, ziekte, ziekten
affections	aandoening, aandoeningen, ziekte, ziekten
agents antiplaquettaires	plaatjesaggregatieremmer, plaatjesremmers
aha	american heart association
aigu	acute, acuut
aigus	acute, acuut
aiguë	acute, acuut
aiguës	acute, acuut
aire sous la courbe roc	oppervlakte onder de roc-curve, auc, c-statistic, c-statistiek
aldostérone	aldosteron
allhat	allhat
ambulatoire	ambulant, ambulante
ambulatoires	ambulant, ambulante
american college of cardiology	american college of cardiology
american heart association	american heart association
amiodarone	amiodaron
amlodipine	amlodipine
analyse multivariée	multivariate analyse
anamnèse	anamnese, voorgeschiedenis, ziektegeschiedenis
anesthésique	anaesthetica
angine	angina, angina pectoris
angineux	angineuze
angio-œdème	angio-oedeem, angioneurotisch oedeem
angio-œdèmes	angio-oedeem, angioneurotisch oedeem
angiotensine 2	angiotensine ii, angiotensine-ii, at ii
angiotensine ii	angiotensine ii, angiotensine-ii, at ii
angiotensine	angiotensine
angor	angina, angina pectoris
anneau tricuspide	tricuspidalisklepvlak
anp	anp, atriumpeptiden
antagoniste	antagonist, antagonisten
antagonistes de l'aldostérone	aldosteronantagonist, aldosteronantagonisten, aldosterone-antagonist, aldosteronreceptorantagonist, aldosteronreceptorblokker
antagonistes des récepteurs at1 de l'angiotensine ii	aii-antagonist, aii-antagonisten, angiotensine ii-receptorblokkers, angiotensine receptorblokkers, angiotensine-2-receptorblokker, angiotensine-ii receptor blokkers, angiotensine-ii-antagonist, angiotensine-ii-antagonisten, angiotensine-ii-receptorantagonist, angiotensine-ii-receptorblocker, angiotensine-ii-receptorblockers, angiotensine-ii-receptorblokker, angiotensine-ii-receptorblokkers, angiotensine-receptor-blokkers, angiotensine-receptorantagonisten, angiotensinereceptorblokkers, arb's, arbs, at-ii-antagonist, at-ii-receptorantagonisten
antagonistes des récepteurs de l'aldostérone	aldosteronantagonist, aldosteronantagonisten, aldosterone-antagonist, aldosteronreceptorantagonist, aldosteronreceptorblokker
antagonistes des récepteurs de l'angiotensine ii	aii-antagonist, aii-antagonisten, angiotensine ii-receptorblokkers, angiotensine receptorblokkers, angiotensine-2-receptorblokker, angiotensine-ii receptor blokkers, angiotensine-ii-antagonist, angiotensine-ii-antagonisten, angiotensine-ii-receptorantagonist, angiotensine-ii-receptorblocker, angiotensine-ii-receptorblockers, angiotensine-ii-receptorblokker, angiotensine-ii-receptorblokkers, angiotensine-receptor-blokkers, angiotensine-receptorantagonisten, angiotensinereceptorblokkers, arb's, arbs, at-ii-antagonist, at-ii-receptorantagonisten
antagonistes	antagonist, antagonisten
antiarythmique	antiaritmica, antiaritmicum, antiarrhythmica
antiarythmiques	antiaritmica, antiaritmicum, antiarrhythmica
antibiotique	antibiotica
anticoagulant	anticoagulantia
anticoagulants	anticoagulantia
antihypertenseur	antihypertensiva, antihypertensivum, bloeddrukverlagende medicatie, bloeddrukverlagende middelen
antihypertenseurs	antihypertensiva, antihypertensivum, bloeddrukverlagende medicatie, bloeddrukverlagende middelen
antiplaquettaire	plaatjesaggregatieremmer, plaatjesremmers
antiplaquettaires	plaatjesaggregatieremmer, plaatjesremmers
antitumoraux	antitumoreffect
anémie	anemie
aortique	aortale
aortiques	aortale
apex	apex
apnée du sommeil	slaapapneu
apnées du sommeil	slaapapneu
apoptose	apoptose, apoptosis
ara	aii-antagonist, aii-antagonisten, angiotensine ii-receptorblokkers, angiotensine receptorblokkers, angiotensine-2-receptorblokker, angiotensine-ii receptor blokkers, angiotensine-ii-antagonist, angiotensine-ii-antagonisten, angiotensine-ii-receptorantagonist, angiotensine-ii-receptorblocker, angiotensine-ii-receptorblockers, angiotensine-ii-receptorblokker, angiotensine-ii-receptorblokkers, angiotensine-receptor-blokkers, angiotensine-receptorantagonisten, angiotensinereceptorblokkers, arb's, arbs, at-ii-antagonist, at-ii-receptorantagonisten
ara2	aii-antagonist, aii-antagonisten, angiotensine ii-receptorblokkers, angiotensine receptorblokkers, angiotensine-2-receptorblokker, angiotensine-ii receptor blokkers, angiotensine-ii-antagonist, angiotensine-ii-antagonisten, angiotensine-ii-receptorantagonist, angiotensine-ii-receptorblocker, angiotensine-ii-receptorblockers, angiotensine-ii-receptorblokker, angiotensine-ii-receptorblokkers, angiotensine-receptor-blokkers, angiotensine-receptorantagonisten, angiotensinereceptorblokkers, arb's, arbs, at-ii-antagonist, at-ii-receptorantagonisten
arrêt cardiaque	hartstilstand, hartdood
arthrite	artritis
arthrites	artritis
artère coronaire	coronaire vaten, coronairvaten, a. carotis
artériel	arteriële, arterieel
artérielle	arteriële, arterieel
artérielles	arteriële, arterieel
artériellle	arteriële, arterieel
artériels	arteriële, arterieel
artériopathie	perifeer arterieel vaatlijden, perifeer vaatlijden
artérioveineuse	arterioveneuze
arythmie par fibrillation auriculaire	atriumfibrillatie, atriumfibrilleren, boezemfibrilleren, voorkamerfibrillatie
arythmie ventriculaire	ventriculaire aritmie, ventriculaire aritmieën
arythmie	aritmie, aritmieën, hartritmestoornis, hartritmestoornissen, ritmestoornis, ritmestoornissen, geleidingsstoornis, geleidingsstoornissen
arythmies cardiaques	aritmie, aritmieën, hartritmestoornis, hartritmestoornissen, ritmestoornis, ritmestoornissen, geleidingsstoornis, geleidingsstoornissen
arythmies ventriculaires	ventriculaire aritmie, ventriculaire aritmieën
arythmies	aritmie, aritmieën, hartritmestoornis, hartritmestoornissen, ritmestoornis, ritmestoornissen, geleidingsstoornis, geleidingsstoornissen
as	slaapapneu
ascite	ascites
aspirine	acetylsalicylaat, acetylsalicylzuur, aspirine
assistance ventriculaire	hartpomp, hartpompen, vad, ventricular assist devices, steunhart, ondersteuningspompen
asymptomatique	asymptomatisch, asymptomatische
asymptomatiques	asymptomatisch, asymptomatische
at1	angiotensine-i, at1
at2	angiotensine ii, angiotensine-ii, at ii
athérosclérose	atherosclerotische aandoeningen, atherosclerotische ziekten
atrioventriculaire	atrioventriculair, atrioventriculaire
atrioventriculaires	atrioventriculair, atrioventriculaire
attaque d'apoplexie	cerebrovasculair accident, cva, cva's, beroerte, beroertes, cv events, hersenbloeding, herseninfarct, herseninfarcten
atteinte cardiaque	hartaandoening, hartafwijking, hartafwijkingen, hartziekte, hartziekten
atteinte cérébrale	cerebrovasculair accident, cva, cva's, beroerte, beroertes, cv events, hersenbloeding, herseninfarct, herseninfarcten
atteinte valvulaire	hartklepaandoening, hartklepaandoeningen, hartklepafwijkingen, hartklepgebreken, hartkleplijden, klepafwijking, klepafwijkingen, klepdisfunctie, klepgebreken, kleplijden
atteintes cardiaques	hartaandoening, hartafwijking, hartafwijkingen, hartziekte, hartziekten
auc	oppervlakte onder de roc-curve, auc, c-statistic, c-statistiek
auricule gauche	linker atrium
auriculo-ventriculaire	atrioventriculair, atrioventriculaire
auriculo-ventriculaires	atrioventriculair, atrioventriculaire
auriculoventriculaire	atrioventriculair, atrioventriculaire
auriculoventriculaires	atrioventriculair, atrioventriculaire
auscultation	auscultatie
av	atrioventriculair, atrioventriculaire
b-type natriuretic peptide	b-type natriuretisch peptide, b-type natriuretische peptiden, b-type peptiden, b-type-natriuretisch peptide, b-type-natriuretische peptiden, b-typenatriuretisch peptide, bnp, breinnatriuretisch peptide
ballonnet intra-aortique	intra-aortale ballonpomp
bav	atrioventriculair blok, av-blok
bilirubine	bilirubinewaarde
biomarqueur	biomarker, biomarkers
biomarqueurs	biomarker, biomarkers
bisoprolol	bisoprolol
biventriculaire	biventriculaire
biventriculaires	biventriculaire
bloc atrio-ventriculaire	atrioventriculair blok, av-blok
bloc auriculo-ventriculaire	atrioventriculair blok, av-blok
bloc auriculoventriculaire	atrioventriculair blok, av-blok
bloc de branche gauche	linkerbundeltakblok
blocs auriculoventriculaires	atrioventriculair blok, av-blok
bloqueurs du système rénine-angiotensine	renine-angiotensine-antagonisten
bnp	b-type natriuretisch peptide, b-type natriuretische peptiden, b-type peptiden, b-type-natriuretisch peptide, b-type-natriuretische peptiden, b-typenatriuretisch peptide, bnp, breinnatriuretisch peptide
bolus	bolus
bpco	chronisch obstructief longlijden, chronisch obstructieve longziekte, copd
bradycardie	bradyaritmieën, bradycardie, bradycardieën
bradykinine	bradykinine
brain natriuretic peptide	b-type natriuretisch peptide, b-type natriuretische peptiden, b-type peptiden, b-type-natriuretisch peptide, b-type-natriuretische peptiden, b-typenatriuretisch peptide, bnp, breinnatriuretisch peptide
breast cancer	borstkanker, mammacarcinoom
broncho-pneumopathie chronique obstructive	chronisch obstructief longlijden, chronisch obstructieve longziekte, copd
bronchopneumopathie obstructive chronique	chronisch obstructief longlijden, chronisch obstructieve longziekte, copd
bétabloquants	bèta-adrenoceptorblokker, beta-blokkers, bèta-blokkers, bètablokkeerder, bètablokkeerders, betablokker, β-receptorblokkerende sympathicolytica, bètablokker, betablokkers, bètablokkers, bètareceptorantagonisten, β-blokker, β-blokkers, ß-blokker, ß-blokkers
bêta bloquants	bèta-adrenoceptorblokker, beta-blokkers, bèta-blokkers, bètablokkeerder, bètablokkeerders, betablokker, β-receptorblokkerende sympathicolytica, bètablokker, betablokkers, bètablokkers, bètareceptorantagonisten, β-blokker, β-blokkers, ß-blokker, ß-blokkers
bêta-bloquant	bèta-adrenoceptorblokker, beta-blokkers, bèta-blokkers, bètablokkeerder, bètablokkeerders, betablokker, β-receptorblokkerende sympathicolytica, bètablokker, betablokkers, bètablokkers, bètareceptorantagonisten, β-blokker, β-blokkers, ß-blokker, ß-blokkers
bêta-bloquants	bèta-adrenoceptorblokker, beta-blokkers, bèta-blokkers, bètablokkeerder, bètablokkeerders, betablokker, β-receptorblokkerende sympathicolytica, bètablokker, betablokkers, bètablokkers, bètareceptorantagonisten, β-blokker, β-blokkers, ß-blokker, ß-blokkers
bêtabloquant	bèta-adrenoceptorblokker, beta-blokkers, bèta-blokkers, bètablokkeerder, bètablokkeerders, betablokker, β-receptorblokkerende sympathicolytica, bètablokker, betablokkers, bètablokkers, bètareceptorantagonisten, β-blokker, β-blokkers, ß-blokker, ß-blokkers
bêtabloquants	bèta-adrenoceptorblokker, beta-blokkers, bèta-blokkers, bètablokkeerder, bètablokkeerders, betablokker, β-receptorblokkerende sympathicolytica, bètablokker, betablokkers, bètablokkers, bètareceptorantagonisten, β-blokker, β-blokkers, ß-blokker, ß-blokkers
bêtabloqueur	bèta-adrenoceptorblokker, beta-blokkers, bèta-blokkers, bètablokkeerder, bètablokkeerders, betablokker, β-receptorblokkerende sympathicolytica, bètablokker, betablokkers, bètablokkers, bètareceptorantagonisten, β-blokker, β-blokkers, ß-blokker, ß-blokkers
cachexie	cachexie
canada	canada
cancers du sein	borstkanker, mammacarcinoom
candesartan	candesartan
candésartan	candesartan
capacité fonctionnelle	functionele capaciteit
cardiaque	cardiaal, cardiale
cardiaques	cardiaal, cardiale
cardio-vasculaire	cardiovasculair, cardiovasculaire, cv
cardio-vasculaires	cardiovasculair, cardiovasculaire, cv
cardiogène	cardiogene
cardiogénique	cardiogene
cardiologie	cardiologie
cardiologique	cardiologische
cardiologue	cardiologen, cardioloog
cardiologues	cardiologen, cardioloog
cardiomyocyte	cardiale myocyt, cardiomyocyt, cardiomyocyten
cardiomyocytes	cardiale myocyt, cardiomyocyt, cardiomyocyten
cardiomyopathie diabétique	diabetische cardiomyopathie
cardiomyopathie dilaté	dilatatoire cardiomyopathie, dilaterende cardiomyopathie, gedilateerde cardiomyopathie
cardiomyopathie dilatée	dilatatoire cardiomyopathie, dilaterende cardiomyopathie, gedilateerde cardiomyopathie
cardiomyopathie du péripartum	peripartum cardiomyopathie
cardiomyopathie ischémique	ischemische cardiomyopathie
cardiomyopathie non ischémique	niet-ischemische cardiomyopathie
cardiomyopathie	cardiomyopathie, cardiomyopathieën
cardiomyopathies dilatées	dilatatoire cardiomyopathie, dilaterende cardiomyopathie, gedilateerde cardiomyopathie
cardiomyopathies	cardiomyopathie, cardiomyopathieën
cardiomyoplastie	cardiomyoplastiek
cardiomégalie	cardiomegalie
cardiopathie ischémique	coronaire hartziekte, coronaire hartziekten, ischemische hartziekte, ischemische hartziekten, chz, ischemisch hartfalen
cardiopathie	hartaandoening, hartafwijking, hartafwijkingen, hartziekte, hartziekten
cardiopathies chroniques décompensées	gedecompenseerd chronisch hartfalen
cardiopathies ischémiques	coronaire hartziekte, coronaire hartziekten, ischemische hartziekte, ischemische hartziekten, chz, ischemisch hartfalen
cardiopathies	hartaandoening, hartafwijking, hartafwijkingen, hartziekte, hartziekten
cardiopulmonaire	cardiopulmonale
cardiopulmonaires	cardiopulmonale
cardiotoxicity	cardiotoxiciteit
cardiotoxicité	cardiotoxiciteit
cardiovasculaire	cardiovasculair, cardiovasculaire, cv
cardiovasculaires	cardiovasculair, cardiovasculaire, cv
cardiovascule	cardiovasculair, cardiovasculaire, cv
cardique	cardiaal, cardiale
cavité auriculaire droite	rechter atrium
cavités cardiaques	hartkamers
centre hospitalier	ziekenhuis, ziekenhuizen, kliniek, klinieken
cerebrovasculaire	cerebrovasculaire
chambre	hartkamers
charm	charm
charm-added	charm-added
charm-alternative	charm-alternative, charmalternative
charm-preserved	charm-preserved
chf	cardiale insufficiëntie, congestief hartfalen, decompensatio cordis, hartfalen, hf, harfalen
chimiothérapie	chemotherapeutische, chemotherapie
chimiothérapies	chemotherapeutische, chemotherapie
chirurgical	chirurgische, operatieve
chirurgicale	chirurgische, operatieve
chirurgicalement	chirurgische, operatieve
chirurgicales	chirurgische, operatieve
chirurgicaux	chirurgische, operatieve
chirurgie	chirurgie, operatie, operaties
choc cardiogène	cardiogene shock
choc cardiogénique	cardiogene shock
chronique	chronisch, chronische
chroniques	chronisch, chronische
circulation sanguine	doorbloeding
circulation	circulatie
classe de la new york heart association	functionele klasse
classe fonctionnelle nyha	functionele klasse
classe iii de la nyha	nyha-klasse 3, nyha-klasse iii
classe il de la nyha	functionele klasse ii, nyha klasse 2, nyha klasse ii, nyha-klasse ii
classe iv de la nyha	nyha-klasse iv
classe nyha iii	nyha-klasse 3, nyha-klasse iii
classe nyha	functionele klasse
classes fonctionnelles	functionele klasse
classification de la new york heart association	classificatie van de new york heart association
classification de la nyha	classificatie van de new york heart association
classification fonctionnelle de la new york health association	classificatie van de new york heart association
classification fonctionnelle iii	nyha-klasse 3, nyha-klasse iii
classification nyha	classificatie van de new york heart association
clearance rénale	renale klaring
clinicien	clinicus
cliniciens	clinicus
clinique	ziekenhuis, ziekenhuizen, kliniek, klinieken, klinisch, klinische
cliniquement	klinisch, klinische
cliniques	ziekenhuis, ziekenhuizen, kliniek, klinieken, klinisch, klinische
cmd	dilatatoire cardiomyopathie, dilaterende cardiomyopathie, gedilateerde cardiomyopathie
co-morbidité	comorbiditeit, comorbiditeiten
co-morbidités	comorbiditeit, comorbiditeiten
coeur artificiel	kunstharten
coeur	hart, harten
collapsus	collaps
comorbidité	comorbiditeit, comorbiditeiten
comorbidités	comorbiditeit, comorbiditeiten
complexes qrs larges	breed qrs-complex
compliance	compliantie, compliance, therapietrouw
complication	complicatie, complicaties
complications	complicatie, complicaties
condition	aandoening, aandoeningen, ziekte, ziekten
conditions	aandoening, aandoeningen, ziekte, ziekten
congénital	aangeboren, congenitale
congénitale	aangeboren, congenitale
congénitales	aangeboren, congenitale
congénitaux	aangeboren, congenitale
consultation	consultatie
consultations	consultatie
contractile	contractiele
contractiles	contractiele
contractilité	contractiliteit
contraction	contractie
coronaire	coronaire vaten, coronairvaten, a. carotis, coronair, coronaire
coronaires	coronaire vaten, coronairvaten, a. carotis, coronair, coronaire
coronarien	coronair, coronaire
coronarienne	coronair, coronaire
coronariens	coronair, coronaire
coronarographie	coronairangiografie
coronaropathie	coronaire hartziekte, coronaire hartziekten, ischemische hartziekte, ischemische hartziekten, chz, ischemisch hartfalen
coronaropathies	coronaire hartziekte, coronaire hartziekten, ischemische hartziekte, ischemische hartziekten, chz, ischemisch hartfalen
corrélation	correlatie
crt	cardiale resynchronisatietherapie, cardiale-resynchronisatietherapie, crt, resynchronisatietherapie
créatinine	creatinine
cytokines	cytokinen
cytotoxiques	cytotoxisch, cytotoxische
cérébral	cerebrale
cérébrale	cerebrale
cérébrales	cerebrale
cérébraux	cerebrale
cœur	hart, harten
dai	icd, implanteerbare automatische defibrillator, implanteerbare cardioverter-defibrillator, implanteerbare cardioverterende defibrillator, implanteerbare defibrillator, intracardiale defibrillator
diabete	diabetes, diabetes mellitus, dm
diabète de type 2	diabetes mellitus type 2, diabetes type-2, type 2 diabetes, type 2 diabetes mellitus, dm2, t2dm
diabète	diabetes, diabetes mellitus, dm
diabètique	diabetische, diabetespatiënten
diabétique	diabetische, diabetespatiënten
diabétiques	diabetische, diabetespatiënten
diagnostic	diagnose, diagnosen, diagnoses
diagnostics	diagnose, diagnosen, diagnoses
diagnostique	diagnostisch, diagnostische
diagnostiquer	diagnosticeren, gediagnosticeerd
diagnostiques	diagnostisch, diagnostische
diagnostiquée	diagnosticeren, gediagnosticeerd
diagnostiquées	diagnosticeren, gediagnosticeerd
diagnostiqués	diagnosticeren, gediagnosticeerd
dialysé	gedialyseerd
diastolique	diastolisch, diastolische
diastoliques	diastolisch, diastolische
digitalique	digitalis
digitaliques	digitalis
dilatation	dilatatie
dilaté	dilatatoire, dilaterende, gedilateerd
dilatée	dilatatoire, dilaterende, gedilateerd
dilatées	dilatatoire, dilaterende, gedilateerd
diurèse	diurese
diurétique de l'anse	lisdiuretica, lisdiureticum, lisdiureticuma
diurétique	diuretica, diureticum, diuretisch, diuretische
diurétiques anti-aldostérone	aldosteronantagonist, aldosteronantagonisten, aldosteronreceptorantagonist, aldosteronreceptorblokker, aldosterone-antagonist
diurétiques de l'anse	lisdiuretica, lisdiureticum, lisdiureticuma
diurétiques	diuretica, diureticum, diuretisch, diuretische
dobutamine	dobutamine
double aveugle	dubbelblind, dubbelblinde
double insu	dubbelblind, dubbelblinde
douleur	pijn
douleurs	pijn
dt2	diabetes mellitus type 2, diabetes type-2, type 2 diabetes, type 2 diabetes mellitus, dm2, t2dm
dysfonction cardiaque diastolique	diastolisch hartfalen, diastolische disfunctie, hartfalen met een behouden ejectiefractie, hartfalen met gepreserveerde ejectiefractie, hf-pef, hfbef
dysfonction cardiaque	cardiale insufficiëntie, congestief hartfalen, decompensatio cordis, hartfalen, hf, harfalen
dysfonction diastolique	diastolisch hartfalen, diastolische disfunctie, hartfalen met een behouden ejectiefractie, hartfalen met gepreserveerde ejectiefractie, hf-pef, hfbef
dysfonction systolique du ventricule gauche	hartfalen met systolische linkerventrikeldisfunctie, systolische disfunctie van het linker ventrikel, systolische linkerventrikeldisfunctie, lvsd
dysfonction systolique ventriculaire gauche	hartfalen met systolische linkerventrikeldisfunctie, systolische disfunctie van het linker ventrikel, systolische linkerventrikeldisfunctie, lvsd
dysfonction systolique ventriculaire	hartfalen met gedaalde ejectiefractie, systolisch hartfalen, systolische disfunctie, systolische functiestoornis, systolische ventriculaire dysfunctie
dysfonction systolique vg	hartfalen met systolische linkerventrikeldisfunctie, systolische disfunctie van het linker ventrikel, systolische linkerventrikeldisfunctie, lvsd
dysfonction systolique	hartfalen met gedaalde ejectiefractie, systolisch hartfalen, systolische disfunctie, systolische functiestoornis, systolische ventriculaire dysfunctie
dysfonction ventriculaire gauche systolique	hartfalen met systolische linkerventrikeldisfunctie, systolische disfunctie van het linker ventrikel, systolische linkerventrikeldisfunctie, lvsd
dysfonction ventriculaire gauche	dysfunctie van de linker ventrikel, linkerkamerdisfunctie, linkerventrikeldisfunctie, linkerventrikeldysfunctie
dysfonction ventriculaire	ventrikeldisfunctie
dysfonction vg	dysfunctie van de linker ventrikel, linkerkamerdisfunctie, linkerventrikeldisfunctie, linkerventrikeldysfunctie
dysfonction	disfunctie, dysfunctie
dysfonctionnement cardiaque	cardiale insufficiëntie, congestief hartfalen, decompensatio cordis, hartfalen, hf, harfalen
dysfonctionnement rénal	nierfalen, nierfunctiestoornis, nierfunctiestoornissen, nierfunctieverlies, nierfunctievermindering, nierfunctieverslechtering, nierinsufficientie, nierinsufficiëntie, nierschade, renaal falen
dysfonctionnement ventriculaire gauche	dysfunctie van de linker ventrikel, linkerkamerdisfunctie, linkerventrikeldisfunctie, linkerventrikeldysfunctie
dysfonctionnement	disfunctie, dysfunctie
dysfonctionnements diastoliques	diastolisch hartfalen, diastolische disfunctie, hartfalen met een behouden ejectiefractie, hartfalen met gepreserveerde ejectiefractie, hf-pef, hfbef
dysfonctions ventriculaires	ventrikeldisfunctie
dysfonctions	disfunctie, dysfunctie
dyspnée aiguë	acute dyspneu, acute dyspnoe
dyspnée d'effort	dyspnée d'effort, acute dyspneu, acute dyspnoe
dyspnée	benauwdheid, dyspnée, dyspneu, dyspnoe, kortademigheid
débit cardiaque	cardiac output, hartminuutvolume
débit global de filtration glomérulaire	glomerulaire filtratierate, glomerulaire filtratiesnelheid, glomerulaire perfusiedruk, glomerulusfiltratie, gfr
décompensation cardiaque congestive	cardiale insufficiëntie, congestief hartfalen, decompensatio cordis, hartfalen, hf, harfalen
décompensation cardiaque	cardiale insufficiëntie, congestief hartfalen, decompensatio cordis, hartfalen, hf, harfalen
décompensation	decompensatie
défaillance cardiaque	cardiale insufficiëntie, congestief hartfalen, decompensatio cordis, hartfalen, hf, harfalen
défaillance cardiogénique	cardiale insufficiëntie, congestief hartfalen, decompensatio cordis, hartfalen, hf, harfalen
défaillance multiviscérale	multi-organ failure
défaillances multiviscérales	multi-organ failure
défibrillateur automatique implantable ventriculaire	icd, implanteerbare automatische defibrillator, implanteerbare cardioverter-defibrillator, implanteerbare cardioverterende defibrillator, implanteerbare defibrillator, intracardiale defibrillator
défibrillateur automatique implantable	icd, implanteerbare automatische defibrillator, implanteerbare cardioverter-defibrillator, implanteerbare cardioverterende defibrillator, implanteerbare defibrillator, intracardiale defibrillator
défibrillateur cardiaque automatique implantable	icd, implanteerbare automatische defibrillator, implanteerbare cardioverter-defibrillator, implanteerbare cardioverterende defibrillator, implanteerbare defibrillator, intracardiale defibrillator
défibrillateur cardiaque implantable	icd, implanteerbare automatische defibrillator, implanteerbare cardioverter-defibrillator, implanteerbare cardioverterende defibrillator, implanteerbare defibrillator, intracardiale defibrillator
défibrillateur implantable automatique	icd, implanteerbare automatische defibrillator, implanteerbare cardioverter-defibrillator, implanteerbare cardioverterende defibrillator, implanteerbare defibrillator, intracardiale defibrillator
défibrillateur	defibrillator
défibrillateurs automatiques implantés	icd, implanteerbare automatische defibrillator, implanteerbare cardioverter-defibrillator, implanteerbare cardioverterende defibrillator, implanteerbare defibrillator, intracardiale defibrillator
défibrillateurs cardiaques implantables	icd, implanteerbare automatische defibrillator, implanteerbare cardioverter-defibrillator, implanteerbare cardioverterende defibrillator, implanteerbare defibrillator, intracardiale defibrillator
défibrillateurs implantables	icd, implanteerbare automatische defibrillator, implanteerbare cardioverter-defibrillator, implanteerbare cardioverterende defibrillator, implanteerbare defibrillator, intracardiale defibrillator
défibrillateurs	defibrillator
défibrillation	defibrillatie
détresse respiratoire	benauwdheid, dyspnée, dyspneu, dyspnoe, kortademigheid
ecg	ecg, elektrocardiografie
echocardiographie	echocardiografie, echocardiogram, echo
effets adverses	bijwerking, bijwerkingenprofiel, bijwerkingen
embolie pulmonaire	longembolie
embolique	embolische
emboliques	embolische
endothéline	endotheline
enzyme de conversion de l'angiotensine ii	angiotensine converting enzyme, angiotensine-converterend-enzym, angiotensineconverterend enzym, angiotensineconverterend-enzym, ace
enzyme de conversion de l'angiotensine	angiotensine converting enzyme, angiotensine-converterend-enzym, angiotensineconverterend enzym, angiotensineconverterend-enzym, ace
enzyme	enzym
enzymes	enzym
epidémiologie	epidemiologie
ergométrie	ergometrietest, inspannings-ecg
espérance de vie	levensverwachting
etats-unis	usa, verenigde staten, vs
europe	europa
exacerbations	exacerbatie, exacerbaties
examen clinique	lichamelijk onderzoek
expression	expressie
f. e.	ejectiefractie, ejectiefractie van het linker ventrikel, linker-ventrikel-ejectiefractie, linkerventrikel-ejectiefractie, linkerventrikelejectiefractie, lv-ejectiefractie, lvef
fa	atriumfibrillatie, atriumfibrilleren, boezemfibrilleren, voorkamerfibrillatie
fc	hartslag, hartfrequentie
fe	ejectiefractie, ejectiefractie van het linker ventrikel, linker-ventrikel-ejectiefractie, linkerventrikel-ejectiefractie, linkerventrikelejectiefractie, lv-ejectiefractie, lvef
fevg basse	gedaalde ejectiefractie, verlaagde ejectiefractie, verminderde ejectiefractie
fevg	ejectiefractie, ejectiefractie van het linker ventrikel, linker-ventrikel-ejectiefractie, linkerventrikel-ejectiefractie, linkerventrikelejectiefractie, lv-ejectiefractie, lvef
fibrilation auriculaire	atriumfibrillatie, atriumfibrilleren, boezemfibrilleren, voorkamerfibrillatie
fibrillation atriale	atriumfibrillatie, atriumfibrilleren, boezemfibrilleren, voorkamerfibrillatie
fibrillation auriculaire	atriumfibrillatie, atriumfibrilleren, boezemfibrilleren, voorkamerfibrillatie
fibrillation ventriculaire	ventrikelfibrilleren, ventrikelfibrillatie
fibroblastes	fibroblasten
fibrose cardiaque	fibrose van het myocard, myocardfibrose
fibrose endomyocardique	endomyocardfibrose
fibrose	fibrose
flux sanguin	hemodynamiek
foie	lever
fonction cardiaque	cardiale functie, hartfunctie
fonction diastolique	diastolische functie
fonction endothéliale	endotheelfunctie
fonction rénale	nierfunctie, nierfuncties
fonction systolique conservée	gepreserveerde ejectiefractie, behouden ejectiefractie
fonction systolique d'éjection du ventricule gauche	ejectiefractie, ejectiefractie van het linker ventrikel, linker-ventrikel-ejectiefractie, linkerventrikel-ejectiefractie, linkerventrikelejectiefractie, lv-ejectiefractie, lvef
fonction systolique du ventricule gauche	systolische functie, systolische linkerventrikelfunctie
fonction systolique préservée	gepreserveerde ejectiefractie, behouden ejectiefractie
fonction systolique ventriculaire gauche	systolische functie, systolische linkerventrikelfunctie
fonction systolique vg	systolische functie, systolische linkerventrikelfunctie
fonction systolique	systolische functie, systolische linkerventrikelfunctie
fonction ventriculaire gauche	linker ventrikelfunctie, linkerventrikelfunctie
fonction ventriculaire	ventrikelfunctie, kamerfunctie
fonctions systoliques	systolische functie, systolische linkerventrikelfunctie
fraction d'ejection	ejectiefractie, ejectiefractie van het linker ventrikel, linker-ventrikel-ejectiefractie, linkerventrikel-ejectiefractie, linkerventrikelejectiefractie, lv-ejectiefractie, lvef
fraction d'éjection du ventricule gauche	ejectiefractie, ejectiefractie van het linker ventrikel, linker-ventrikel-ejectiefractie, linkerventrikel-ejectiefractie, linkerventrikelejectiefractie, lv-ejectiefractie, lvef
fraction d'éjection préservée	gepreserveerde ejectiefractie, behouden ejectiefractie
fraction d'éjection réduite	gedaalde ejectiefractie, verlaagde ejectiefractie, verminderde ejectiefractie
fraction d'éjection ventriculaire gauche	ejectiefractie, ejectiefractie van het linker ventrikel, linker-ventrikel-ejectiefractie, linkerventrikel-ejectiefractie, linkerventrikelejectiefractie, lv-ejectiefractie, lvef
fraction d'éjection vg	ejectiefractie, ejectiefractie van het linker ventrikel, linker-ventrikel-ejectiefractie, linkerventrikel-ejectiefractie, linkerventrikelejectiefractie, lv-ejectiefractie, lvef
fraction d'éjection	ejectiefractie, ejectiefractie van het linker ventrikel, linker-ventrikel-ejectiefractie, linkerventrikel-ejectiefractie, linkerventrikelejectiefractie, lv-ejectiefractie, lvef
fraction de raccourcissement du ventricule gauche	ejectiefractie, ejectiefractie van het linker ventrikel, linker-ventrikel-ejectiefractie, linkerventrikel-ejectiefractie, linkerventrikelejectiefractie, lv-ejectiefractie, lvef
fractions d'éjection	ejectiefractie, ejectiefractie van het linker ventrikel, linker-ventrikel-ejectiefractie, linkerventrikel-ejectiefractie, linkerventrikelejectiefractie, lv-ejectiefractie, lvef
framingham	framingham
fréquence cardiaque	hartslag, hartfrequentie
furosémide	furosemide
févg	ejectiefractie, ejectiefractie van het linker ventrikel, linker-ventrikel-ejectiefractie, linkerventrikel-ejectiefractie, linkerventrikelejectiefractie, lv-ejectiefractie, lvef
galop protodiastolique	s3 galop
glitazones	glitazones, thiazolidinedionen
glucose	glucose
greffe cardiaque	harttransplantatie
greffe	transplantatie
greffons cardiaques	harttransplantatie
gènes	gen, genen
génique	genetisch, genetische
généralistes	huisarts, huisartsen
génétique	genetisch, genetische
génétiques	genetisch, genetische
gêne	gen, genen
histologique	histologisch
histologiques	histologisch
hope	hope
hormone antidiurétique	antidiuretisch hormoon
hormone thyréotrope	tsh
hormone	hormoon
hormones	hormoon
hospitalisation	opname, opnamen, ziekenhuisopname, ziekenhuisopnames, ziekenhuisopnamen, hospitalisatie, hospitalisaties
hospitalisations	opname, opnamen, ziekenhuisopname, ziekenhuisopnames, ziekenhuisopnamen, hospitalisatie, hospitalisaties
hta	hypertensie, hoge bloeddruk
hvg	linkerventrikelhypertrofie
hydralazine	hydralazine
hypercapnie	hypercapnie
hypertendu	hypertensief
hypertendus	hypertensief
hypertensif	hypertensief
hypertension artérielle	hypertensie, hoge bloeddruk
hypertension artériellle	hypertensie, hoge bloeddruk
hypertension	hypertensie, hoge bloeddruk
hypertensions artérielles	hypertensie, hoge bloeddruk
hypertensions	hypertensie, hoge bloeddruk
hypertensive	hypertensief
hypertensives	hypertensief
hyperthyroïdie	hyperthyreoïdie
hypertrophie cardiaque gauche	linkerventrikelhypertrofie
hypertrophie ventriculaire gauche	linkerventrikelhypertrofie
hypo-albuminémie	hypoalbuminemie
hyponatrémie	hyponatriëmie
hyponatrémies	hyponatriëmie
hypotension	hypotensie, lage bloeddruk
hypoxie	hypoxie
hypoxies	hypoxie
hémodynamique	hemodynamiek, hemodynamisch, hemodynamische
hémodynamiques	hemodynamiek, hemodynamisch, hemodynamische
hémoglobine	hb
hémorragie	bloeding, bloedingen
hémorragies	bloeding, bloedingen
hépatomégalie	hepatomegalie
héréditaire	erfelijke
hôpital	ziekenhuis, ziekenhuizen, kliniek, klinieken
ic chronique	chf, chronisch harfalen, chronisch hartfalen, chronische hartfalen
ic diastolique isolée	geïsoleerd diastolisch hartfalen
ic diastolique	diastolisch hartfalen, diastolische disfunctie, hartfalen met een behouden ejectiefractie, hartfalen met gepreserveerde ejectiefractie, hf-pef, hfbef
ic terminale	terminaal hartfalen
ic à fevg réduite	hartfalen met gedaalde ejectiefractie, systolisch hartfalen, systolische disfunctie, systolische functiestoornis, systolische ventriculaire dysfunctie
ic à fonction systolique préservée	hartfalen met een behouden ejectiefractie, hartfalen met gepreserveerde ejectiefractie, hf-pef, hfbef, diastolisch hartfalen, diastolische disfunctie
ic	cardiale insufficiëntie, congestief hartfalen, decompensatio cordis, hartfalen, hf, harfalen, bi
icc	chf, chronisch harfalen, chronisch hartfalen, chronische hartfalen, cardiale insufficiëntie, congestief hartfalen, decompensatio cordis, hartfalen, hf, harfalen
icd	diastolisch hartfalen, diastolische disfunctie, hartfalen met een behouden ejectiefractie, hartfalen met gepreserveerde ejectiefractie, hf-pef, hfbef
icfep	diastolisch hartfalen, diastolische disfunctie, hartfalen met een behouden ejectiefractie, hartfalen met gepreserveerde ejectiefractie, hf-pef, hfbef
idiopathique	idiopathische
idiopathiques	idiopathische
iec	ace-inhibitoren, ace-remmer, ace-remmers, angiotensine converterende enzymremmers, angiotensine converting enzyme remmers, angiotensine-converterend-enzymremmers, angiotensineconverterendenzymremmers
ieca	ace-inhibitoren, ace-remmer, ace-remmers, angiotensine converterende enzymremmers, angiotensine converting enzyme remmers, angiotensine-converterend-enzymremmers, angiotensineconverterendenzymremmers
im	acute myocardinfarcten, acuut myocardinfarct, hartaanval, hartinfact, hartinfarct, myocardinfarct, myocardinfarcten, mi
imagerie par résonance magnétique	mri
immunohistochimiques	immuunhistochemisch
immunomodulatoire	immunomodulerend
implantable	implanteerbare
implantables	implanteerbare
implantation	implantatie
in vitro	in-vitro
incidence	incidentie
index cardiaque	cardiac index
index de masse corporelle	body mass index, body-mass index
infarctus du myocarde à la phase aiguë	acute myocardinfarcten, acuut myocardinfarct, hartaanval, hartinfact, hartinfarct, myocardinfarct, myocardinfarcten, mi
infarctus du myocarde	acute myocardinfarcten, acuut myocardinfarct, hartaanval, hartinfact, hartinfarct, myocardinfarct, myocardinfarcten, mi
infarctus myocardique	acute myocardinfarcten, acuut myocardinfarct, hartaanval, hartinfact, hartinfarct, myocardinfarct, myocardinfarcten, mi
infarctus	infarct
infection	infectie, infecties
infections	infectie, infecties
infirmière	verpleegkundige, verpleegkundigen
infirmières	verpleegkundige, verpleegkundigen
inflammation	ontsteking
infusions	infusie
inhibiteur de l'enzyme de conversion de l'angiotensine	ace-inhibitoren, ace-remmer, ace-remmers, angiotensine converterende enzymremmers, angiotensine converting enzyme remmers, angiotensine-converterend-enzymremmers, angiotensineconverterendenzymremmers
inhibiteur de l'enzyme de conversion	ace-inhibitoren, ace-remmer, ace-remmers, angiotensine converterende enzymremmers, angiotensine converting enzyme remmers, angiotensine-converterend-enzymremmers, angiotensineconverterendenzymremmers
inhibiteur de la néprilysine	neprilysine remmer
inhibiteur des récepteurs de l'angiotensine	aii-antagonist, aii-antagonisten, angiotensine ii-receptorblokkers, angiotensine receptorblokkers, angiotensine-2-receptorblokker, angiotensine-ii receptor blokkers, angiotensine-ii-antagonist, angiotensine-ii-antagonisten, angiotensine-ii-receptorantagonist, angiotensine-ii-receptorblocker, angiotensine-ii-receptorblockers, angiotensine-ii-receptorblokker, angiotensine-ii-receptorblokkers, angiotensine-receptor-blokkers, angiotensine-receptorantagonisten, angiotensinereceptorblokkers, arb's, arbs, at-ii-antagonist, at-ii-receptorantagonisten
inhibiteurs calciques	calciumantagonist, calciumantagonisten, calciumkanaalblokkers
inhibiteurs d'enzyme de conversion de l'angiotensine	ace-inhibitoren, ace-remmer, ace-remmers, angiotensine converterende enzymremmers, angiotensine converting enzyme remmers, angiotensine-converterend-enzymremmers, angiotensineconverterendenzymremmers
inhibiteurs de l'angiotensine ii	aii-antagonist, aii-antagonisten, angiotensine ii-receptorblokkers, angiotensine receptorblokkers, angiotensine-2-receptorblokker, angiotensine-ii receptor blokkers, angiotensine-ii-antagonist, angiotensine-ii-antagonisten, angiotensine-ii-receptorantagonist, angiotensine-ii-receptorblocker, angiotensine-ii-receptorblockers, angiotensine-ii-receptorblokker, angiotensine-ii-receptorblokkers, angiotensine-receptor-blokkers, angiotensine-receptorantagonisten, angiotensinereceptorblokkers, arb's, arbs, at-ii-antagonist, at-ii-receptorantagonisten
inhibiteurs de l'enzyme de conversion de l'angiotensine ii	ace-inhibitoren, ace-remmer, ace-remmers, angiotensine converterende enzymremmers, angiotensine converting enzyme remmers, angiotensine-converterend-enzymremmers, angiotensineconverterendenzymremmers
inhibiteurs de l'enzyme de conversion de l'angiotensine	ace-inhibitoren, ace-remmer, ace-remmers, angiotensine converterende enzymremmers, angiotensine converting enzyme remmers, angiotensine-converterend-enzymremmers, angiotensineconverterendenzymremmers
inhibiteurs de l'enzyme de conversion	ace-inhibitoren, ace-remmer, ace-remmers, angiotensine converterende enzymremmers, angiotensine converting enzyme remmers, angiotensine-converterend-enzymremmers, angiotensineconverterendenzymremmers
inhibiteurs du système rénine-angiotensine-aldostérone	renine-angiotensine-antagonisten
inotropes	inotroop, inotrope, inotropica
insuffisance cardiaque aiguë	acute hartfalen, acuut hartfalen
insuffisance cardiaque chronique avec fonction systolique diminuée	chronisch systolisch hartfalen
insuffisance cardiaque chronique stable	stabiel chronisch hartfalen
insuffisance cardiaque chronique	chf, chronisch harfalen, chronisch hartfalen, chronische hartfalen
insuffisance cardiaque clinique	klinisch hartfalen
insuffisance cardiaque congestive à fonction systolique conservée	diastolisch hartfalen, diastolische disfunctie, hartfalen met een behouden ejectiefractie, hartfalen met gepreserveerde ejectiefractie, hf-pef, hfbef
insuffisance cardiaque congestive	cardiale insufficiëntie, congestief hartfalen, decompensatio cordis, hartfalen, hf, harfalen
insuffisance cardiaque de classe ii	hartfalen klasse 2
insuffisance cardiaque diastolique	diastolisch hartfalen, diastolische disfunctie, hartfalen met een behouden ejectiefractie, hartfalen met gepreserveerde ejectiefractie, hf-pef, hfbef
insuffisance cardiaque droite	rechtszijdig hartfalen
insuffisance cardiaque stable	stabiel hartfalen
insuffisance cardiaque stade iii	hartfalen klasse iii
insuffisance cardiaque systolique	hartfalen met gedaalde ejectiefractie, systolisch hartfalen, systolische disfunctie, systolische functiestoornis, systolische ventriculaire dysfunctie
insuffisance cardiaque sévère	ernstig hartfalen
insuffisance cardiaque terminale	terminaal hartfalen
insuffisance cardiaque à fonction systolique conservée	diastolisch hartfalen, diastolische disfunctie, hartfalen met een behouden ejectiefractie, hartfalen met gepreserveerde ejectiefractie, hf-pef, hfbef
insuffisance cardiaque à fonction systolique d'éjection conservée	diastolisch hartfalen, diastolische disfunctie, hartfalen met een behouden ejectiefractie, hartfalen met gepreserveerde ejectiefractie, hf-pef, hfbef
insuffisance cardiaque à fonction systolique préservée	diastolisch hartfalen, diastolische disfunctie, hartfalen met een behouden ejectiefractie, hartfalen met gepreserveerde ejectiefractie, hf-pef, hfbef
insuffisance cardiaque à fraction d'éjection préservée	diastolisch hartfalen, diastolische disfunctie, hartfalen met een behouden ejectiefractie, hartfalen met gepreserveerde ejectiefractie, hf-pef, hfbef
insuffisance cardiaque à fraction d'éjection réduite	hartfalen met gedaalde ejectiefractie, systolisch hartfalen, systolische disfunctie, systolische functiestoornis, systolische ventriculaire dysfunctie
insuffisance cardiaque	cardiale insufficiëntie, congestief hartfalen, decompensatio cordis, hartfalen, hf, harfalen
insuffisance cardique	cardiale insufficiëntie, congestief hartfalen, decompensatio cordis, hartfalen, hf, harfalen
insuffisance coronaire	coronaire hartziekte, coronaire hartziekten, ischemische hartziekte, ischemische hartziekten, chz, ischemisch hartfalen
insuffisance coronarienne	coronaire hartziekte, coronaire hartziekten, ischemische hartziekte, ischemische hartziekten, chz, ischemisch hartfalen
insuffisance mitrale	mitralis-aortaklepinsufficiëntie, mitralisklepafwijking, mitralisklepinsufficiëntie
insuffisance rénale aiguë	acute nierinsufficiëntie
insuffisance rénale chronique	chronische nierinsufficiëntie, chronische nierschade, cns
insuffisance rénale	nierfalen, nierfunctiestoornis, nierfunctiestoornissen, nierfunctieverlies, nierfunctievermindering, nierfunctieverslechtering, nierinsufficientie, nierinsufficiëntie, nierschade, renaal falen
insuffisance systolique ventriculaire gauche	hartfalen met systolische linkerventrikeldisfunctie, systolische disfunctie van het linker ventrikel, systolische linkerventrikeldisfunctie, lvsd
insuffisance systolique	hartfalen met gedaalde ejectiefractie, systolisch hartfalen, systolische disfunctie, systolische functiestoornis, systolische ventriculaire dysfunctie
insuffisance tricuspide	tricuspidalisinsufficiëntie
insuffisance tricuspidienne	tricuspidalisinsufficiëntie
insuffisance valvulaire tricuspide	tricuspidalisinsufficiëntie
insuffisance valvulaire	hartklepaandoening, hartklepaandoeningen, hartklepafwijkingen, hartklepgebreken, hartkleplijden, klepafwijking, klepafwijkingen, klepdisfunctie, klepgebreken, kleplijden
insuffisance ventriculaire gauche	dysfunctie van de linker ventrikel, linkerkamerdisfunctie, linkerventrikeldisfunctie, linkerventrikeldysfunctie
insuffisance ventriculaire	ventrikeldisfunctie
insuffisances cardiaques	cardiale insufficiëntie, congestief hartfalen, decompensatio cordis, hartfalen, hf, harfalen
insuffisances mitrales	mitralis-aortaklepinsufficiëntie, mitralisklepafwijking, mitralisklepinsufficiëntie
insuffisant cardiaque	hartfalers
insuffisant cardiaques	hartfalers
insuffisants cardiaques	hartfalers
insuline	insuline
internistes	internist, internisten
intervalle de confiance	bi
intra-veineuse	intraveneus, intraveneuze
intra-ventriculaire	intraventriculaire
intra-ventriculaires	intraventriculaire
intracardiaque	intracardiale
intracardiaques	intracardiale
intrarénale	intrarenale
intraveineuse	intraveneus, intraveneuze
intraveineuses	intraveneus, intraveneuze
intraventriculaire	intraventriculaire
intraventriculaires	intraventriculaire
invasif	invasief, invasieve
invasive	invasief, invasieve
invasives	invasief, invasieve
ira	acute nierinsufficiëntie
irm	mri
ischémie coronarienne	coronaire hartziekte, coronaire hartziekten, ischemische hartziekte, ischemische hartziekten, chz, ischemisch hartfalen
ischémie myocardique	myocardischemie, chz, coronaire hartziekte, coronaire hartziekten, ischemisch hartfalen, ischemische hartziekte, ischemische hartziekten
ischémie silencieuse	myocardischemie
ischémie	ischemie
ischémique	ischaemische, ischemisch, ischemische
ischémiques	ischaemische, ischemisch, ischemische
lisinopril	lisinopril
losartan	losartan
malade	zieke, zieken
malades	zieke, zieken
maladie cardiaque	hartaandoening, hartafwijking, hartafwijkingen, hartziekte, hartziekten
maladie chronique	chronische ziekte
maladie coronaire	coronaire hartziekte, coronaire hartziekten, ischemische hartziekte, ischemische hartziekten, chz, ischemisch hartfalen
maladie du coeur	hartaandoening, hartafwijking, hartafwijkingen, hartziekte, hartziekten
maladie thromboembolique	trombo-embolie
maladie	aandoening, aandoeningen, ziekte, ziekten
maladies cardiaques	hartaandoening, hartafwijking, hartafwijkingen, hartziekte, hartziekten
maladies cardiovasculaires	cardiovasculaire aandoeningen, cardiovasculaire ziekte, cardiovasculaire ziekten, cv aandoeningen, hart- en vaatziekte, hart- en vaatziekten, hart- en vaatziektes, hartvaataandoening, cvz
maladies cardiovascule	cardiovasculaire aandoeningen, cardiovasculaire ziekte, cardiovasculaire ziekten, cv aandoeningen, hart- en vaatziekte, hart- en vaatziekten, hart- en vaatziektes, hartvaataandoening, cvz
maladies chroniques	chronische ziekte
maladies	aandoening, aandoeningen, ziekte, ziekten
marqueurs biologiques	biomarker, biomarkers
mcd	dilatatoire cardiomyopathie, dilaterende cardiomyopathie, gedilateerde cardiomyopathie
mcdi	idiopathische dilaterende cardiomyopathie
medicaux	geneeskundig, geneeskundige, medisch, medische
metformine	metformine
mitral	mitralis
mitrale	mitralis
mitrales	mitralis
mitraux	mitralis
modèle de cox	cox' regressieanalyse
moelle osseuse	beenmerg
morbidité	morbiditeit
morbidités	morbiditeit
mort cardiaque	hartstilstand, hartdood
mort	mortaliteit, sterfte
mortalité cardiovasculaire	cardiovasculaire sterfte, cardiovasculaire mortaliteit
mortalité	mortaliteit, sterfte
muscle cardiaque	hartspier, myocard
muscle	spier, spieren
myocarde	hartspier, myocard
myocardiopathie dilatée idiopathique	idiopathische dilaterende cardiomyopathie
myocardiopathie dilatée	dilatatoire cardiomyopathie, dilaterende cardiomyopathie, gedilateerde cardiomyopathie
myocardiopathie	cardiomyopathie, cardiomyopathieën
myocardiopathies	cardiomyopathie, cardiomyopathieën
myocardique	myocardiale
myocardiques	myocardiale
myocytes cardiaques	cardiale myocyt, cardiomyocyt, cardiomyocyten
myocytes	myocyt, myocyten, spiercellen
médecin généraliste	huisarts, huisartsen
médecin	arts, artsen, dokter, dokters, medicus
médecine	geneeskunde
médecins de famille	huisarts, huisartsen
médecins généralistes	huisarts, huisartsen
médecins	arts, artsen, dokter, dokters, medicus
médical	geneeskundig, geneeskundige, medisch, medische
médicale	geneeskundig, geneeskundige, medisch, medische
médicalement	geneeskundig, geneeskundige, medisch, medische
médicales	geneeskundig, geneeskundige, medisch, medische
médicament	geneesmiddel, geneesmiddelen, medicament, medicamenten, medicatie, medicijn, medicijnen, geneesmidddelen, geneesmiddellen
médicamenteuse	medicamenteus, medicamenteuze
médicamenteux	medicamenteus, medicamenteuze
médicaments vasodilatateurs	vaatverwijders
médicaments	geneesmiddel, geneesmiddelen, medicament, medicamenten, medicatie, medicijn, medicijnen, geneesmidddelen, geneesmiddellen
médication	geneesmiddel, geneesmiddelen, medicament, medicamenten, medicatie, medicijn, medicijnen, geneesmidddelen, geneesmiddellen
médicaux	geneeskundig, geneeskundige, medisch, medische
méta-analyse	meta-analyse, meta-analyses
méta-analyses	meta-analyse, meta-analyses
métabolites	metabolieten
métastases	metastasen
n-terminal propeptide natriurétique de type b	n-terminaal pro-bnp, n-terminaal pro-breinnatriuretisch peptide, n-terminaal probnp, n-terminal-probnp, nt-pro-bnp, nt-probnp, ntprobnp
natriurétique	natriuretisch, natriuretische
natriurétiques	natriuretisch, natriuretische
neuro-hormonale	neurohormonale
neuro-hormonales	neurohormonale
neuro-hormonaux	neurohormonale
neurohormonale	neurohormonale
neurohumorale	neurohumorale
neuropathie	neuropathie
nitroglycérine	nitroglycerine
nitrés	nitraten
non invasif	non-invasief
non invasive	non-invasief
non invasives	non-invasief
non-invasive	non-invasief
nt-probnp	n-terminaal pro-bnp, n-terminaal pro-breinnatriuretisch peptide, n-terminaal probnp, n-terminal-probnp, nt-pro-bnp, nt-probnp, ntprobnp
ntg	nitroglycerine
nyha	nyha
nyna iii	nyha-klasse 3, nyha-klasse iii
nécrose	accidentele celdood, necrose
néphrologues	nefroloog
néprilysine	neprilysine
nésiritide	nesiritide
obésité	obesitas, adipositas
oedemes périphériques	perifeer oedeem, perifere oedemen
oedemes	retentie van water, vochtretentie, waterretentie, waterzucht, oedeem, oedemen
oedèmes pulmonaires	longoedeem
oedèmes	retentie van water, vochtretentie, waterretentie, waterzucht, oedeem, oedemen
omnipraticiens	huisarts, huisartsen
opératoire	chirurgische, operatieve
opératoires	chirurgische, operatieve
or	or
oral	oraal, orale
orale	oraal, orale
oreillette droite	rechter atrium
oreillette	atrium
oreillettes	atrium
organe	orgaan, organen
organes	orgaan, organen
oxygène de pointe	maximale zuurstofopnamevermogen, vo2-piek
p	p
pac	bypassoperatie, cabg, coronaire bypass, coronaire bypassoperatie
pacemaker	pacemaker, pacemakers
palliatifs	palliatief, palliatieve
palliative	palliatief, palliatieve
paradigm-hf	paradigm-hf
parasympathique	parasympathische
pathogène	pathogene
pathogénique	pathogene
pathologie valvulaire	hartklepaandoening, hartklepaandoeningen, hartklepafwijkingen, hartklepgebreken, hartkleplijden, klepafwijking, klepafwijkingen, klepdisfunctie, klepgebreken, kleplijden
pathologie	pathologie, pathologieën
pathologies cardio-vasculaires	cardiovasculaire aandoeningen, cardiovasculaire ziekte, cardiovasculaire ziekten, cv aandoeningen, hart- en vaatziekte, hart- en vaatziekten, hart- en vaatziektes, hartvaataandoening, cvz
pathologies	pathologie, pathologieën
pathologiques	pathologisch, pathologische
pathophysiologie	pathofysiologie
pathophysiologique	pathofysiologisch, pathofysiologische
patient	patiënt, patienten, patiënten
patiente	patiënte
patientes	patiënte
patients	patiënt, patienten, patiënten
peptide b natriurétique	b-type natriuretisch peptide, b-type natriuretische peptiden, b-type peptiden, b-type-natriuretisch peptide, b-type-natriuretische peptiden, b-typenatriuretisch peptide, bnp, breinnatriuretisch peptide
peptide natriurétique cérébral	b-type natriuretisch peptide, b-type natriuretische peptiden, b-type peptiden, b-type-natriuretisch peptide, b-type-natriuretische peptiden, b-typenatriuretisch peptide, bnp, breinnatriuretisch peptide
peptide natriurétique de type b	b-type natriuretisch peptide, b-type natriuretische peptiden, b-type peptiden, b-type-natriuretisch peptide, b-type-natriuretische peptiden, b-typenatriuretisch peptide, bnp, breinnatriuretisch peptide
peptide natriurétique de type-b	b-type natriuretisch peptide, b-type natriuretische peptiden, b-type peptiden, b-type-natriuretisch peptide, b-type-natriuretische peptiden, b-typenatriuretisch peptide, bnp, breinnatriuretisch peptide
peptide natriurétique	natriuretisch peptide, natriuretische peptiden
peptide	peptide, peptiden
peptides natriurétiques a	anp, atriumpeptiden
peptides natriurétiques auriculaires	anp, atriumpeptiden
peptides natriurétiques	natriuretisch peptide, natriuretische peptiden
peptides	peptide, peptiden
percutanée	percutane
percutanées	percutane
perfusion	perfusie
peripartum	peripartum
peropératoire	perioperatief, perioperatieve
peropératoires	perioperatief, perioperatieve
pharmacocinétique	farmacokinetiek
pharmacologie	farmacologie
physiologiquement	fysiologische
physiologiques	fysiologische
physiopathologie	pathofysiologie
physiopathologique	pathofysiologisch, pathofysiologische
physiopathologiques	pathofysiologisch, pathofysiologische
pic de vo2	maximale zuurstofopnamevermogen, vo2-piek
pioglitazone	pioglitazon
placebo	placebo
plaquettes	bloedplaatjes
plasma	plasma
polymorphisme	polymorfisme, polymorfismen
pompe cardiaque	hartpomp, hartpompen, vad, ventricular assist devices, steunhart, ondersteuningspompen
pontage aortocoronarien	bypassoperatie, cabg, coronaire bypass, coronaire bypassoperatie
post-charge	nabelasting
postcharge	nabelasting
postopératoire	postoperatief
postopératoires	postoperatief
pouls	polsslag, polsfrequentie
poumon	longen, long
prescription	geneesmiddelvoorschriften, voorschrift
prescriptions	geneesmiddelvoorschriften, voorschrift
pression artérielle systolique	systolische bloeddruk
pression artérielle	arteriële bloeddruk, bloeddruk
pression diastolique	diastolische bloeddruk, diastolische druk
pression systolique	systolische bloeddruk
pressions de remplissage	vullingsdruk, vullingsdrukken
probnp	pro-bnp, pro-breinnatriuretisch peptide, probnp
pronosgtic	prognose
pronostic	prognose
pronostique	prognostisch, prognostische
pronostiques	prognostisch, prognostische
propeptide natriurétique de type b	pro-bnp, pro-breinnatriuretisch peptide, probnp
prospective	prospectief, prospectieve
prospectives	prospectief, prospectieve
prostaglandines	prostaglandinen
protéine bcl-2	bcl2
protéine	eiwit
protéines	eiwit
précordiales	precordiale
prévalence	prevalentie
prévalences	prevalentie
psychologiquement	psychologische
pulmonaire	pulmonaal, pulmonale
pulmonaires	pulmonaal, pulmonale
péri-opératoire	perioperatief, perioperatieve
péri-opératoires	perioperatief, perioperatieve
période de suivi	follow-upduur, follow-upperiode
périopératoire	perioperatief, perioperatieve
périopératoires	perioperatief, perioperatieve
péripartum	peripartum
qrs	qrs, qrs-complex, qs-complexen
qualité de vie	kwaliteit van leven, levenskwaliteit
r	r
radiographie thoracique	röntgenthoraxfotografie, rx-thorax, thoraxfoto, x-thorax
ramipril	ramipril
randomisé	gerandomiseerd, gerandomiseerde
randomisée	gerandomiseerd, gerandomiseerde
randomisées	gerandomiseerd, gerandomiseerde
randomisés	gerandomiseerd, gerandomiseerde
ras	renine-angiotensine-aldosteronsysteem, renine-angiotensine-aldosteron systeem, raas-systeem, raas, renine-angiotensine-aldosteron-systeem
recepteurs	receptor, receptoren
rein	nier, nieren
reins	nier, nieren
remodelage cardiaque	ventriculaire remodelerende chirurgie
remodelage ventriculaire	ventriculaire remodelerende chirurgie
remodelage	remodellering
resynchronisation cardiaque	cardiale resynchronisatietherapie, cardiale-resynchronisatietherapie, crt, resynchronisatietherapie
resynchronisation ventriculaire	cardiale resynchronisatietherapie, cardiale-resynchronisatietherapie, crt, resynchronisatietherapie
resynchronisation	cardiale resynchronisatietherapie, cardiale-resynchronisatietherapie, crt, resynchronisatietherapie
revascularisation coronaire	coronaire revascularisatie
revascularisation	revascularisatie
rfc	cardiale resynchronisatietherapie, cardiale-resynchronisatietherapie, crt, resynchronisatietherapie
rhumatismales	reumatoïde
rhumatologique	reumatoïde
rhumatoïde	reumatoïde
risque relatif	relatief risico, rr
roche diagnostic	roche-diagnostics
rosiglitazone	rosiglitazon
rr	relatief risico, rr
rythme cardiaque	hartritme
rythme d'échappement	galopritme
rythme sinusal	sinusritme
ré-admission	herhospitalisaties, heropname, heropnamen, heropnames, rehospitalisatie
réadmission	herhospitalisaties, heropname, heropnamen, heropnames, rehospitalisatie
récepteur	receptor, receptoren
récepteurs at1 de l'angiotensine ii	at1-receptor
récepteurs bêta du myocarde	bèta-adrenerge receptoren, ß-receptor
récepteurs de l'aldostérone	aldosteronreceptoren
récepteurs	receptor, receptoren
régression logistique multivariée	multivariabele logistische regressie
réhospitalisation	herhospitalisaties, heropname, heropnamen, heropnames, rehospitalisatie
réhospitalisations	herhospitalisaties, heropname, heropnamen, heropnames, rehospitalisatie
rénal	renaal, renale
rénale	renaal, renale
rénales	renaal, renale
rénine	renine
résonance magnétique	mri
rétablissement de la fréquence cardiaque	cardiale resynchronisatietherapie, cardiale-resynchronisatietherapie, crt, resynchronisatietherapie
rétention hydrique	retentie van water, vochtretentie, waterretentie, waterzucht, oedeem, oedemen
rétention hydrosodée	retentie van water, vochtretentie, waterretentie, waterzucht, oedeem, oedemen
rétrécissement aortique	aortastenose
sa	aortastenose
saines	gezonde
sains	gezonde
sang	bloed
sanguin	bloedige
sanguines	bloedige
sartans	aii-antagonist, aii-antagonisten, angiotensine ii-receptorblokkers, angiotensine receptorblokkers, angiotensine-2-receptorblokker, angiotensine-ii receptor blokkers, angiotensine-ii-antagonist, angiotensine-ii-antagonisten, angiotensine-ii-receptorantagonist, angiotensine-ii-receptorblocker, angiotensine-ii-receptorblockers, angiotensine-ii-receptorblokker, angiotensine-ii-receptorblokkers, angiotensine-receptor-blokkers, angiotensine-receptorantagonisten, angiotensinereceptorblokkers, arb's, arbs, at-ii-antagonist, at-ii-receptorantagonisten
sensibilité	sensitiviteit
septum ventriculaire	ventrikelseptum
significatif	significant, significante, siginficant
significatifs	significant, significante, siginficant
significative	significant, significante, siginficant
significativement	significant, significante, siginficant
significatives	significant, significante, siginficant
sodium	sodium, na, natrium
soins de fdv	palliatieve zorg, terminale zorg
soins de fin de vie	palliatieve zorg, terminale zorg
soins en fin de vie	palliatieve zorg, terminale zorg
soins palliatifs	palliatieve zorg, terminale zorg
souffle cardiaque	hartgeruis, hartgeruisen, souffles, hartsouffle
spironolactone	spironolactone, spironolacton
spécificité	specificiteit
stable	stabiel, stabiele
stables	stabiel, stabiele
stade ii de la nyha	functionele klasse ii, nyha klasse 2, nyha klasse ii, nyha-klasse ii
statines	statine, statines
stimulateur biventriculaire	bi ventricular assist device, bivad, biventriculaire stimulator
stimulateur cardiaque biventriculaire	bi ventricular assist device, bivad, biventriculaire stimulator
stimulateur cardiaque	pacemaker, pacemakers
stimulateurs cardiaques	pacemaker, pacemakers
stimulation atriobiventriculaire	biventriculaire kamerstimulatie
stimulation biventriculaire	biventriculaire kamerstimulatie
stimulation cardiaque biventriculaire	biventriculaire kamerstimulatie
stimulation cardiaque multisite	cardiale resynchronisatietherapie, cardiale-resynchronisatietherapie, crt, resynchronisatietherapie
sténose aortique	aortastenose
stéroïdes	steroïde
suivi	follow-up
surcharge de volume	volumebelasting
surmortalité	oversterfte
sympathicomimétiques	sympathicomimetische
symptomatique	symptomatisch, symptomatische
symptomatiques	symptomatisch, symptomatische
symptomatologie	symptomatologie
symptôme	symptomen, symptoom
symptômes	symptomen, symptoom
syncope	syncope
syncopes	syncope
syndrome coronaire aigu	acs, acuut coronair syndroom, acute coronaire syndromen
syndrome coronarien aigu	acs, acuut coronair syndroom, acute coronaire syndromen
syndrome	syndromen, syndroom, ziektebeeld, ziektebeelden
syndromes coronaires aigus	acs, acuut coronair syndroom, acute coronaire syndromen
syndromes coronariens aigus	acs, acuut coronair syndroom, acute coronaire syndromen
syndromes	syndromen, syndroom, ziektebeeld, ziektebeelden
systole	systole
systolique	systolisch, systolische
systoliques	systolisch, systolische
système nerveux sympathique	orthosympathisch zenuwstelsel, sympathicus
système rénine-angiotensine	renine-angiotensine-aldosteronsysteem, renine-angiotensine-aldosteron systeem, raas-systeem, raas, renine-angiotensine-aldosteron-systeem
système rénine-angiotensine-aldostérone	renine-angiotensine-aldosteronsysteem, renine-angiotensine-aldosteron systeem, raas-systeem, raas, renine-angiotensine-aldosteron-systeem
systémique	systemisch, systemische
systémiques	systemisch, systemische
tachyarythmie	tachyaritmieën, tachycardie, tachycardieën
tachycardie sinusale	reflextachycardie
tachycardie	tachyaritmieën, tachycardie, tachycardieën
tachycardies	tachyaritmieën, tachycardie, tachycardieën
taux de filtration glomérulaire	glomerulaire filtratierate, glomerulaire filtratiesnelheid, glomerulaire perfusiedruk, glomerulusfiltratie, gfr
terminal	terminaal, terminale
terminale	terminaal, terminale
test de marche de six minutes	6-minutenlooptest
thiazide	thiazide, thiazidediuretica, thiazides
thiazolidinediones	glitazones, thiazolidinedionen
thorax	thorax
thrombi	trombi
thrombo-emboliques	trombo-embolische
thromboembolique	trombo-embolische
thromboemboliques	trombo-embolische
thrombose intracardiaque	intracardiale trombi
thrombose	trombose
thromboses intracardiaques	intracardiale trombi
thromboses	trombose
thrombus	trombi
thyrotoxicose	thyreotoxicose
thérapeutique	therapeutisch, therapeutische, therapeuticum
thérapeutiques	therapeutisch, therapeutische, therapeuticum
thérapie	therapie, therapieën
thérapies	therapie, therapieën
tissu adipeux	vetweefsel
tolérance à l'effort	inspanningstolerantie, inspanningsvermogen
tonus sympathique	sympathicus-tonus
toxicité cardiaque	cardiotoxiciteit
traitement médicamenteux	medicamenteuze behandeling, farmacotherapie, medicamenteuze therapie
traitement pharmacologique	medicamenteuze behandeling, farmacotherapie, medicamenteuze therapie
traitements pharmacologiques	medicamenteuze behandeling, farmacotherapie, medicamenteuze therapie
transferase déoxyribonucléotide terminale	tunel
transplantation cardiaque	harttransplantatie
transplantation	transplantatie
trastuzumab	trastuzumab
troponine	troponine
troubles du rythme ventriculaire	ventriculaire aritmie, ventriculaire aritmieën
troubles du rythme	aritmie, aritmieën, hartritmestoornis, hartritmestoornissen, ritmestoornis, ritmestoornissen, geleidingsstoornis, geleidingsstoornissen
tsh	tsh
tsm	telemonitoring
tumeur	tumor, tumoren
tumeurs malignes	maligniteit, maligniteiten
tumeurs	tumor, tumoren
tunel	tunel
télésurveillance médicale	telemonitoring
télésystoliques	eindsystolische
unité des soins intensifs	intensieve zorgen, intensive-careafdeling
urgences	spoedeisende hulp, spoedeisendehulpafdeling, eerste hulp, eerstehulpafdeling, seh
urémie	uremie
usi	intensieve zorgen, intensive-careafdeling
vaisseaux	bloedvat, bloedvaten
valeur prédictive positive	positief voorspellende waarde, ppv
valsartan	valsartan
valvulopathie	hartklepaandoening, hartklepaandoeningen, hartklepafwijkingen, hartklepgebreken, hartkleplijden, klepafwijking, klepafwijkingen, klepdisfunctie, klepgebreken, kleplijden
valvulopathies	hartklepaandoening, hartklepaandoeningen, hartklepafwijkingen, hartklepgebreken, hartkleplijden, klepafwijking, klepafwijkingen, klepdisfunctie, klepgebreken, kleplijden
vasculaire	vasculaire
vasculaires	vasculaire
vasoconstricteurs	vaat-vernauwende, vaatvernauwende
vasoconstriction	vasoconstrictie
vasodilatateur	vaatverwijdende, vasodilaterende, vaatverwijders
vasodilatateurs	vaatverwijdende, vasodilaterende, vaatverwijders
vasodilatation	vasodilatatie
vasodilatatrice	vaatverwijdende, vasodilaterende
vasopressine	antidiuretisch hormoon
vd	rechter ventrikel, rechterventrikel
veine cave inférieure	v. cava inferior
veine	vene, venen
veines pulmonaires	veneuze longvaatbed
veines	vene, venen
veineuse	veneuze
veineux	veneuze
ventriculaire droit	rechterventrikel
ventriculaire droite	rechterventrikel
ventriculaire gauche	linkerventrikel, lv
ventriculaire	ventriculaire
ventriculaires	ventriculaire
ventricule droit	rechter ventrikel, rechterventrikel
ventricule gauche	linker kamer, linker ventrikel, linkerventrikel, lv
ventricule	kamer, kamers, ventrikel
ventricules	kamer, kamers, ventrikel
vg	linker kamer, linker ventrikel, linkerventrikel, lv
viscérales	viscerale
vo2 de pointe	maximale zuurstofopnamevermogen, vo2-piek
vo2 max	maximale zuurstofopnamevermogen, vo2-piek
vo2	vo2
volémique	volemische
vérapamil	verapamil
ß-bloquants	bèta-adrenoceptorblokker, beta-blokkers, bèta-blokkers, bètablokkeerder, bètablokkeerders, betablokker, β-receptorblokkerende sympathicolytica, bètablokker, betablokkers, bètablokkers, bètareceptorantagonisten, β-blokker, β-blokkers, ß-blokker, ß-blokkers
â-bloquants	α-blokker
échocardiagraphique	echocardiografisch, echocardiografische
échocardiogramme	echocardiografie, echocardiogram, echo
échocardiographie	echocardiografie, echocardiogram, echo
échocardiographies	echocardiografie, echocardiogram, echo
échocardiographique	echocardiografisch, echocardiografische
échocardiographiques	echocardiografisch, echocardiografische
échographie cardiaque	echocardiografie, echocardiogram, echo
échographie	echografie
échographique	echografisch
échographiques	echografisch
électrocardiogramme	ecg, elektrocardiografie
électrocardiographie	ecg, elektrocardiografie
électrocardiographique	elektrocardiografisch
électrocardiographiques	elektrocardiografisch
électrolytes	elektrolyten
énalapril	enalapril
épidémiologie	epidemiologie
épidémiologique	epidemiologisch, epidemiologische
épidémiologiques	epidemiologisch, epidemiologische
épreuve d'effort	ergometrietest, inspannings-ecg
épreuves d'effort	ergometrietest, inspannings-ecg
états-unis	usa, verenigde staten, vs
étiologie	etiologie
étiologies	etiologie
étiologique	etiologisch
étiologiques	etiologisch
étude prospective	prospectieve onderzoeken
études propectives	prospectieve onderzoeken
études prospectives	prospectieve onderzoeken
œdème pulmonaire	longoedeem
œdème	retentie van water, vochtretentie, waterretentie, waterzucht, oedeem, oedemen
œdèmes	retentie van water, vochtretentie, waterretentie, waterzucht, oedeem, oedemen
β-bloquant	bèta-adrenoceptorblokker, beta-blokkers, bèta-blokkers, bètablokkeerder, bètablokkeerders, betablokker, β-receptorblokkerende sympathicolytica, bètablokker, betablokkers, bètablokkers, bètareceptorantagonisten, β-blokker, β-blokkers, ß-blokker, ß-blokkers
β-bloquants	bèta-adrenoceptorblokker, beta-blokkers, bèta-blokkers, bètablokkeerder, bètablokkeerders, betablokker, β-receptorblokkerende sympathicolytica, bètablokker, betablokkers, bètablokkers, bètareceptorantagonisten, β-blokker, β-blokkers, ß-blokker, ß-blokkers
