6-minutenlooptest	6-mwt, 6-minute walking distance, 6-min walk test, 6-minute walk distance, 6-minute walk test, 6 min walk test, 6mwt, 6-minute walked distance, 6-minute hall walk
a. carotis	coronary artery, coronary arteries, coronary
aandoening	condition, conditions, disease, diseases
aandoeningen	condition, conditions, disease, diseases
aangeboren	congenital
abdominale	abdominal
ace	angiotensin converting enzyme, angiotensin-converting enzyme
ace-inhibitoren	angiotensin converting enzyme inhibitor, angiotensin converting enzyme inhibitors, angiotensin-converting enzyme inhibitor, angiotensin-converting enzyme inhibitors
ace-remmer	angiotensin converting enzyme inhibitor, angiotensin converting enzyme inhibitors, angiotensin-converting enzyme inhibitor, angiotensin-converting enzyme inhibitors
ace-remmers	angiotensin converting enzyme inhibitor, angiotensin converting enzyme inhibitors, angiotensin-converting enzyme inhibitor, angiotensin-converting enzyme inhibitors
acs	acute coronary syndrome, acute coronary syndromes
acute coronaire syndromen	acute coronary syndrome, acute coronary syndromes
acute dyspneu	acute dyspnea
acute dyspnoe	acute dyspnea
acute hartfalen	acute heart failure, acute hf, ahf
acute myocardinfarcten	acute myocardial infarction, myocardial infarction, mis, ami, mi
acute nierinsufficiëntie	acute kidney injury
acute	acute
acuut coronair syndroom	acute coronary syndrome, acute coronary syndromes
acuut hartfalen	acute heart failure, acute hf, ahf
acuut myocardinfarct	acute myocardial infarction, myocardial infarction, mis, ami, mi
acuut	acute
adenosine	adenosine
adipositas	obesity
adjuvant	adjuvant
adjuvante	adjuvant
adrenaline	epinephrine
adrenomedulline	adrenomedullin
aii-antagonist	angiotensin ii receptor blocker, angiotensin receptor antagonist, angiotensin receptor blockers, angiotensin receptors blockers, angiotensin-receptor blocker, angiotensin-receptor blockers
aii-antagonisten	angiotensin ii receptor blocker, angiotensin receptor antagonist, angiotensin receptor blockers, angiotensin receptors blockers, angiotensin-receptor blocker, angiotensin-receptor blockers
aldosteron	aldosterone
aldosteronantagonist	aldosterone antagonist, aldosterone receptor antagonists
aldosteronantagonisten	aldosterone antagonist, aldosterone receptor antagonists
aldosterone-antagonist	aldosterone antagonist, aldosterone receptor antagonists
aldosteronreceptorantagonist	aldosterone antagonist, aldosterone receptor antagonists
aldosteronreceptorblokker	aldosterone antagonist, aldosterone receptor antagonists
aldosteronreceptoren	aldosterone receptor
ambulant	ambulatory
ambulante	ambulatory
american college of cardiology	american college of cardiology, acc
american heart association	american heart association, aha
anamnese	medical history
anemie	anemia
angina pectoris	angina
angina	angina
angiotensine converterende enzymremmers	angiotensin converting enzyme inhibitor, angiotensin converting enzyme inhibitors, angiotensin-converting enzyme inhibitor, angiotensin-converting enzyme inhibitors
angiotensine converting enzyme remmers	angiotensin converting enzyme inhibitor, angiotensin converting enzyme inhibitors, angiotensin-converting enzyme inhibitor, angiotensin-converting enzyme inhibitors
angiotensine converting enzyme	angiotensin converting enzyme, angiotensin-converting enzyme
angiotensine ii	ang ii, angii, angiotensin ii
angiotensine ii-receptorblokkers	angiotensin ii receptor blocker, angiotensin receptor antagonist, angiotensin receptor blockers, angiotensin receptors blockers, angiotensin-receptor blocker, angiotensin-receptor blockers
angiotensine receptor neprilysine inhibitors	angiotensin receptor neprilysin inhibitor, angiotensin-receptor neprilysin inhibitors, arni, arni inhibitors
angiotensine receptorblokkers	angiotensin ii receptor blocker, angiotensin receptor antagonist, angiotensin receptor blockers, angiotensin receptors blockers, angiotensin-receptor blocker, angiotensin-receptor blockers
angiotensine	angiotensin
angiotensine-2-receptorblokker	angiotensin ii receptor blocker, angiotensin receptor antagonist, angiotensin receptor blockers, angiotensin receptors blockers, angiotensin-receptor blocker, angiotensin-receptor blockers
angiotensine-converterend-enzym	angiotensin converting enzyme, angiotensin-converting enzyme
angiotensine-converterend-enzymremmers	angiotensin converting enzyme inhibitor, angiotensin converting enzyme inhibitors, angiotensin-converting enzyme inhibitor, angiotensin-converting enzyme inhibitors
angiotensine-i	at1
angiotensine-ii receptor blokkers	angiotensin ii receptor blocker, angiotensin receptor antagonist, angiotensin receptor blockers, angiotensin receptors blockers, angiotensin-receptor blocker, angiotensin-receptor blockers
angiotensine-ii	ang ii, angii, angiotensin ii
angiotensine-ii-antagonist	angiotensin ii receptor blocker, angiotensin receptor antagonist, angiotensin receptor blockers, angiotensin receptors blockers, angiotensin-receptor blocker, angiotensin-receptor blockers
angiotensine-ii-antagonisten	angiotensin ii receptor blocker, angiotensin receptor antagonist, angiotensin receptor blockers, angiotensin receptors blockers, angiotensin-receptor blocker, angiotensin-receptor blockers
angiotensine-ii-receptorantagonist	angiotensin ii receptor blocker, angiotensin receptor antagonist, angiotensin receptor blockers, angiotensin receptors blockers, angiotensin-receptor blocker, angiotensin-receptor blockers
angiotensine-ii-receptorblocker	angiotensin ii receptor blocker, angiotensin receptor antagonist, angiotensin receptor blockers, angiotensin receptors blockers, angiotensin-receptor blocker, angiotensin-receptor blockers
angiotensine-ii-receptorblockers	angiotensin ii receptor blocker, angiotensin receptor antagonist, angiotensin receptor blockers, angiotensin receptors blockers, angiotensin-receptor blocker, angiotensin-receptor blockers
angiotensine-ii-receptorblokker	angiotensin ii receptor blocker, angiotensin receptor antagonist, angiotensin receptor blockers, angiotensin receptors blockers, angiotensin-receptor blocker, angiotensin-receptor blockers
angiotensine-ii-receptorblokkers	angiotensin ii receptor blocker, angiotensin receptor antagonist, angiotensin receptor blockers, angiotensin receptors blockers, angiotensin-receptor blocker, angiotensin-receptor blockers
angiotensine-receptor-blokkers	angiotensin ii receptor blocker, angiotensin receptor antagonist, angiotensin receptor blockers, angiotensin receptors blockers, angiotensin-receptor blocker, angiotensin-receptor blockers
angiotensine-receptorantagonisten	angiotensin ii receptor blocker, angiotensin receptor antagonist, angiotensin receptor blockers, angiotensin receptors blockers, angiotensin-receptor blocker, angiotensin-receptor blockers
angiotensineconverterend enzym	angiotensin converting enzyme, angiotensin-converting enzyme
angiotensineconverterend-enzym	angiotensin converting enzyme, angiotensin-converting enzyme
angiotensineconverterendenzymremmers	angiotensin converting enzyme inhibitor, angiotensin converting enzyme inhibitors, angiotensin-converting enzyme inhibitor, angiotensin-converting enzyme inhibitors
angiotensinereceptorblokkers	angiotensin ii receptor blocker, angiotensin receptor antagonist, angiotensin receptor blockers, angiotensin receptors blockers, angiotensin-receptor blocker, angiotensin-receptor blockers
anp	atrial natriuretic peptide
antagonist	antagonist, antagonists
antagonisten	antagonist, antagonists
anti-inflammatoir	anti-inflammatory
anti-inflammatoire	anti-inflammatory
antiaritmica	antiarrhythmic, antiarrhythmic drugs
antiaritmicum	antiarrhythmic, antiarrhythmic drugs
antiarrhythmica	antiarrhythmic, antiarrhythmic drugs
anticoagulantia	anticoagulants
antidiuretisch hormoon	vasopressin, avp, arginine vasopressin
antihypertensiva	antihypertensive medication
antihypertensivum	antihypertensive medication
antitumoreffect	antitumor
aortadruk	aortic pressure
aortaklepstenose	mitral stenosis, ms
aortale	aortic
apex	apex
apoptose	apoptosis
apoptosis	apoptosis
apoptotische cellen	apoptotic cells
arb's	angiotensin ii receptor blocker, angiotensin receptor antagonist, angiotensin receptor blockers, angiotensin receptors blockers, angiotensin-receptor blocker, angiotensin-receptor blockers
arbs	angiotensin ii receptor blocker, angiotensin receptor antagonist, angiotensin receptor blockers, angiotensin receptors blockers, angiotensin-receptor blocker, angiotensin-receptor blockers
aritmie	arrhythmia, arrhythmias
aritmieën	arrhythmia, arrhythmias
arni's	angiotensin receptor neprilysin inhibitor, angiotensin-receptor neprilysin inhibitors, arni, arni inhibitors
arterieel	arterial
arteriële bloeddruk	blood pressure, bp, arterial pressure
arteriële	arterial
artritis	arthritis
arts	doctors, physician, physicians
artsen	doctors, physician, physicians
asymptomatisch	asymptomatic
asymptomatische	asymptomatic
at ii	ang ii, angii, angiotensin ii
at-ii-antagonist	angiotensin ii receptor blocker, angiotensin receptor antagonist, angiotensin receptor blockers, angiotensin receptors blockers, angiotensin-receptor blocker, angiotensin-receptor blockers
at-ii-receptorantagonisten	angiotensin ii receptor blocker, angiotensin receptor antagonist, angiotensin receptor blockers, angiotensin receptors blockers, angiotensin-receptor blocker, angiotensin-receptor blockers
at1	at1
at1-receptor	at1 receptors
atherosclerotische aandoeningen	atherosclerosis
atherosclerotische ziekten	atherosclerosis
atrioventriculair	atrioventricular
atrioventriculaire	atrioventricular
atrium	atrium
atriumfibrillatie	af, atrial fibrillation
atriumfibrilleren	af, atrial fibrillation
atriumpeptiden	atrial natriuretic peptide
auc	auc, aucs, area under the curve, area under the receiver operating characteristic curve, c statistic, c statistics, c-statistics, c-index
auscultatie	auscultation
b-type natriuretisch peptide	b natriuretic peptides, b-type natriuretic peptide, b-type np, bnp, brain natriuretic peptide
b-type natriuretische peptiden	b natriuretic peptides, b-type natriuretic peptide, b-type np, bnp, brain natriuretic peptide
b-type peptiden	b natriuretic peptides, b-type natriuretic peptide, b-type np, bnp, brain natriuretic peptide
b-type-natriuretisch peptide	b natriuretic peptides, b-type natriuretic peptide, b-type np, bnp, brain natriuretic peptide
b-type-natriuretische peptiden	b natriuretic peptides, b-type natriuretic peptide, b-type np, bnp, brain natriuretic peptide
b-typenatriuretisch peptide	b natriuretic peptides, b-type natriuretic peptide, b-type np, bnp, brain natriuretic peptide
baseline	baseline
bax	bax
bcl2	bcl-2, bcl2
behouden ejectiefractie	pef, preserved ef, preserved ejection fraction, preserved left ventricular ejection fraction, preserved left ventricular ejection fractions, preserved lv ejection fraction, preserved lvef
benauwdheid	breathlessness, dyspnea
beroerte	stroke, strokes
beroertes	stroke, strokes
beta-agonist	β-adrenergic receptor agonist
beta-blokkers	bb, beta blockers, beta receptor blockers, beta-blocker, beta-blockers, β-blocker, β-blockers, β-adrenergic receptor blocker
beta-gonisten	β-adrenergic receptor agonist
betablokker	bb, beta blockers, beta receptor blockers, beta-blocker, beta-blockers, β-blocker, β-blockers, β-adrenergic receptor blocker
betablokkers	bb, beta blockers, beta receptor blockers, beta-blocker, beta-blockers, β-blocker, β-blockers, β-adrenergic receptor blocker
bi	ci, cis, confidence interval, confidence intervals
biomarker	biomarker, biomarkers
biomarkers	biomarker, biomarkers
biomedische	biomedical
bisoprolol	bisoprolol
biventriculaire kamerstimulatie	biventricular support
biventriculaire	biventricular
bloed	blood
bloeddruk	blood pressure, bp, arterial pressure
bloeddrukverlagende medicatie	antihypertensive medication
bloeddrukverlagende middelen	antihypertensive medication
bloeding	bleeding
bloedingen	bleeding
bnp	b natriuretic peptides, b-type natriuretic peptide, b-type np, bnp, brain natriuretic peptide
body mass index	bmi, body mass index
body-mass index	bmi, body mass index
boezemfibrilleren	af, atrial fibrillation
bolus	bolus
borstkanker	breast cancer
bradyaritmieën	bradyarrhythmias, bradycardia
bradycardie	bradyarrhythmias, bradycardia
bradycardieën	bradyarrhythmias, bradycardia
breed qrs-complex	wide qrs complex
breinnatriuretisch peptide	b natriuretic peptides, b-type natriuretic peptide, b-type np, bnp, brain natriuretic peptide
bundeltakblokpatroon	bundle branch morphology
bypassoperatie	bypass, cabg, cardiopulmonary bypass, coronary artery bypass, coronary artery bypass grafting, coronary artery bypass surgery
bèta-2-adrenoceptor	β2-receptor
bèta-2-adrenoceptoren	β2-receptor
bèta-adrenerge receptoren	beta-adrenergic receptor, β-adrenergic receptor, β-ar
bèta-adrenoceptorblokkade	beta blockade, β-adrenergic receptor blockade, β-adrenoceptor blockade, β-blockade
bèta-adrenoceptorblokker	bb, beta blockers, beta receptor blockers, beta-blocker, beta-blockers, β-blocker, β-blockers, β-adrenergic receptor blocker
bèta-blokkers	bb, beta blockers, beta receptor blockers, beta-blocker, beta-blockers, β-blocker, β-blockers, β-adrenergic receptor blocker
bètablokkeerder	bb, beta blockers, beta receptor blockers, beta-blocker, beta-blockers, β-blocker, β-blockers, β-adrenergic receptor blocker
bètablokkeerders	bb, beta blockers, beta receptor blockers, beta-blocker, beta-blockers, β-blocker, β-blockers, β-adrenergic receptor blocker
bètablokker	bb, beta blockers, beta receptor blockers, beta-blocker, beta-blockers, β-blocker, β-blockers, β-adrenergic receptor blocker
bètablokkers	bb, beta blockers, beta receptor blockers, beta-blocker, beta-blockers, β-blocker, β-blockers, β-adrenergic receptor blocker
bètareceptorantagonisten	bb, beta blockers, beta receptor blockers, beta-blocker, beta-blockers, β-blocker, β-blockers, β-adrenergic receptor blocker
bètareceptorblokkade	beta blockade, β-adrenergic receptor blockade, β-adrenoceptor blockade, β-blockade
c-statistic	auc, aucs, area under the curve, area under the receiver operating characteristic curve, c statistic, c statistics, c-statistics, c-index
c-statistiek	auc, aucs, area under the curve, area under the receiver operating characteristic curve, c statistic, c statistics, c-statistics, c-index
cabg	bypass, cabg, cardiopulmonary bypass, coronary artery bypass, coronary artery bypass grafting, coronary artery bypass surgery
cachexie	cachexia
canada	canada
candesartan in heart failure: assessment of reduction in mortality and morbidity	candesartan in heart failure assessment of reduction in mortality and morbidity
carcinoom	carcinoma
cardiaal	cardiac
cardiac index	cardiac index
cardiac output	cardiac output, co
cardiale functie	cardiac function, cardiac functions
cardiale insufficiëntie	cardiac failure, chf, congestive heart failure, congestive hf, heart failure, hf, cardiac dysfunction
cardiale myocyt	cardiomyocyte, cardiomyocytes
cardiale resynchronisatietherapie	cardiac resynchronization therapy, cardiac-resynchronization therapy, crt, resynchronization, resynchronization therapy
cardiale schade	cardiac injury
cardiale	cardiac
cardiale-resynchronisatietherapie	cardiac resynchronization therapy, cardiac-resynchronization therapy, crt, resynchronization, resynchronization therapy
cardiogene shock	cardiogenic shock
cardiogene	cardiogenic
cardiologen	cardiologists
cardiologie	cardiology
cardioloog	cardiologists
cardiomyocyt	cardiomyocyte, cardiomyocytes
cardiomyocyten	cardiomyocyte, cardiomyocytes
cardiomyopathie	cardiomyopathies, cardiomyopathy, cardiomyiopathy
cardiomyopathieën	cardiomyopathies, cardiomyopathy, cardiomyiopathy
cardiopulmonale resuscitatie	cardiopulmonary resuscitation, cpr
cardiopulmonale	cardiopulmonary
cardioselectieve bètablokker	selective beta-blockers, selective β-blocker
cardioselectieve bètablokkers	selective beta-blockers, selective β-blocker
cardiotoxiciteit	cardiotoxicity
cardiovasculair	cardiovascular, cv
cardiovasculaire aandoeningen	cardiovascular disease, cardiovascular diseases, cvd
cardiovasculaire morbiditeit	cardiovascular morbidity
cardiovasculaire mortaliteit	cardiovascular mortality, cardiovascular death
cardiovasculaire sterfte	cardiovascular mortality, cardiovascular death
cardiovasculaire ziekte	cardiovascular disease, cardiovascular diseases, cvd
cardiovasculaire ziekten	cardiovascular disease, cardiovascular diseases, cvd
cardiovasculaire	cardiovascular, cv
carvedilol	carvedilol
celdood	cell death
centraal veneuze druk	central venous pressure
centraalveneuze druk	central venous pressure
cerebrale	cerebral
cerebrovasculair accident	stroke, strokes
cerebrovasculaire	cerebrovascular
charm	charm
chemotherapeutische	chemotherapy
chemotherapie	chemotherapy
chf	chf, chronic heart failure, chronic hf
chirurgie	operation, operations, surgery
chirurgische	operative, surgical, surgically
cholesterol	cholesterol
chromatine	chromatin
chronisch harfalen	chf, chronic heart failure, chronic hf
chronisch hartfalen	chf, chronic heart failure, chronic hf
chronisch obstructief longlijden	chronic obstructive pulmonary disease, copd
chronisch obstructieve longziekte	chronic obstructive pulmonary disease, copd
chronisch systolisch hartfalen	chronic systolic heart failure
chronisch	chronic
chronische hartfalen	chf, chronic heart failure, chronic hf
chronische nierinsufficiëntie	chronic kidney disease, chronic renal failure, ckd
chronische nierschade	chronic kidney disease, chronic renal failure, ckd
chronische	chronic
chz	cad, coronary artery disease, coronary disease, coronary heart disease
circulatie	circulation
classificatie van de new york heart association	new york heart association classification, nyha classification
clinicus	clinician, clinicians
cns	chronic kidney disease, chronic renal failure, ckd
cochrane library	cochrane library
cochrane	cochrane
cohortonderzoek	cohort studies, cohort study
comorbiditeit	co-morbidities, co-morbidity, comorbidities, comorbidity
comorbiditeiten	co-morbidities, co-morbidity, comorbidities, comorbidity
compliance	compliance
compliantie	compliance
complicatie	complication, complications
complicaties	complication, complications
congenitale	congenital
congestief hartfalen	cardiac failure, chf, congestive heart failure, congestive hf, heart failure, hf, cardiac dysfunction
consultatie	consultation, consultations
contractiele	contractile
contractiliteit	contractility
copd	chronic obstructive pulmonary disease, copd
coronair	coronary
coronairangiografie	coronary angiography
coronaire bypass	bypass, cabg, cardiopulmonary bypass, coronary artery bypass, coronary artery bypass grafting, coronary artery bypass surgery
coronaire bypassoperatie	bypass, cabg, cardiopulmonary bypass, coronary artery bypass, coronary artery bypass grafting, coronary artery bypass surgery
coronaire hartziekte	cad, coronary artery disease, coronary disease, coronary heart disease
coronaire hartziekten	cad, coronary artery disease, coronary disease, coronary heart disease
coronaire revascularisatie	coronary revascularization
coronaire vaten	coronary artery, coronary arteries, coronary
coronaire	coronary
coronairvaten	coronary artery, coronary arteries, coronary
correlatie	correlation, correlations, cri
cox' regressieanalyse	cox model, cox models, cox proportional hazard analyses, cox proportional hazard models, cox proportional hazards analyses, cox proportional hazards models, cox proportional hazards regression modeling, cox regression, cox regression analysis, cox regression models, cox-proportional hazard models
creatinine	creatinine
cross-over onderzoek	crossover study
cross-overonderzoek	crossover study
crt	cardiac resynchronization therapy, cardiac-resynchronization therapy, crt, resynchronization, resynchronization therapy
crt-d	crt-d
cv aandoeningen	cardiovascular disease, cardiovascular diseases, cvd
cv events	stroke, strokes
cv	cardiovascular, cv
cva's	stroke, strokes
cva	stroke, strokes
cvz	cardiovascular disease, cardiovascular diseases, cvd
cytotoxisch	cytotoxic
cytotoxische	cytotoxic
decompensatie	decompensation
decompensatio cordis	cardiac failure, chf, congestive heart failure, congestive hf, heart failure, hf, cardiac dysfunction
defibrillator	defibrillator, defibrillators, cardiac defibrillator
derde harttoon	third heart sound
diabetes mellitus type 2	type 2 diabetes, t2d
diabetes mellitus	diabetes, diabetes mellitus
diabetes type-2	type 2 diabetes, t2d
diabetes	diabetes, diabetes mellitus
diabetespatiënten	diabetic
diabetische	diabetic
diagnose	diagnoses, diagnosis
diagnosen	diagnoses, diagnosis
diagnoses	diagnoses, diagnosis
diagnosticeren	diagnosed
diagnostisch	diagnostic
diagnostische	diagnostic
diastolisch hartfalen	diastolic dysfunction, diastolic failure, heart failure with preserved ejection fraction, heart failure with preserved left ventricular ejection fraction, hf with preserved ef, hf with preserved ejection fraction, hfpef, dd
diastolisch	diastolic
diastolische bloeddruk	diastolic blood pressure
diastolische disfunctie	diastolic dysfunction, diastolic failure, heart failure with preserved ejection fraction, heart failure with preserved left ventricular ejection fraction, hf with preserved ef, hf with preserved ejection fraction, hfpef, dd
diastolische druk	diastolic blood pressure
diastolische functie	diastolic function, left ventricular diastolic function, ventricular diastolic function
diastolische linkerventrikeldisfunctie	preserved lv ejection fraction, lv diastolic dysfunction
diastolische	diastolic
dilatatie	dilatation, dilation
dilatatoire cardiomyopathie	dilated cardiomyopathy, dcm
dilatatoire	dilated
dilaterende cardiomyopathie	dilated cardiomyopathy, dcm
dilaterende	dilated
disfunctie	dysfunction
diuretica	diuretic, diuretics
diureticum	diuretic, diuretics
diuretisch	diuretic
diuretische	diuretic
dm	diabetes, diabetes mellitus
dm2	type 2 diabetes, t2d
dna	dna
dna-fragmentatie	dna fragmentation
dobutamine	dobutamine
dokter	doctors, physician, physicians
dokters	doctors, physician, physicians
donoren	donors
dosisoptitratie	uptitration, uptitrations
downregulatie	downregulation
dpp-4 remmers	dpp-4 inhibitors
dpp-4	dipeptidyl peptidase-4, dpp-4
dpp-iv	dipeptidyl peptidase-4, dpp-4
dpp-iv-remmers	dpp-4 inhibitors
dpp4	dipeptidyl peptidase-4, dpp-4
druk-volumerelaties	pressure volume relation
dubbelblind	double-blind
dubbelblinde	double-blind
dysfunctie van de linker ventrikel	left ventricular dysfunction, lv dysfunction
dysfunctie	dysfunction
dyslipedemie	dyslipidemia
dyspneu	breathlessness, dyspnea
dyspnoe	breathlessness, dyspnea
dyspnée	breathlessness, dyspnea
ecg	ecg, ecgs, electrocardiogram
echo	echocardiograms, echocardiography
echocardiografie	echocardiograms, echocardiography
echocardiografisch	echocardiographic
echocardiografische	echocardiographic
echocardiogram	echocardiograms, echocardiography
eerste hulp	ed, eds, emergency department, emergency room
eerstehulpafdeling	ed, eds, emergency department, emergency room
einddiastolische linkerventrikelvolume	lv end-diastolic volume
einddiastolische	end-diastolic
eindpunt	end point, end points, end-point, endpoint, endpoints, outcome, outcomes
eindpunten	end point, end points, end-point, endpoint, endpoints, outcome, outcomes
eindstadium hartfalen	chronic end-stage heart failure, end stage heart failure, end-stage heart failure, end-stage hf
eindstadiumhartfalen	chronic end-stage heart failure, end stage heart failure, end-stage heart failure, end-stage hf
eindsystolische	end-systolic
eiwit	protein, proteins
ejectiefractie van het linker ventrikel	ef, ejection fraction, ejection fractions, left ventricular ejection fraction, left ventricular ejection fractions, lv ef, lv ejection fraction, lvef
ejectiefractie	ef, ejection fraction, ejection fractions, left ventricular ejection fraction, left ventricular ejection fractions, lv ef, lv ejection fraction, lvef
elektrocardiografie	ecg, ecgs, electrocardiogram
elektrocardiografisch	electrocardiographic
elektrolyten	electrolytes
embase	embase
endotheelfunctie	endothelial function
endotheline	endothelin
enkelvoudige nucleotidepolymorfisme	snp
enzym	enzyme, enzymes
epidemiologie	epidemiology
eplerenon	eplerenone
erfelijke	hereditary
ernstig hartfalen	severe heart failure, severe hf
esc	european society of cardiology, esc
etiologie	aetiologies, etiology, etiologies
etiologisch	etiologic
europa	europe
european society of cardiology	european society of cardiology, esc
europese sociëteit voor cardiologie	european society of cardiology, esc
euthanasie	euthanization
evidence-based	evidence-based
evidencebased	evidence-based
expressie	expression, expressions
farmaceutische	pharmaceutically
farmacotherapie	drug treatment
fibrose van het myocard	cardiac fibrosis, myocardial fibrosis
fibrose	fibrosis
fluorescent resonance energy transfer	fluorescence resonance energy transfer
follow-up	follow up, follow-up
follow-upduur	follow-up duration
follow-upperiode	follow-up duration
framingham heart study	framingham heart study
framingham	framingham
fret	fluorescence resonance energy transfer
functionele capaciteit	functional capacity
functionele klasse ii	new york heart association class ii, nyha functional class ii, nyha-ii
functionele klasse	functional class, new york heart association class, new york heart association classes, new york heart association functional class, nyha class, nyha functional class
furosemide	furosemide
fysiologische	physiologic, physiological
gedaalde ejectiefractie	reduced ef, reduced ejection fraction, reduced left ventricular ejection fraction, ref
gedecompenseerd chronisch hartfalen	chronic decompensated heart failure
gedecompenseerd hartfalen	decompensated heart failure, decompensated hf
gediagnosticeerd	diagnosed
gedilateerd	dilated
gedilateerde cardiomyopathie	dilated cardiomyopathy, dcm
geleidingsstoornis	arrhythmia, arrhythmias
geleidingsstoornissen	arrhythmia, arrhythmias
gen	gene, genes
geneeskunde	medicine
geneeskundig	medical, medically
geneeskundige	medical, medically
geneesmidddelen	medication, medications, drug, drugs, pharmaceuticals
geneesmiddel	medication, medications, drug, drugs, pharmaceuticals
geneesmiddelen	medication, medications, drug, drugs, pharmaceuticals
geneesmiddellen	medication, medications, drug, drugs, pharmaceuticals
geneesmiddelvoorschriften	prescription
genen	gene, genes
genetisch	genetic
genetische	genetic
genotype	genotype
gepreserveerde ejectiefractie	pef, preserved ef, preserved ejection fraction, preserved left ventricular ejection fraction, preserved left ventricular ejection fractions, preserved lv ejection fraction, preserved lvef
gerandomiseerd	randomised, randomized
gerandomiseerde	randomised, randomized
gezonde	healthy
gfr	estimated glomerular filtration rate, glomerular filtration rate, egfr
glomerulaire filtratierate	estimated glomerular filtration rate, glomerular filtration rate, egfr
glomerulaire filtratiesnelheid	estimated glomerular filtration rate, glomerular filtration rate, egfr
glomerulaire perfusiedruk	estimated glomerular filtration rate, glomerular filtration rate, egfr
glomerulusfiltratie	estimated glomerular filtration rate, glomerular filtration rate, egfr
glucose	glucose
glucoseverlagende middelen	antihyperglycemic agents, antihyperglycemic drugs
harfalen	cardiac failure, chf, congestive heart failure, congestive hf, heart failure, hf, cardiac dysfunction
hart	heart, hearts
hart- en vaatziekte	cardiovascular disease, cardiovascular diseases, cvd
hart- en vaatziekten	cardiovascular disease, cardiovascular diseases, cvd
hart- en vaatziektes	cardiovascular disease, cardiovascular diseases, cvd
hartaandoening	cardiac disease, cardiac injury, heart disease
hartaanval	acute myocardial infarction, myocardial infarction, mis, ami, mi
hartafwijking	cardiac disease, cardiac injury, heart disease
hartafwijkingen	cardiac disease, cardiac injury, heart disease
hartdood	cardiac arrest, cardiac death, cardiac deaths
harten	heart, hearts
hartfalen klasse 2	chf-nyha-ii
hartfalen klasse iii	chf-nyha-iii
hartfalen met een behouden ejectiefractie	diastolic dysfunction, diastolic failure, heart failure with preserved ejection fraction, heart failure with preserved left ventricular ejection fraction, hf with preserved ef, hf with preserved ejection fraction, hfpef, dd
hartfalen met gedaalde ejectiefractie	heart failure with reduced ejection fraction, hf with reduced ef, hf with reduced ejection fraction, hf-ref, hfref, systolic  heart failure, systolic dysfunction, systolic heart failure, systolic hf, ventricular systolic hf
hartfalen met gepreserveerde ejectiefractie	diastolic dysfunction, diastolic failure, heart failure with preserved ejection fraction, heart failure with preserved left ventricular ejection fraction, hf with preserved ef, hf with preserved ejection fraction, hfpef, dd
hartfalen met systolische linkerventrikeldisfunctie	left ventricular systolic dysfunction
hartfalen	cardiac failure, chf, congestive heart failure, congestive hf, heart failure, hf, cardiac dysfunction
hartfrequentie	heart rate, heart beat, hr
hartfunctie	cardiac function, cardiac functions
hartgeruis	cardiac murmurs
hartgeruisen	cardiac murmurs
hartinfact	acute myocardial infarction, myocardial infarction, mis, ami, mi
hartinfarct	acute myocardial infarction, myocardial infarction, mis, ami, mi
hartkamers	chamber
hartklepaandoening	valvular disease
hartklepaandoeningen	valvular disease
hartklepafwijkingen	valvular disease
hartklepgebreken	valvular disease
hartkleplijden	valvular disease
hartklepstenose	mitral stenosis, ms
hartminuutvolume	cardiac output, co
hartpomp	vad, vads, ventricular assist device, ventricular assist devices
hartpompen	vad, vads, ventricular assist device, ventricular assist devices
hartritmestoornis	arrhythmia, arrhythmias
hartritmestoornissen	arrhythmia, arrhythmias
hartschade	cardiac injury
hartslag	heart rate, heart beat, hr
hartsouffle	cardiac murmurs
hartspier	heart muscle, myocardium
hartstilstand	cardiac arrest, cardiac death, cardiac deaths
harttonen	heart sound
harttoon	heart sound
harttransplantatie	cardiac transplant, cardiac transplantation, cardiac transplants, heart transplant, heart transplantation, heart transplantations
hartvaataandoening	cardiovascular disease, cardiovascular diseases, cvd
hartziekte	cardiac disease, cardiac injury, heart disease
hartziekten	cardiac disease, cardiac injury, heart disease
hazardatio	hazard ratio, hazard ratios, hr
hazardratio	hazard ratio, hazard ratios, hr
hb	hemoglobin, hgb
hemodynamiek	blood flow, hemodynamic, hemodynamics, haemodynamic, blood-flow
hemodynamisch	hemodynamic, haemodynamic, hemodynamically, hemodynamics
hemodynamische	hemodynamic, haemodynamic, hemodynamically, hemodynamics
herhospitalisaties	readmission, readmissions, re-hospitalization, rehospitalization
heropname	readmission, readmissions, re-hospitalization, rehospitalization
heropnamen	readmission, readmissions, re-hospitalization, rehospitalization
heropnames	readmission, readmissions, re-hospitalization, rehospitalization
hersenbloeding	stroke, strokes
herseninfarct	stroke, strokes
herseninfarcten	stroke, strokes
hf	cardiac failure, chf, congestive heart failure, congestive hf, heart failure, hf, cardiac dysfunction
hf-pef	diastolic dysfunction, diastolic failure, heart failure with preserved ejection fraction, heart failure with preserved left ventricular ejection fraction, hf with preserved ef, hf with preserved ejection fraction, hfpef, dd
hfbef	diastolic dysfunction, diastolic failure, heart failure with preserved ejection fraction, heart failure with preserved left ventricular ejection fraction, hf with preserved ef, hf with preserved ejection fraction, hfpef, dd
histologisch	histological, histologically
hoge bloeddruk	hypertension
hospitalisatie	admission, admissions, hospitalisation, hospitalisations, hospitalization, hospitalizations
hospitalisaties	admission, admissions, hospitalisation, hospitalisations, hospitalization, hospitalizations
hr	hazard ratio, hazard ratios, hr
hyperkaliëmie	hyperkalemia
hyperlipidemie	hyperlipidaemia
hypertensie	hypertension
hypertensief	hypertensive
hypoalbuminemie	hypoalbuminemia
hypokaliëmie	hypokalemia
hyponatriëmie	hyponatremia
hypotensie	hypotension
hypoxie	hypoxia
icd	icd, icds, implantable cardiac defibrillator, implantable cardioverter defibrillator, implantable cardioverter defibrillators, implantable cardioverter-defibrillator, implantable cardioverter-defibrillators, implantable defibrillators, cardioverter-defibrillator device, implantable cardiac arrhythmia devices
icd-shocks	icd shocks
idiopathische dilaterende cardiomyopathie	idiopathic dilated cardiomyopathy, idiopathic-dilated cardiomyopathy
idiopathische	idiopathic
immuunhistochemisch	immunohistochemistry
implantatie	implant, implantation, implantations, implants
implanteerbare automatische defibrillator	icd, icds, implantable cardiac defibrillator, implantable cardioverter defibrillator, implantable cardioverter defibrillators, implantable cardioverter-defibrillator, implantable cardioverter-defibrillators, implantable defibrillators, cardioverter-defibrillator device, implantable cardiac arrhythmia devices
implanteerbare cardioverter-defibrillator	icd, icds, implantable cardiac defibrillator, implantable cardioverter defibrillator, implantable cardioverter defibrillators, implantable cardioverter-defibrillator, implantable cardioverter-defibrillators, implantable defibrillators, cardioverter-defibrillator device, implantable cardiac arrhythmia devices
implanteerbare cardioverterende defibrillator	icd, icds, implantable cardiac defibrillator, implantable cardioverter defibrillator, implantable cardioverter defibrillators, implantable cardioverter-defibrillator, implantable cardioverter-defibrillators, implantable defibrillators, cardioverter-defibrillator device, implantable cardiac arrhythmia devices
implanteerbare defibrillator	icd, icds, implantable cardiac defibrillator, implantable cardioverter defibrillator, implantable cardioverter defibrillators, implantable cardioverter-defibrillator, implantable cardioverter-defibrillators, implantable defibrillators, cardioverter-defibrillator device, implantable cardiac arrhythmia devices
implanteerbare	implantable
in-vitro	in vitro
incidentie	incidence
infarct	infarct, infarction
infectie	infection
infecties	infection
infusie	infusion, infusions
inotroop	inotropic
inotrope	inotropic
inotropica	inotropes
inspanningstolerantie	exercise tolerance, exercise capacity
inspanningsvermogen	exercise tolerance, exercise capacity
insuline	insulin
intensieve zorgen	icu, intensive care unit
intensive-careafdeling	icu, intensive care unit
intention to treat	intention-to-treat
internist	internists
internisten	internists
intracardiale defibrillator	icd, icds, implantable cardiac defibrillator, implantable cardioverter defibrillator, implantable cardioverter defibrillators, implantable cardioverter-defibrillator, implantable cardioverter-defibrillators, implantable defibrillators, cardioverter-defibrillator device, implantable cardiac arrhythmia devices
intraveneus	intravenous, intravenously
intraveneuze bolus	intravenous bolus
intraveneuze	intravenous, intravenously
invasief	invasive, invasively
invasieve	invasive, invasively
ischaemische beroerte	ischemic cerebrovascular events
ischaemische	ischemic
ischemie	ischaemia, ischemia
ischemisch hartfalen	cad, coronary artery disease, coronary disease, coronary heart disease
ischemisch	ischemic
ischemische beroerte	ischemic cerebrovascular events
ischemische cardiomyopathie	ischemic cardiomyopathy, ic
ischemische hartziekte	cad, coronary artery disease, coronary disease, coronary heart disease
ischemische hartziekten	cad, coronary artery disease, coronary disease, coronary heart disease
ischemische	ischemic
k	potassium
kalium	potassium
kamer	ventricle, ventricles
kamerfunctie	ventricular function
kamers	ventricle, ventricles
kaplan-meier-methode	kaplan-meier analyses
klepafwijking	valvular disease
klepafwijkingen	valvular disease
klepdisfunctie	valvular disease
klepgebreken	valvular disease
kleplijden	valvular disease
kliniek	hospital, hospitals, clinic
klinieken	hospital, hospitals, clinic
klinisch	clinical, clinically
klinische	clinical, clinically
kortademigheid	breathlessness, dyspnea
kwaliteit van leven	qol, quality of life, quality-of-life
lage bloeddruk	hypotension
left ventricular assist device	left ventricular assist device, left ventricular assist devices, left ventricular assist system, lv assist device, lvad, lvads, lvas
leukocyten	leukocytes
levenskwaliteit	qol, quality of life, quality-of-life
levensverwachting	life expectancy
lever	liver
leverziekten	liver disease
lichamelijk onderzoek	physical examination
linker atrium	left atrium
linker kamer	left ventricle, lv
linker ventrikel ondersteunende apparaten	left ventricular assist device, left ventricular assist devices, left ventricular assist system, lv assist device, lvad, lvads, lvas
linker ventrikel	left ventricle, lv
linker ventrikelfunctie	left ventricular function, lv function
linker-ventrikel-ejectiefractie	ef, ejection fraction, ejection fractions, left ventricular ejection fraction, left ventricular ejection fractions, lv ef, lv ejection fraction, lvef
linkerbundeltakblok	left bundle branch block, left bundle-branch block, lbbb
linkerbundeltakblokconfiguratie	left bundle branch block pattern
linkerkamerdisfunctie	left ventricular dysfunction, lv dysfunction
linkerventrikel	left ventricle, lv, left ventricular
linkerventrikel-ejectiefractie	ef, ejection fraction, ejection fractions, left ventricular ejection fraction, left ventricular ejection fractions, lv ef, lv ejection fraction, lvef
linkerventrikeldisfunctie	left ventricular dysfunction, lv dysfunction
linkerventrikeldysfunctie	left ventricular dysfunction, lv dysfunction
linkerventrikelejectiefractie	ef, ejection fraction, ejection fractions, left ventricular ejection fraction, left ventricular ejection fractions, lv ef, lv ejection fraction, lvef
linkerventrikelfunctie	left ventricular function, lv function
linkerventrikelhypertrofie	lv hypertrophy, left ventricular hypertrophy, lvh
linkerventrikelondersteuningspomp	left ventricular assist device, left ventricular assist devices, left ventricular assist system, lv assist device, lvad, lvads, lvas
lisdiuretica	loop diuretics
lisdiureticum	loop diuretics
lisdiureticuma	loop diuretics
long	lung
longembolie	pulmonary embolism
longen	lung
longvaatbed	pulmonary arterial vasculature
lv	left ventricle, lv, left ventricular
lv-diameter	lv internal diameter
lv-diameters	lv internal diameter
lv-ejectiefractie	ef, ejection fraction, ejection fractions, left ventricular ejection fraction, left ventricular ejection fractions, lv ef, lv ejection fraction, lvef
lvad	left ventricular assist device, left ventricular assist devices, left ventricular assist system, lv assist device, lvad, lvads, lvas
lvedd	left ventricular diastolic end diameter, lv end-diastolic dimension
lvef	ef, ejection fraction, ejection fractions, left ventricular ejection fraction, left ventricular ejection fractions, lv ef, lv ejection fraction, lvef
lvsd	left ventricular systolic dysfunction
mammacarcinoom	breast cancer
maximale zuurstofopnamevermogen	maximum oxygen consumption, peak o2, peak oxygen consumption, peak oxygen uptake, peak respiratory quotient, peak vo2, vo2 max, vo2max
mechanische linker ventrikel ondersteunende apparaten	left ventricular assist device, left ventricular assist devices, left ventricular assist system, lv assist device, lvad, lvads, lvas
medicament	medication, medications, drug, drugs, pharmaceuticals
medicamenten	medication, medications, drug, drugs, pharmaceuticals
medicamenteuze behandeling	drug treatment
medicamenteuze therapie	drug treatment
medicatie	medication, medications, drug, drugs, pharmaceuticals
medicijn	medication, medications, drug, drugs, pharmaceuticals
medicijnen	medication, medications, drug, drugs, pharmaceuticals
medicus	doctors, physician, physicians
medisch	medical, medically
medische	medical, medically
meta-analyse	meta-analyses, meta-analysis
meta-analyses	meta-analyses, meta-analysis
metoprolol sr	metoprolol succinate
metoprolol	metoprolol, metoprolol succinate
metoprololsuccinaat	metoprolol succinate
mi	acute myocardial infarction, myocardial infarction, mis, ami, mi
mild hartfalen	mild heart failure, mild hf
mitralis	mitral
mitralis-aortaklepinsufficiëntie	mr, mitral regurgitation
mitralisklep	mitral valve
mitralisklepafwijking	mr, mitral regurgitation
mitralisklepinsufficiëntie	mr, mitral regurgitation
mitralisklepplastiek	mitral valve plasty, valve plasty
morbiditeit	morbidities, morbidity
mortaliteit	death, deaths, mortality
mri	mri
multi-organ failure	multiorgan failure
multivariabele logistische regressie	multivariable logistic analysis, multivariate logistic regression analysis
multivariabele regressieanalyse	multivariable regression, multivariate regression
multivariate analyse	multivariate analysis, multivariate analyses, multivariable analysis
multivariate regressieanalyse	multivariable regression, multivariate regression
myocard	heart muscle, myocardium
myocardfibrose	cardiac fibrosis, myocardial fibrosis
myocardiale zuurstofverbruik	myocardial oxygen consumption
myocardiale	myocardial
myocardinfarct met st-segmentelevatie	st-segment-elevation mis
myocardinfarct	acute myocardial infarction, myocardial infarction, mis, ami, mi
myocardinfarcten	acute myocardial infarction, myocardial infarction, mis, ami, mi
myocardischemie	myocardial ischaemia, myocardial ischemia
myocyt	myoctyes, myocyte, myocytes
myocyten	myoctyes, myocyte, myocytes
n-terminaal pro-bnp	amino-terminal pro-b-type natriuretic peptide, n-terminal pro-b-type natriuretic peptide, n-terminal pro-b-type natriuretic peptides, n-terminal pro-b-type np, n-terminal pro-brain-type natriuretic peptide, n-terminal probnp, nt-pro bnp, nt-probnp, n-terminal pro-brain natriuretic peptide
n-terminaal pro-breinnatriuretisch peptide	amino-terminal pro-b-type natriuretic peptide, n-terminal pro-b-type natriuretic peptide, n-terminal pro-b-type natriuretic peptides, n-terminal pro-b-type np, n-terminal pro-brain-type natriuretic peptide, n-terminal probnp, nt-pro bnp, nt-probnp, n-terminal pro-brain natriuretic peptide
n-terminaal probnp	amino-terminal pro-b-type natriuretic peptide, n-terminal pro-b-type natriuretic peptide, n-terminal pro-b-type natriuretic peptides, n-terminal pro-b-type np, n-terminal pro-brain-type natriuretic peptide, n-terminal probnp, nt-pro bnp, nt-probnp, n-terminal pro-brain natriuretic peptide
n-terminal-probnp	amino-terminal pro-b-type natriuretic peptide, n-terminal pro-b-type natriuretic peptide, n-terminal pro-b-type natriuretic peptides, n-terminal pro-b-type np, n-terminal pro-brain-type natriuretic peptide, n-terminal probnp, nt-pro bnp, nt-probnp, n-terminal pro-brain natriuretic peptide
na	sodium
nabelasting	afterload
natrium	sodium
natriuretisch peptide	natriuretic peptide, natriuretic peptides, np, nps
natriuretisch	natriuretic
natriuretische peptiden	natriuretic peptide, natriuretic peptides, np, nps
natriuretische	natriuretic
neprilysine remmer	neprilysin inhibitor, neprilysin inhibitors
neprilysine	neprilysin
nesiritide	nesiritide
neurohormonale systemen	neuro-hormonal system, neurohormonal systems
neurohormonale	neuro-hormonal, neurohormonal, neurohormonally
neurohormonen	neurohormone, neurohormones
neurohumorale	neurohumoral
nier	kidney
nierarteriestenose	ras, renal artery stenosis
nieren	kidney
nierfalen	kidney disease, nephropathy, renal disease, renal dysfunction, renal impairment, kidney failure
nierfunctie	renal function
nierfuncties	renal function
nierfunctiestoornis	kidney disease, nephropathy, renal disease, renal dysfunction, renal impairment, kidney failure
nierfunctiestoornissen	kidney disease, nephropathy, renal disease, renal dysfunction, renal impairment, kidney failure
nierfunctieverlies	kidney disease, nephropathy, renal disease, renal dysfunction, renal impairment, kidney failure
nierfunctievermindering	kidney disease, nephropathy, renal disease, renal dysfunction, renal impairment, kidney failure
nierfunctieverslechtering	kidney disease, nephropathy, renal disease, renal dysfunction, renal impairment, kidney failure
nierinsufficientie	kidney disease, nephropathy, renal disease, renal dysfunction, renal impairment, kidney failure
nierinsufficiëntie	kidney disease, nephropathy, renal disease, renal dysfunction, renal impairment, kidney failure
nierperfusiestoornis	renal underperfusion
nierschade	kidney disease, nephropathy, renal disease, renal dysfunction, renal impairment, kidney failure
niet-ischemische cardiomyopathie	nonischemic cardiomyopathies
no	nitric oxide, no
non-invasief	non-invasively, noninvasive
nt-pro-bnp	amino-terminal pro-b-type natriuretic peptide, n-terminal pro-b-type natriuretic peptide, n-terminal pro-b-type natriuretic peptides, n-terminal pro-b-type np, n-terminal pro-brain-type natriuretic peptide, n-terminal probnp, nt-pro bnp, nt-probnp, n-terminal pro-brain natriuretic peptide
nt-probnp	amino-terminal pro-b-type natriuretic peptide, n-terminal pro-b-type natriuretic peptide, n-terminal pro-b-type natriuretic peptides, n-terminal pro-b-type np, n-terminal pro-brain-type natriuretic peptide, n-terminal probnp, nt-pro bnp, nt-probnp, n-terminal pro-brain natriuretic peptide
ntprobnp	amino-terminal pro-b-type natriuretic peptide, n-terminal pro-b-type natriuretic peptide, n-terminal pro-b-type natriuretic peptides, n-terminal pro-b-type np, n-terminal pro-brain-type natriuretic peptide, n-terminal probnp, nt-pro bnp, nt-probnp, n-terminal pro-brain natriuretic peptide
nurse practitioner	nurse practitioner
nyha klasse 2	new york heart association class ii, nyha functional class ii, nyha-ii
nyha klasse ii	new york heart association class ii, nyha functional class ii, nyha-ii
nyha	nyha
nyha-klasse 3	new york heart association class iii, nyha class iii, nyha functional class iii, nyha-iii
nyha-klasse ii	new york heart association class ii, nyha functional class ii, nyha-ii
nyha-klasse iii	new york heart association class iii, nyha class iii, nyha functional class iii, nyha-iii
nyha-klasse iv	nyha functional class iv
obesitas	obesity
oedeem	fluid retention, edema, oedema
oedemen	fluid retention, edema, oedema
ondersteuningspompen	vad, vads, ventricular assist device, ventricular assist devices
ontsteking	inflammation
ontstekingsremmende	anti-inflammatory
ontstekingsremmers	anti-inflammatory
operatie	operation, operations, surgery
operaties	operation, operations, surgery
operatieve	operative, surgical, surgically
opname	admission, admissions, hospitalisation, hospitalisations, hospitalization, hospitalizations
opnamen	admission, admissions, hospitalisation, hospitalisations, hospitalization, hospitalizations
oppervlakte onder de roc-curve	auc, aucs, area under the curve, area under the receiver operating characteristic curve, c statistic, c statistics, c-statistics, c-index
or	odds ratio, odds ratios, or
oraal	oral, orally
orale	oral, orally
orgaan	organ
organen	organ
orthosympathisch zenuwstelsel	sympathetic nervous systems
osteoporose	osteoporosis
p	p, p value, p values, p-value
pacemaker	pacemaker, pacemakers
pacemakers	pacemaker, pacemakers
palliatie	palliation
palliatief	palliative
palliatieve zorg	palliative care
palliatieve	palliative
paradigm-hf	paradigm-hf
parasympathische	parasympathetic
parasympatische activiteit	parasympathetic activity
pathofysiologie	pathophysiology
pathofysiologisch	pathophysiologic, pathophysiological, pathophysiologically
pathofysiologische	pathophysiologic, pathophysiological, pathophysiologically
pathologie	pathology
pathologieën	pathology
pathologisch	pathological
pathologische	pathological
patienten	patient, patients
patiënt	patient, patients
patiënte	patient, patients
patiënten	patient, patients
pco2	paco2
peptide	peptide, peptides
peptiden	peptide, peptides
percutane coronaire interventie	percutaneous coronary intervention
percutane	percutaneous
perfusie	perfusion
perifeer arterieel vaatlijden	peripheral arterial disease, peripheral artery disease, peripheral vascular disease, pad
perifeer oedeem	peripheral edema, peripheral oedema
perifeer vaatlijden	peripheral arterial disease, peripheral artery disease, peripheral vascular disease, pad
perifere oedemen	peripheral edema, peripheral oedema
perioperatief	perioperative
perioperatieve	perioperative
pioglitazon	pioglitazone
plaatjesaggregatieremmer	antiplatelet agents, antiplatelet drugs, antiplatelet medication
plaatjesremmers	antiplatelet agents, antiplatelet drugs, antiplatelet medication
placebo	placebo
plasma	plasma
pneumonie	pna, pneumonia
polsfrequentie	pulse
polsgolf	pulse-wave
polsslag	pulse
polymorfisme	polymorphism, polymorphisms
polymorfismen	polymorphism, polymorphisms
postoperatief	postoperative, postoperatively
prevalentie	prevalence
primaire eindpunt	primary end point, primary endpoint, primary outcome, primary outcomes
primaire eindpunten	primary end point, primary endpoint, primary outcome, primary outcomes
primaire uitkomsten	primary end point, primary endpoint, primary outcome, primary outcomes
pro-bnp	pro bnp, pro-b-type natriuretic peptide, pro-b-type natriuretic peptides, pro-b-type np, pro-brain natriuretic peptide, pro-brain-type natriuretic peptide, probnp
pro-breinnatriuretisch peptide	pro bnp, pro-b-type natriuretic peptide, pro-b-type natriuretic peptides, pro-b-type np, pro-brain natriuretic peptide, pro-brain-type natriuretic peptide, probnp
probnp	pro bnp, pro-b-type natriuretic peptide, pro-b-type natriuretic peptides, pro-b-type np, pro-brain natriuretic peptide, pro-brain-type natriuretic peptide, probnp
prognose	prognosis
prognostisch	prognostic, prognostically
prognostische	prognostic, prognostically
prospectief	prospective, prospectively
prospectieve onderzoeken	prospective studies, prospective study
prospectieve	prospective, prospectively
pulmonaal	pulmonary
pulmonale	pulmonary
qrs	qrs, qrs complex
qrs-complex	qrs, qrs complex
qrs-duur	qrs duration
qs-complexen	qrs, qrs complex
r	r
raas	renin-angiotensin-aldosterone system, raas, ras, renin-angiotensin system, renin-angiotensin-aldosteron, renin- angiotensin-aldosterone pathway
raas-systeem	renin-angiotensin-aldosterone system, raas, ras, renin-angiotensin system, renin-angiotensin-aldosteron, renin- angiotensin-aldosterone pathway
rales	rales
ramus circumflexus	circumflex artery, lcx
ramus descendens anterior	lad, left anterior descending artery
randomisatie	randomization
randomiseerden	randomize, randomised-controlled trials, rcts
rct's	rcts, randomised-controlled trials
rct	rcts, randomised-controlled trials
receptor	receptor, receptors
receptoren	receptor, receptors
rechter atrium	right atrium
rechter ventrikel	right ventricle, rv
rechter vullingsdrukken	right heart filling pressures
rechteratriumdruk	right atrial pressure
rechterventrikel	right ventricle, rv, right ventricular
rechterventrikelfalen	right ventricular dysfunction, rv dysfunction, rv failure
rechtszijdig hartfalen	right heart failure
regressiemodel	regression models
rehospitalisatie	readmission, readmissions, re-hospitalization, rehospitalization
relatief risico	relative risk, rr
remodellering	remodeling, remodelling
renaal falen	kidney disease, nephropathy, renal disease, renal dysfunction, renal impairment, kidney failure
renaal	renal
renale	renal
renine remmers	renin inhibitors
renine	renin
renine-angiotensine-aldosteron systeem	renin-angiotensin-aldosterone system, raas, ras, renin-angiotensin system, renin-angiotensin-aldosteron, renin- angiotensin-aldosterone pathway
renine-angiotensine-aldosteron-systeem	renin-angiotensin-aldosterone system, raas, ras, renin-angiotensin system, renin-angiotensin-aldosteron, renin- angiotensin-aldosterone pathway
renine-angiotensine-aldosteronsysteem	renin-angiotensin-aldosterone system, raas, ras, renin-angiotensin system, renin-angiotensin-aldosteron, renin- angiotensin-aldosterone pathway
renine-angiotensine-antagonisten	ras blockers, renin-angiotensin system blocker, ras-blocker, renin-angiotensin-aldosterone system inhibitors
reperfusie	reperfusion
resuscitatie	resuscitation
resynchronisatietherapie	cardiac resynchronization therapy, cardiac-resynchronization therapy, crt, resynchronization, resynchronization therapy
retentie van water	fluid retention, edema, oedema
reumatoïde artritis	rheumatoid arthritis, ra
reumatoïde	rheumatic, rheumatoid
revascularisatie	revascularization
ritmestoornis	arrhythmia, arrhythmias
ritmestoornissen	arrhythmia, arrhythmias
rr	relative risk, rr
röntgenfoto	x-ray
samengesteld eindpunt	combined end point, composite end point, composite end-point
samengestelde eindpunt	combined end point, composite end point, composite end-point
seh	ed, eds, emergency department, emergency room
sensitiviteit	sensitivity
serumkalium	serum potassium
shuttle wandel test	shuttle walk test
siginficant	significant, significantly
significant	significant, significantly
significante	significant, significantly
single nucleotide polymorphism	snp
sinusritme	sinus rhythm
slagvolume	stroke volume, sv
snp	snp
sodium	sodium
souffles	cardiac murmurs
specificiteit	specificity
speckle-echo	speckle tracking echocardiography, ste
speckle-tracking echocardiografie	speckle tracking echocardiography, ste
spier	muscle, muscles
spiercellen	myoctyes, myocyte, myocytes
spieren	muscle, muscles
spironolacton	spironolactone
spironolactone	spironolactone
spoedeisende hulp	ed, eds, emergency department, emergency room
spoedeisendehulpafdeling	ed, eds, emergency department, emergency room
stabiel hartfalen	stable heart failure, stable hf
stabiel	stable
stabiele	stable
sterfte	death, deaths, mortality
steunhart	vad, vads, ventricular assist device, ventricular assist devices
swt	shuttle walk test
sympathicus	sympathetic nervous systems
sympathicus-tonus	sympathetic tone
sympathicusactiviteit	sympathetic activity
symptomatisch systolisch hartfalen	symptomatic systolic heart failure
symptomatisch	symptomatic
symptomatische	symptomatic
symptomen	symptom, symptoms
symptoom	symptom, symptoms
syndromen	syndrome, syndromes
syndroom	syndrome, syndromes
systemisch	systemic
systemische bloeddruk	systemic blood pressure
systemische	systemic
systole	systole, s'
systolisch hartfalen	heart failure with reduced ejection fraction, hf with reduced ef, hf with reduced ejection fraction, hf-ref, hfref, systolic  heart failure, systolic dysfunction, systolic heart failure, systolic hf, ventricular systolic hf
systolisch	systolic
systolische bloeddruk	systolic pressure, systolic blood pressure
systolische disfunctie van het linker ventrikel	left ventricular systolic dysfunction
systolische disfunctie	heart failure with reduced ejection fraction, hf with reduced ef, hf with reduced ejection fraction, hf-ref, hfref, systolic  heart failure, systolic dysfunction, systolic heart failure, systolic hf, ventricular systolic hf
systolische functie	systolic function, systolic ventricular function
systolische functiestoornis	heart failure with reduced ejection fraction, hf with reduced ef, hf with reduced ejection fraction, hf-ref, hfref, systolic  heart failure, systolic dysfunction, systolic heart failure, systolic hf, ventricular systolic hf
systolische linkerventrikeldisfunctie	left ventricular systolic dysfunction
systolische linkerventrikelfunctie	systolic function, systolic ventricular function
systolische ventriculaire dysfunctie	heart failure with reduced ejection fraction, hf with reduced ef, hf with reduced ejection fraction, hf-ref, hfref, systolic  heart failure, systolic dysfunction, systolic heart failure, systolic hf, ventricular systolic hf
systolische	systolic
t2dm	type 2 diabetes, t2d
tachyaritmieën	tachyarrhythmias, tachycardia
tachycard	tachycardic
tachycardie	tachyarrhythmias, tachycardia
tachycardieën	tachyarrhythmias, tachycardia
telemonitoring	telemonitoring, tm, remote monitoring, rm
terminaal hartfalen	terminal heart failure
terminaal	terminal
terminale zorg	palliative care
terminale	terminal
the lancet	the lancet
therapeuticum	therapeutic, therapeutics
therapeutisch	therapeutic, therapeutics
therapeutische	therapeutic, therapeutics
therapie	therapies, therapy
therapietrouw	compliance
therapieën	therapies, therapy
thorax	chest
titreer	titrated
titrerend	titrated
transplantatie	transplant, transplantation, transplantations, transplants
trastuzumab	trastuzumab
tricuspidalisklep	tricuspid valve
tricuspidalisklepvlak	tricuspid annular plane
trombo-embolie	thromboembolism
trombo-embolische	thromboembolic
trombose	thrombosis
troponine t	troponin t
troponine	troponin
tumor	tumor, tumors
tumoren	tumor, tumors
tunel	tunel
type 2 diabetes mellitus	type 2 diabetes, t2d
type 2 diabetes	type 2 diabetes, t2d
usa	us, united states
v. cava inferior	inferior vena cava, ivc
vaatlijden	vascular disease, vascular diseases
vaatverwijdende	vasodilatory
vaatverwijders	vasodilator, vasodilators
vaatziekte	vascular disease, vascular diseases
vaatziekten	vascular disease, vascular diseases
vaatziektes	vascular disease, vascular diseases
vad	vad, vads, ventricular assist device, ventricular assist devices
vagotoon	vagal tone
valsartan	valsartan
vasculaire aandoening	vascular disease, vascular diseases
vasculaire	vascular
vasodilatatie	venoarterial dilation
vasodilaterende	vasodilatory
vasopeptidase-remmer	vasopeptidase inhibitors
veneuze	venous
ventriculaire remodelerende chirurgie	cardiac remodeling, cardiac remodelling
ventriculaire	ventricular, ventricularly
ventricular assist devices	vad, vads, ventricular assist device, ventricular assist devices
ventrikel	ventricle, ventricles
ventrikeldisfunctie	ventricular dysfunction
ventrikelfibrillatie	ventricular fibrillation
ventrikelfibrilleren	ventricular fibrillation
ventrikelfunctie	ventricular function
ventrikelseptum	septum, interventricular septum
verenigde staten	us, united states
verlaagde ejectiefractie	reduced ef, reduced ejection fraction, reduced left ventricular ejection fraction, ref
verminderde ejectiefractie	reduced ef, reduced ejection fraction, reduced left ventricular ejection fraction, ref
verpleegkundige	nurse, nurses
verpleegkundigen	nurse, nurses
verplegen	nurse, nursing, nurses
vetweefsel	adipose tissue
vo2	vo2
vo2-piek	maximum oxygen consumption, peak o2, peak oxygen consumption, peak oxygen uptake, peak respiratory quotient, peak vo2, vo2 max, vo2max
vochtretentie	fluid retention, edema, oedema
volumebelasting	cardiac volume overload, volume overload, vo
voorgeschiedenis	medical history
voorkamerfibrillatie	af, atrial fibrillation
voorschrift	prescription
vs	us, united states
vullingsdruk	filling pressure, filling pressures, cardiac filling pressures
vullingsdrukken	filling pressure, filling pressures, cardiac filling pressures
waterretentie	fluid retention, edema, oedema
waterzucht	fluid retention, edema, oedema
ziekenhuis	hospital, hospitals, clinic
ziekenhuisopname	admission, admissions, hospitalisation, hospitalisations, hospitalization, hospitalizations
ziekenhuisopnamen	admission, admissions, hospitalisation, hospitalisations, hospitalization, hospitalizations
ziekenhuisopnames	admission, admissions, hospitalisation, hospitalisations, hospitalization, hospitalizations
ziekenhuizen	hospital, hospitals, clinic
ziekte	condition, conditions, disease, diseases
ziektebeeld	syndrome, syndromes
ziektebeelden	syndrome, syndromes
ziektegeschiedenis	medical history
ziekten	condition, conditions, disease, diseases
zweden	sweden
ß-blokkade	beta blockade, β-adrenergic receptor blockade, β-adrenoceptor blockade, β-blockade
ß-blokker	bb, beta blockers, beta receptor blockers, beta-blocker, beta-blockers, β-blocker, β-blockers, β-adrenergic receptor blocker
ß-blokkers	bb, beta blockers, beta receptor blockers, beta-blocker, beta-blockers, β-blocker, β-blockers, β-adrenergic receptor blocker
ß-receptor	beta-adrenergic receptor, β-adrenergic receptor, β-ar
ß1-adrenerge receptor	beta1-adrenergic receptor, β1-adrenergic receptor, β1ar, β1ars
ß1-adrenerge receptoren	beta1-adrenergic receptor, β1-adrenergic receptor, β1ar, β1ars
ß1-receptor	beta1-adrenergic receptor, β1-adrenergic receptor, β1ar, β1ars
ß2-receptoren	β2-receptor
β-blokker	bb, beta blockers, beta receptor blockers, beta-blocker, beta-blockers, β-blocker, β-blockers, β-adrenergic receptor blocker
β-blokkers	bb, beta blockers, beta receptor blockers, beta-blocker, beta-blockers, β-blocker, β-blockers, β-adrenergic receptor blocker
β-receptorblokkerende sympathicolytica	bb, beta blockers, beta receptor blockers, beta-blocker, beta-blockers, β-blocker, β-blockers, β-adrenergic receptor blocker
